<?xml version="1.0" encoding="UTF-8"?>
<window type="dialog" id="1260">
    <defaultcontrol always="true">11</defaultcontrol>
    <controls>
        <include>GlobalOverlay</include>
        <include>Animation.Common</include>                  
        <control type="group">
            <include>Animation.FadeIn</include>
            <include>Animation.FadeOut</include>
            <include>DefDialogBackground</include>                           
            <control type="group">
                <left>24</left>
                <top>26</top>
                <control type="label">
                    <description>Header Label</description>
                    <left>70</left>
                    <width>1000</width>
                    <posy>0</posy>
                    <include>FontTop</include>
                    <textcolor>Dark2</textcolor>
                    <label>5</label>
                </control>
                <include>Kodi_Logo</include>
    
                <!-- Lines -->
                <control type="image">
                    <top>70</top>
                    <left>17</left>
                    <right>40</right>
                    <height>1</height>
                    <bottom>10</bottom>
                    <colordiffuse>Black12</colordiffuse>
                    <texture>common/white.png</texture>
                </control>
            </control>        
            <include content="Def_Gradient_Settings_Image">
                <param name="controlid" value="11"/>
                <param name="left" value="8"/>
                <param name="top" value="120"/>
                <param name="width" value="697"/>
                <param name="height" value="66"/>
                <param name="slide" value="66"/>
            </include>        
            <control type="grouplist" id="11">
                <height>660</height>
                <width>705</width>
                <top>120</top>
                <onright>5</onright>
                <usecontrolcoords>true</usecontrolcoords>
                <itemgap>0</itemgap>
                <scrolltime>0</scrolltime>
                <control type="button" id="100">
                    <height>66</height>
                    <include>DefSettingsButtonLabelContextName</include>
                    <label>35103</label>
                    <enable>false</enable>
                </control>
                
                <!-- Movie Section -->
                <control type="radiobutton" id="102">
                    <include>DefContextButtonGradientSelect</include>
                    <label>20410</label>
                    <selected>!Skin.HasSetting(hidebutton.video.trailer)</selected>
                    <onclick>Skin.ToggleSetting(hidebutton.video.trailer)</onclick>
                    <visible>Window.IsVisible(DialogVideoInfo.xml)</visible>
                </control>
                <control type="radiobutton" id="109">
                    <include>DefContextButtonGradientSelect</include>
                    <label>31170</label>
                    <selected>Skin.HasSetting(hidebutton.video.cinema)</selected>
                    <onclick>Skin.ToggleSetting(hidebutton.video.cinema)</onclick>
                    <visible>Window.IsVisible(DialogVideoInfo.xml)</visible>
                </control>
                <control type="radiobutton" id="103">
                    <include>DefContextButtonGradientSelect</include>
                    <label>38018</label>
                    <selected>!Skin.HasSetting(hidebutton.video.rating)</selected>
                    <onclick>Skin.ToggleSetting(hidebutton.video.rating)</onclick>
                    <visible>Window.IsVisible(DialogVideoInfo.xml)</visible>
                </control>
                <control type="radiobutton" id="104">
                    <include>DefContextButtonGradientSelect</include>
                    <label>31282</label>
                    <selected>!Skin.HasSetting(hidebutton.video.specialfeatures)</selected>
                    <onclick>Skin.ToggleSetting(hidebutton.video.specialfeatures)</onclick>
                    <visible>System.AddonIsEnabled(plugin.video.specialfeatures)</visible>
                    <visible>Window.IsVisible(DialogVideoInfo.xml)</visible>
                </control>
                <control type="radiobutton" id="105">
                    <include>DefContextButtonGradientSelect</include>
                    <label>31206</label>
                    <selected>!Skin.HasSetting(hidebutton.video.similar)</selected>
                    <onclick>Skin.ToggleSetting(hidebutton.video.similar)</onclick>
                    <visible>Window.IsVisible(DialogVideoInfo.xml)</visible>
                </control>
                <control type="radiobutton" id="135">
                    <include>DefContextButtonGradientSelect</include>
                    <label>31497</label>
                    <selected>Skin.HasSetting(showbutton.video.director)</selected>
                    <onclick>Skin.ToggleSetting(showbutton.video.director)</onclick>
                    <visible>Window.IsVisible(DialogVideoInfo.xml)</visible>
                    <enable>Container.Content(movies)</enable>
                </control>
                <control type="radiobutton" id="136">
                    <include>DefContextButtonGradientSelect</include>
                    <label>31498</label>
                    <selected>Skin.HasSetting(showbutton.video.set)</selected>
                    <onclick>Skin.ToggleSetting(showbutton.video.set)</onclick>
                    <visible>Window.IsVisible(DialogVideoInfo.xml)</visible>
                    <enable>Container.Content(movies)</enable>
                </control>
                <control type="radiobutton" id="106">
                    <include>DefContextButtonGradientSelect</include>
                    <label>31221</label>
                    <selected>!Skin.HasSetting(hidebutton.video.studio)</selected>
                    <onclick>Skin.ToggleSetting(hidebutton.video.studio)</onclick>
                    <visible>Window.IsVisible(DialogVideoInfo.xml)</visible>
                </control>
                <control type="radiobutton" id="107">
                    <include>DefContextButtonGradientSelect</include>
                    <label>31141</label>
                    <selected>!Skin.HasSetting(hidebutton.video.youtube)</selected>
                    <onclick>Skin.ToggleSetting(hidebutton.video.youtube)</onclick>
                    <visible>Window.IsVisible(DialogVideoInfo.xml)</visible>
                </control>
                <control type="radiobutton" id="108">
                    <include>DefContextButtonGradientSelect</include>
                    <label>39123</label>
                    <selected>!Skin.HasSetting(hidebutton.video.fanart)</selected>
                    <onclick>Skin.ToggleSetting(hidebutton.video.fanart)</onclick>
                    <visible>Window.IsVisible(DialogVideoInfo.xml)</visible>
                </control>
                <control type="radiobutton" id="113">
                    <include>DefContextButtonGradientSelect</include>
                    <label>$LOCALIZE[31486]</label>
                    <selected>!Skin.HasSetting(hidebutton.video.trakt)</selected>
                    <onclick>Skin.ToggleSetting(hidebutton.video.trakt)</onclick>
                    <visible>Window.IsVisible(DialogVideoInfo.xml) + !String.IsEmpty(Window(Home).Property(TMDbHelper.TraktIsAuth))</visible>
                </control>
                <control type="button" id="110">
                    <font>Button</font>
                    <textcolor>PanelWhite30</textcolor>
                    <height>66</height>
                    <include>DefSettingsButtonLabelContextName</include>
                    <label>31170</label>
                    <enable>false</enable>
                    <visible>Window.IsVisible(DialogVideoInfo.xml)</visible>
                </control>
                <control type="button" id="111">
                    <include>DefContextButtonGradientSelect</include>
                    <label>31455</label>
                    <label2>$VAR[Label_IntroPath]</label2>
                    <onclick>Skin.SetPath(IntroPath)</onclick>
                    <visible>Window.IsVisible(DialogVideoInfo.xml)</visible>
                    <enable>Skin.HasSetting(hidebutton.video.cinema)</enable>
                </control>
                <control type="button" id="112">
                    <include>DefContextButtonGradientSelect</include>
                    <label>31456</label>
                    <label2>$VAR[Label_TrailerCount]</label2>
                    <onclick condition="!Skin.String(TrailerCount)">Skin.SetString(TrailerCount,1)</onclick>
                    <onclick condition="Skin.String(TrailerCount,1)">Skin.SetString(TrailerCount,2)</onclick>
                    <onclick condition="Skin.String(TrailerCount,2)">Skin.SetString(TrailerCount,3)</onclick>
                    <onclick condition="Skin.String(TrailerCount,3)">Skin.SetString(TrailerCount,4)</onclick>
                    <onclick condition="Skin.String(TrailerCount,4)">Skin.SetString(TrailerCount,5)</onclick>
                    <onclick condition="Skin.String(TrailerCount,5)">Skin.Reset(TrailerCount)</onclick>
                    <visible>Window.IsVisible(DialogVideoInfo.xml)</visible>
                    <enable>Skin.HasSetting(hidebutton.video.cinema)</enable>
                </control>                

                <!-- Music Section -->
                <control type="radiobutton" id="120">
                    <include>DefContextButtonGradientSelect</include>
                    <label>31229</label>
                    <selected>!Skin.HasSetting(hidebutton.music.sets)</selected>
                    <onclick>Skin.ToggleSetting(hidebutton.music.sets)</onclick>
                    <visible>Window.IsVisible(DialogMusicInfo.xml)</visible>
                </control>
                <control type="radiobutton" id="121">
                    <include>DefContextButtonGradientSelect</include>
                    <label>31141</label>
                    <selected>!Skin.HasSetting(hidebutton.music.youtube)</selected>
                    <onclick>Skin.ToggleSetting(hidebutton.music.youtube)</onclick>
                    <visible>Window.IsVisible(DialogMusicInfo.xml)</visible>
                </control>
                <control type="radiobutton" id="122">
                    <include>DefContextButtonGradientSelect</include>
                    <label>39123</label>
                    <selected>!Skin.HasSetting(hidebutton.music.fanart)</selected>
                    <onclick>Skin.ToggleSetting(hidebutton.music.fanart)</onclick>
                    <visible>Window.IsVisible(DialogMusicInfo.xml)</visible>
                </control>
                <control type="radiobutton" id="123">
                    <include>DefContextButtonGradientSelect</include>
                    <label>38018</label>
                    <selected>!Skin.HasSetting(hidebutton.music.rating)</selected>
                    <onclick>Skin.ToggleSetting(hidebutton.music.rating)</onclick>
                    <visible>Window.IsVisible(DialogMusicInfo.xml)</visible>
                </control>
                <control type="radiobutton" id="124">
                    <include>DefContextButtonGradientSelect</include>
                    <label>31332</label>
                    <selected>!Skin.HasSetting(hidebutton.music.more)</selected>
                    <onclick>Skin.ToggleSetting(hidebutton.music.more)</onclick>
                    <visible>Window.IsVisible(DialogMusicInfo.xml)</visible>
                </control>
                <control type="button" id="150">
                    <height>66</height>
                    <include>DefSettingsButtonLabelContextName</include>
                    <label>31461</label>
                    <enable>false</enable>
                </control>                
                
                <!-- Music Section -->
                <control type="radiobutton" id="151">
                    <include>DefContextButtonGradientSelect</include>
                    <label>20445</label>
                    <selected>!Skin.HasSetting(hideartwork.music.fanart)</selected>
                    <onclick>Skin.ToggleSetting(hideartwork.music.fanart)</onclick>
                    <visible>Window.IsVisible(DialogMusicInfo.xml)</visible>
                    <enable>!Skin.HasSetting(hidebutton.music.fanart)</enable>
                </control>
                <control type="radiobutton" id="152">
                    <include>DefContextButtonGradientSelect</include>
                    <label>31462</label>
                    <selected>!Skin.HasSetting(hideartwork.music.landscape)</selected>
                    <onclick>Skin.ToggleSetting(hideartwork.music.landscape)</onclick>
                    <visible>Window.IsVisible(DialogMusicInfo.xml)</visible>
                    <enable>!Skin.HasSetting(hidebutton.music.fanart)</enable>
                </control>
                <control type="radiobutton" id="153">
                    <include>DefContextButtonGradientSelect</include>
                    <label>21371</label>
                    <selected>!Skin.HasSetting(hideartwork.music.thumb)</selected>
                    <onclick>Skin.ToggleSetting(hideartwork.music.thumb)</onclick>
                    <visible>Window.IsVisible(DialogMusicInfo.xml)</visible>
                    <enable>!Skin.HasSetting(hidebutton.music.fanart)</enable>
                </control>
                
                <!-- Movie Section -->
                <control type="radiobutton" id="161">
                    <include>DefContextButtonGradientSelect</include>
                    <label>20445</label>
                    <selected>!Skin.HasSetting(hideartwork.video.fanart)</selected>
                    <onclick>Skin.ToggleSetting(hideartwork.video.fanart)</onclick>
                    <visible>Window.IsVisible(DialogVideoInfo.xml)</visible>
                    <enable>!Skin.HasSetting(hidebutton.video.fanart)</enable>
                </control>
                <control type="radiobutton" id="154">
                    <include>DefContextButtonGradientSelect</include>
                    <label>31462</label>
                    <selected>!Skin.HasSetting(hideartwork.video.landscape)</selected>
                    <onclick>Skin.ToggleSetting(hideartwork.video.landscape)</onclick>
                    <visible>Window.IsVisible(DialogVideoInfo.xml)</visible>
                    <enable>!Skin.HasSetting(hidebutton.video.fanart)</enable>
                </control>                
                <control type="button" id="160">
                    <font>Button</font>
                    <textcolor>PanelWhite30</textcolor>
                    <height>66</height>
                    <include>DefSettingsButtonLabelContextName</include>
                    <label>31457</label>
                    <enable>false</enable>
                    <visible>Window.IsVisible(DialogVideoInfo.xml)</visible>
                </control>
                <control type="radiobutton" id="157">
                    <include>DefContextButtonGradientSelect</include>
                    <label>31391</label>
                    <selected>Skin.HasSetting(ShowTags)</selected>
                    <onclick>Skin.ToggleSetting(ShowTags)</onclick>
                    <visible>Window.IsVisible(DialogVideoInfo.xml)</visible>
                </control>
                <control type="radiobutton" id="158">
                    <include>DefContextButtonGradientSelect</include>
                    <label>31139</label>
                    <selected>Skin.HasSetting(PlayTrailerWindowed)</selected>
                    <onclick>Skin.ToggleSetting(PlayTrailerWindowed)</onclick>
                    <visible>Window.IsVisible(DialogVideoInfo.xml)</visible>
                </control>
                <control type="button" id="159">
                    <include>DefContextButtonGradientSelect</include>
                    <label>31345</label>
                    <label2>$VAR[InfoTypeLabelTexture]</label2>
                    <onclick condition="!Skin.HasSetting(show.studiologos) + !Skin.HasSetting(show.clearart)">Skin.ToggleSetting(show.clearart)</onclick>
                    <onclick condition="Skin.HasSetting(show.clearart)">Skin.ToggleSetting(show.studiologos)</onclick>
                    <onclick condition="Skin.HasSetting(show.clearart)">Skin.Reset(show.clearart)</onclick>
                    <onclick condition="Skin.HasSetting(show.studiologos)">Skin.Reset(show.studiologos)</onclick>
                    <visible>Window.IsVisible(DialogVideoInfo.xml)</visible>
                </control>                
                <control type="radiobutton" id="166">
                    <include>DefContextButtonGradientSelect</include>
                    <label>31501</label>
                    <selected>Skin.HasSetting(extended.info.only.local)</selected>
                    <onclick>Skin.ToggleSetting(extended.info.only.local)</onclick>
                    <visible>Window.IsVisible(DialogVideoInfo.xml)</visible>
                </control>               
            </control>
            <control type="image">
                <posx>705</posx>
                <top>120</top>
                <height>660</height>
                <width>1</width>
                <texture colordiffuse="Black12">common/white.png</texture>
                <visible>!Control.IsVisible(21)</visible>
                <animation effect="fade" start="0" end="100" time="100" condition="!Control.HasFocus(1723) + !Container.Scrolling">Conditional</animation>
            </control>
            <control type="button" id="5">
                <description>Manual</description>
                <posx>738</posx>
                <posy>120</posy>
                <width>300</width>
                <height>66</height>
                <align>center</align>
                <label>15067</label>
                <onleft>11</onleft>
                <font>Button</font>
                <textcolor>Black70</textcolor>
                <texturefocus colordiffuse="$VAR[ColorHighlight]" border="5">common/box.png</texturefocus>
                <onclick>Close</onclick>
            </control>            
            <include>DialogSelectlabelInclude</include>
        </control>        
    </controls>
</window>