<?xml version="1.0" encoding="UTF-8"?>
<includes>

    <include name="DialogMusicInfoWIP">
        <control type="group">
            <animation type="Conditional" reversible="true" condition="Window.IsVisible(FileBrowser.xml) | Window.IsVisible(DialogConfirm.xml) | Window.IsVisible(DialogSelect.xml) | Window.IsVisible(DialogContextMenu.xml) | Window.IsVisible(DialogButtonMenu.xml)">
                <effect type="zoom" end="95" start="100" time="200" center="auto" tween="quadratic" easing="in"/>
            </animation>

            <!-- Poster-->
            <control type="group">
                <include>Animation.MusicFadeOut</include>
                <include>Animation.SidePoster</include>
                <control type="group">
                    <include>Animation.DelayFadeIn</include>
                    <visible>Control.HasFocus(9002) + !String.IsEqual(Window.Property(ShowDisc),1) + !String.IsEmpty(ListItem.Art(discart))</visible>
                    <centerbottom>1000</centerbottom>
                    <height>16</height>
                    <control type="image">
                        <centerleft>395</centerleft>
                        <top>13</top>
                        <width>16</width>
                        <height>16</height>
                        <texture colordiffuse="Dark1" flipy="true">common/arrow-small.png</texture>
                    </control>
                </control>
                <control type="image">
                    <animation type="Visible">
                        <effect type="slide" start="0,0" end="0,-120" delay="0" time="400" tween="quadratic" easing="out"/>
                    </animation>
                    <animation type="Hidden">
                        <effect type="slide" start="0,-120" end="0,0" delay="0" time="200" tween="quadratic" easing="out"/>
                    </animation>
                    <animation type="Conditional" condition="String.IsEqual(Window.Property(ShowDisc),1)">
                        <effect type="slide" start="0,0" end="0,-220" delay="0" time="200" tween="quadratic" easing="out"/>
                    </animation>
                    <visible>!String.IsEmpty(ListItem.Art(discart)) + Control.HasFocus(9002)</visible>
                    <top>225</top>
                    <left>90</left>
                    <width>620</width>
                    <height>620</height>
                    <texture>$INFO[ListItem.Art(discart)]</texture>
                </control>
                <include>View_50_SidePoster_Square</include>
            </control>

            <!-- Main -->
            <control type="group">
                <include>Animation.RightSide</include>
                <control type="button" id="5">
                    <width>1</width>
                    <height>1</height>
                    <visible allowhiddenfocus="true">false</visible>
                </control>
                <control type="button" id="9607">
                    <width>1</width>
                    <height>1</height>
                    <visible allowhiddenfocus="true">false</visible>
                    <onback>9000</onback>
                    <onup>9000</onup>
                    <ondown>9000</ondown>
                    <onleft>9000</onleft>
                    <onright>9000</onright>
                </control>

                <!-- Control Buttons -->
                <control type="group">
                    <include>Animation.MusicFadeOut</include>
                    <include>DialogMusicInfoNavigationWIP</include>
                </control>

                <!-- Header -->
                <control type="group">
                    <include>Animation.MusicFadeOut</include>
                    <top>90</top>
                    <left>785</left>
                    <control type="label">
                        <font>LargeNew</font>
                        <description>Header Label</description>
                        <textcolor>Dark1</textcolor>
                        <label>$VAR[LabelWIPMusicHeader]</label>
                    </control>
                    <control type="label">
                        <top>55</top>
                        <height>36</height>
                        <font>Tiny</font>
                        <textcolor>Dark1</textcolor>
                        <width>78%</width>
                        <label fallback="19055">$VAR[LabelWIPMusicTagline]</label>
                        <aligny>center</aligny>
                    </control>
                </control>
                <include content="ArrowsNavigation">
                    <param name="visible" value="Control.HasFocus(95031) + Integer.IsGreater(Container(9503).NumItems,1)" />
                    <param name="centerbottom" value="560" />
                    <param name="centerleft" value="765" />
                </include>                
                <control type="image">
                    <height>109</height>
                    <width>161</width>
                    <right>SidePad</right>
                    <top>220</top>
                    <texture colordiffuse="Dark1">$VAR[ThumbImageRecordLabelDialogInfo]</texture>
                    <include>Animation.MusicFadeOut</include>
                    <visible>!String.IsEmpty(Skin.String(recordlabel.logos.path))</visible>
                </control>

                <!-- Content -->
                <control type="group">
                    <right>SidePad</right>
                    <visible>!String.IsEqual(Window.Property(musiccontent),4)</visible>
                    <include>Animation.FadeOutDialogWIP</include>
                    <include>Animation.FadeInDialogWIP</include>
    
                <!-- Clearlogo -->
                    <control type="image" description="clearlogo">
                        <visible>Skin.HasSetting(furniture.logo)</visible>
                        <top>50</top>
                        <right>10</right>
                        <height>100</height>
                        <aspectratio align="right" aligny="top">keep</aspectratio>
                        <texture background="true">$INFO[ListItem.Art(clearlogo)]</texture>
                        <animation effect="rotate" condition="true" start="360" end="350" loop="false" time="0" center="auto">Conditional</animation>
                        <include>Animation.MusicFadeOut</include>
                    </control>
    
                <!-- ALbums -->
                    <control type="group">
                        <visible>Container.Content(albums)</visible>
                        <control type="group">
                            <top>77</top>
                            <include>Furniture_Flags_AudioDialogInfo</include>
                        </control>
                        <left>785</left>
                        <top>DialogInfoTop</top>
                        <control type="grouplist">
                            <include>Animation.MusicFadeOut</include>
                            <itemgap>0</itemgap>
                            <control type="group">
                                <height>36</height>
                                <control type="label">
                                    <width>230</width>
                                    <height>36</height>
                                    <font>Tiny</font>
                                    <textcolor>Dark1</textcolor>
                                    <label>[B]$LOCALIZE[345][/B]</label>
                                </control>
                                <control type="label">
                                    <left>250</left>
                                    <width>100%</width>
                                    <height>36</height>
                                    <font>Tiny</font>
                                    <textcolor>Dark2</textcolor>
                                    <label fallback="19055">$INFO[ListItem.Year]</label>
                                </control>
                            </control>
                            <control type="group">
                                <height>36</height>
                                <control type="label">
                                    <width>230</width>
                                    <height>36</height>
                                    <font>Tiny</font>
                                    <textcolor>Dark1</textcolor>
                                    <label>[B]$LOCALIZE[182][/B]</label>
                                </control>
                                <control type="label">
                                    <left>250</left>
                                    <width>100%</width>
                                    <height>36</height>
                                    <font>Tiny</font>
                                    <textcolor>Dark2</textcolor>
                                    <label fallback="19055">$INFO[Container(50).NumItems]</label>
                                </control>
                            </control>
                            <control type="group">
                                <height>36</height>
                                <control type="label">
                                    <width>230</width>
                                    <height>36</height>
                                    <font>Tiny</font>
                                    <textcolor>Dark1</textcolor>
                                    <label>[B]$LOCALIZE[2050][/B]</label>
                                </control>
                                <control type="label">
                                    <left>250</left>
                                    <width>100%</width>
                                    <height>36</height>
                                    <font>Tiny</font>
                                    <textcolor>Dark2</textcolor>
                                    <label fallback="19055">$INFO[ListItem.Property(Album_Duration)]</label>
                                </control>
                            </control>
                            <control type="group">
                                <height>36</height>
                                <control type="label">
                                    <width>230</width>
                                    <height>36</height>
                                    <font>Tiny</font>
                                    <textcolor>Dark1</textcolor>
                                    <label>[B]$LOCALIZE[572][/B]</label>
                                </control>
                                <control type="label">
                                    <left>250</left>
                                    <width>100%</width>
                                    <height>36</height>
                                    <font>Tiny</font>
                                    <textcolor>Dark2</textcolor>
                                    <label fallback="19055">$INFO[ListItem.Property(Album_Label)]</label>
                                </control>
                            </control>
                            <control type="group">
                                <height>36</height>
                                <control type="label">
                                    <width>230</width>
                                    <height>36</height>
                                    <font>Tiny</font>
                                    <textcolor>Dark1</textcolor>
                                    <label>[B]$LOCALIZE[175][/B]</label>
                                </control>
                                <control type="label">
                                    <left>250</left>
                                    <width>100%</width>
                                    <height>36</height>
                                    <font>Tiny</font>
                                    <textcolor>Dark2</textcolor>
                                    <label fallback="19055">$INFO[ListItem.Property(Album_Mood)]</label>
                                </control>
                            </control>
                            <control type="group">
                                <height>36</height>
                                <control type="label">
                                    <width>230</width>
                                    <height>36</height>
                                    <font>Tiny</font>
                                    <textcolor>Dark1</textcolor>
                                    <label>[B]$LOCALIZE[515][/B]</label>
                                </control>
                                <control type="label">
                                    <left>250</left>
                                    <width>100%</width>
                                    <height>36</height>
                                    <font>Tiny</font>
                                    <textcolor>Dark2</textcolor>
                                    <label fallback="19055">$INFO[ListItem.Genre]</label>
                                </control>
                            </control>
                            <control type="group">
                                <height>36</height>
                                <control type="label">
                                    <width>230</width>
                                    <height>36</height>
                                    <font>Tiny</font>
                                    <textcolor>Dark1</textcolor>
                                    <label>[B]$LOCALIZE[21801][/B]</label>
                                </control>
                                <control type="label">
                                    <left>250</left>
                                    <top>6</top>
                                    <width>100%</width>
                                    <height>24</height>
                                    <font>Tiny</font>
                                    <textcolor>Dark2</textcolor>
                                    <scroll>true</scroll>
                                    <wrapmultiline>false</wrapmultiline>
                                    <scrollspeed>40</scrollspeed>
                                    <scrollsuffix>  ••  </scrollsuffix>
                                    <label fallback="19055">$INFO[ListItem.FileNameAndPath]</label>
                                </control>
                            </control>
                        </control>
                        <control type="textbox">
                            <include>Animation.MusicFadeOut</include>
                            <include>Animation.FadeOutDialogWIP</include>
                            <include>Animation.FadeInDialogWIP</include>
                            <visible>String.IsEmpty(Window.Property(musiccontent))</visible>
                            <autoscroll delay="10000" time="4000" repeat="10000">Window.IsVisible(DialogMusicInfo.xml) + System.IdleTime(1)</autoscroll>
                            <top>350</top>
                            <height>252</height>
                            <font>Tiny</font>
                            <textcolor>Dark2</textcolor>
                            <scroll>false</scroll>
                            <aligny>top</aligny>
                            <label fallback="19055">$VAR[LabelPlotBox]</label>
                        </control>
                    </control>
                    <control type="group">
                        <visible>Container.Content(artists)</visible>
                        <left>785</left>
                        <top>DialogInfoTop</top>
                        <control type="grouplist">
                            <include>Animation.MusicFadeOut</include>
                            <itemgap>0</itemgap>
                            <control type="group">
                                <height>36</height>
                                <control type="label">
                                    <width>230</width>
                                    <height>36</height>
                                    <font>Tiny</font>
                                    <textcolor>Dark1</textcolor>
                                    <label>[B]$LOCALIZE[515][/B]</label>
                                </control>
                                <control type="label">
                                    <left>250</left>
                                    <width>100%</width>
                                    <height>36</height>
                                    <font>Tiny</font>
                                    <textcolor>Dark2</textcolor>
                                    <label fallback="19055">$INFO[ListItem.Genre]</label>
                                </control>
                            </control>
                            <control type="group">
                                <height>36</height>
                                <control type="label">
                                    <width>230</width>
                                    <height>36</height>
                                    <font>Tiny</font>
                                    <textcolor>Dark1</textcolor>
                                    <label>[B]$LOCALIZE[21893][/B]</label>
                                    <visible>!String.IsEmpty(ListItem.Property(Artist_Born))</visible>
                                </control>
                                <control type="label">
                                    <width>230</width>
                                    <height>36</height>
                                    <font>Tiny</font>
                                    <textcolor>Dark1</textcolor>
                                    <label>[B]$LOCALIZE[21894][/B]</label>
                                    <visible>String.IsEmpty(ListItem.Property(Artist_Born))</visible>
                                </control>
                                <control type="label">
                                    <left>250</left>
                                    <width>100%</width>
                                    <height>36</height>
                                    <font>Tiny</font>
                                    <textcolor>Dark2</textcolor>
                                    <label fallback="19055">$INFO[ListItem.Property(Artist_Born)]$INFO[ListItem.Property(Artist_Formed)]</label>
                                </control>
                            </control>
                            <control type="group">
                                <height>36</height>
                                <control type="label">
                                    <width>230</width>
                                    <height>36</height>
                                    <font>Tiny</font>
                                    <textcolor>Dark1</textcolor>
                                    <label>[B]$LOCALIZE[39025][/B]</label>
                                </control>
                                <control type="label">
                                    <left>250</left>
                                    <width>100%</width>
                                    <height>36</height>
                                    <font>Tiny</font>
                                    <textcolor>Dark2</textcolor>
                                    <label fallback="19055">$INFO[ListItem.Property(Artist_Gender)]</label>
                                </control>
                            </control>
                            <control type="group">
                                <height>36</height>
                                <control type="label">
                                    <width>230</width>
                                    <height>36</height>
                                    <font>Tiny</font>
                                    <textcolor>Dark1</textcolor>
                                    <label>[B]$LOCALIZE[176][/B]</label>
                                </control>
                                <control type="label">
                                    <left>250</left>
                                    <width>100%</width>
                                    <height>36</height>
                                    <font>Tiny</font>
                                    <textcolor>Dark2</textcolor>
                                    <label fallback="19055">$INFO[ListItem.Property(Artist_Style)]</label>
                                </control>
                            </control>
                            <control type="group">
                                <height>36</height>
                                <control type="label">
                                    <width>230</width>
                                    <height>36</height>
                                    <font>Tiny</font>
                                    <textcolor>Dark1</textcolor>
                                    <label>[B]$LOCALIZE[175][/B]</label>
                                </control>
                                <control type="label">
                                    <left>250</left>
                                    <width>100%</width>
                                    <height>36</height>
                                    <font>Tiny</font>
                                    <textcolor>Dark2</textcolor>
                                    <label fallback="19055">$INFO[ListItem.Property(Artist_Mood)]</label>
                                </control>
                            </control>
                            <control type="group">
                                <height>36</height>
                                <control type="label">
                                    <width>230</width>
                                    <height>36</height>
                                    <font>Tiny</font>
                                    <textcolor>Dark1</textcolor>
                                    <label>[B]$LOCALIZE[21892][/B]</label>
                                </control>
                                <control type="label">
                                    <left>250</left>
                                    <width>100%</width>
                                    <height>36</height>
                                    <font>Tiny</font>
                                    <textcolor>Dark2</textcolor>
                                    <label fallback="19055">$INFO[ListItem.Property(Artist_Instrument)]</label>
                                </control>
                            </control>
                            <control type="group">
                                <height>36</height>
                                <control type="label">
                                    <width>230</width>
                                    <height>36</height>
                                    <font>Tiny</font>
                                    <textcolor>Dark1</textcolor>
                                    <label>[B]$LOCALIZE[21897][/B]</label>
                                    <visible>!String.IsEmpty(ListItem.Property(Artist_Died))</visible>
                                </control>
                                <control type="label">
                                    <width>230</width>
                                    <height>36</height>
                                    <font>Tiny</font>
                                    <textcolor>Dark1</textcolor>
                                    <label>[B]$LOCALIZE[21896][/B]</label>
                                    <visible>String.IsEmpty(ListItem.Property(Artist_Died))</visible>
                                </control>
                                <control type="label">
                                    <left>250</left>
                                    <width>100%</width>
                                    <height>36</height>
                                    <font>Tiny</font>
                                    <textcolor>Dark2</textcolor>
                                    <label fallback="19055">$INFO[ListItem.Property(Artist_Died)]$INFO[ListItem.Property(Artist_Disbanded)]</label>
                                </control>
                            </control>
                            <control type="group">
                                <height>36</height>
                                <control type="label">
                                    <width>230</width>
                                    <height>36</height>
                                    <font>Tiny</font>
                                    <textcolor>Dark1</textcolor>
                                    <label>[B]$LOCALIZE[31274][/B]</label>
                                </control>
                                <include>most_played_song</include>
                            </control>
                        </control>
                        <control type="group">
                            <include>Animation.MusicFadeOut</include>
                            <include>Animation.FadeOutDialogWIP</include>
                            <include>Animation.FadeInDialogWIP</include>
                            <visible>String.IsEmpty(Window.Property(musiccontent))</visible>
                            <control type="textbox">
                                <right>0</right>
                                <top>318</top>
                                <height>288</height>
                                <font>Tiny</font>
                                <textcolor>Dark2</textcolor>
                                <scroll>false</scroll>
                                <aligny>top</aligny>
                                <label fallback="19055">$INFO[ListItem.Property(Artist_Description)]</label>
                                <autoscroll delay="10000" time="4000" repeat="10000">Window.IsVisible(DialogMusicInfo.xml) + System.IdleTime(1)</autoscroll>
                            </control>
                        </control>
                    </control>
                    <control type="group">
                        <visible>Container.Content(songs)</visible>
                        <control type="group">
                            <top>77</top>
                            <include>Animation.MusicFadeOut</include>
                            <include>Furniture_Flags_AudioDialogInfo</include>
                        </control>
                        <left>785</left>
                        <top>DialogInfoTop</top>
                        <control type="grouplist">
                            <include>Animation.MusicFadeOut</include>
                            <itemgap>0</itemgap>
                            <control type="group">
                                <height>36</height>
                                <width>100%</width>
                                <control type="label">
                                    <width>230</width>
                                    <height>36</height>
                                    <font>Tiny</font>
                                    <textcolor>Dark1</textcolor>
                                    <label>[B]$LOCALIZE[345][/B]</label>
                                </control>
                                <control type="label">
                                    <left>250</left>
                                    <top>6</top>
                                    <width>100%</width>
                                    <height>24</height>
                                    <font>Tiny</font>
                                    <textcolor>Dark2</textcolor>
                                    <scroll>true</scroll>
                                    <wrapmultiline>false</wrapmultiline>
                                    <scrollspeed>40</scrollspeed>
                                    <scrollsuffix>  ••  </scrollsuffix>
                                    <label fallback="19055">$INFO[ListItem.Year]</label>
                                </control>
                            </control>
                            <control type="group">
                                <height>36</height>
                                <width>100%</width>
                                <control type="label">
                                    <width>230</width>
                                    <height>36</height>
                                    <font>Tiny</font>
                                    <textcolor>Dark1</textcolor>
                                    <label>[B]$LOCALIZE[2050][/B]</label>
                                </control>
                                <control type="label">
                                    <left>250</left>
                                    <top>6</top>
                                    <width>100%</width>
                                    <height>24</height>
                                    <font>Tiny</font>
                                    <textcolor>Dark2</textcolor>
                                    <scroll>true</scroll>
                                    <wrapmultiline>false</wrapmultiline>
                                    <scrollspeed>40</scrollspeed>
                                    <scrollsuffix>  ••  </scrollsuffix>
                                    <label fallback="19055">$INFO[ListItem.Duration(mins ss)]</label>
                                </control>
                            </control>
                            <control type="group">
                                <height>36</height>
                                <width>100%</width>
                                <control type="label">
                                    <width>230</width>
                                    <height>36</height>
                                    <font>Tiny</font>
                                    <textcolor>Dark1</textcolor>
                                    <label>[B]$LOCALIZE[558][/B]</label>
                                </control>
                                <control type="label">
                                    <left>250</left>
                                    <top>6</top>
                                    <width>100%</width>
                                    <height>24</height>
                                    <font>Tiny</font>
                                    <textcolor>Dark2</textcolor>
                                    <scroll>true</scroll>
                                    <wrapmultiline>false</wrapmultiline>
                                    <scrollspeed>40</scrollspeed>
                                    <scrollsuffix>  ••  </scrollsuffix>
                                    <label fallback="19055">$INFO[ListItem.Album]</label>
                                </control>
                            </control>
                            <control type="group">
                                <height>36</height>
                                <control type="label">
                                    <width>230</width>
                                    <height>36</height>
                                    <font>Tiny</font>
                                    <textcolor>Dark1</textcolor>
                                    <label>[B]$LOCALIZE[515][/B]</label>
                                </control>
                                <control type="label">
                                    <left>250</left>
                                    <width>100%</width>
                                    <height>36</height>
                                    <font>Tiny</font>
                                    <textcolor>Dark2</textcolor>
                                    <label fallback="19055">$INFO[ListItem.Genre]</label>
                                </control>
                            </control>
                            <control type="group">
                                <height>36</height>
                                <width>100%</width>
                                <control type="label">
                                    <width>230</width>
                                    <height>36</height>
                                    <font>Tiny</font>
                                    <textcolor>Dark1</textcolor>
                                    <label>[B]$LOCALIZE[21801][/B]</label>
                                </control>
                                <control type="label">
                                    <left>250</left>
                                    <top>6</top>
                                    <width>100%</width>
                                    <height>24</height>
                                    <font>Tiny</font>
                                    <textcolor>Dark2</textcolor>
                                    <scroll>true</scroll>
                                    <wrapmultiline>false</wrapmultiline>
                                    <scrollspeed>40</scrollspeed>
                                    <scrollsuffix>  ••  </scrollsuffix>
                                    <label fallback="19055">$INFO[ListItem.FileNameAndPath]</label>
                                </control>
                            </control>
                            <control type="group">
                                <height>36</height>
                                <width>100%</width>
                                <control type="label">
                                    <width>230</width>
                                    <height>36</height>
                                    <font>Tiny</font>
                                    <textcolor>Dark1</textcolor>
                                    <label>[B]$LOCALIZE[31440][/B]</label>
                                </control>
                                <control type="label">
                                    <left>250</left>
                                    <top>6</top>
                                    <width>100%</width>
                                    <height>24</height>
                                    <font>Tiny</font>
                                    <textcolor>Dark2</textcolor>
                                    <scroll>true</scroll>
                                    <wrapmultiline>false</wrapmultiline>
                                    <scrollspeed>40</scrollspeed>
                                    <scrollsuffix>  ••  </scrollsuffix>
                                    <label fallback="19055">$INFO[ListItem.BitRate,,kbps]$INFO[ListItem.SampleRate,  •  , khz]$VAR[LabelMusicChannels,  •  ,]$INFO[ListItem.BPM,  •  , $LOCALIZE[38080]]</label>
                                </control>
                            </control>
                            <control type="group">
                                <height>36</height>
                                <width>100%</width>
                                <control type="label">
                                    <width>230</width>
                                    <height>36</height>
                                    <font>Tiny</font>
                                    <textcolor>Dark1</textcolor>
                                    <label>[B]$LOCALIZE[576][/B]</label>
                                </control>
                                <control type="label">
                                    <left>250</left>
                                    <top>6</top>
                                    <width>100%</width>
                                    <height>24</height>
                                    <font>Tiny</font>
                                    <textcolor>Dark2</textcolor>
                                    <scroll>true</scroll>
                                    <wrapmultiline>false</wrapmultiline>
                                    <scrollspeed>40</scrollspeed>
                                    <scrollsuffix>  ••  </scrollsuffix>
                                    <label fallback="19055">$VAR[LastPlayedTitle]</label>
                                </control>
                            </control>
                        </control>
                        <control type="textbox">
                            <include>Animation.MusicFadeOut</include>
                            <include>Animation.FadeOutDialogWIP</include>
                            <include>Animation.FadeInDialogWIP</include>
                            <visible>String.IsEmpty(Window.Property(musiccontent))</visible>
                            <right>0</right>
                            <top>350</top>
                            <height>252</height>
                            <font>Tiny</font>
                            <textcolor>Dark2</textcolor>
                            <scroll>false</scroll>
                            <aligny>top</aligny>
                            <label fallback="19055">$INFO[ListItem.Property(Artist_Description)]</label>
                            <autoscroll delay="10000" time="4000" repeat="10000">Window.IsVisible(DialogMusicInfo.xml) + System.IdleTime(1)</autoscroll>
                        </control>
                    </control>
                </control>
                <control type="group">
                    <top>200</top>
                    <left>785</left>
    
                    <!-- Youtube -->
                    <include content="VideoListSquare">
                        <param name="fallbackpicture" value="defaultvideo.png"/>
                        <param name="visi" value="String.IsEqual(Window.Property(musiccontent),3)"/>
                        <param name="controlid" value="9502"/>
                        <param name="visible.layouts" value="Control.HasFocus(9502) | Control.HasFocus(6) | Window.IsVisible(DialogBusy.xml)"/>
                        <param name="ContentToLoad" value="$VAR[ContentMusicYoutube]"/>
                        <param name="onclick1" value="Dialog.Close(all,force)"/>
                        <param name="onclick2" value="PlayerControl(Stop)"/>
                        <param name="onclick3" value="PlayMedia($ESCINFO[Container($PARAM[controlid]).ListItem.FileNameAndPath()])"/>
                        <param name="target" value="videos"/>
                        <param name="sortby" value="file"/>
                        <param name="limit" value="25"/>
                    </include>                    
    
                    <!-- Discography -->
                    <include content="VideoListSquare">
                        <param name="fallbackpicture" value="defaultaddonpicture.png"/>
                        <param name="visi" value="String.IsEqual(Window.Property(musiccontent),2)"/>
                        <param name="music_info_onclick" value="false"/>
                        <param name="music_info_album" value="true"/>
                        <param name="controlid" value="9501"/>
                        <param name="visible.layouts" value="Control.HasFocus(9501) | Control.HasFocus(160) | Control.HasFocus(6) | Window.IsVisible(DialogBusy.xml)"/>
                        <param name="ContentToLoad" value="musicdb://artists/$INFO[ListItem.DBID]/?albumartistsonly=false"/>
                        <param name="onclick1" value="Dialog.Close(musicinformation)"/>
                    </include>                    
    
                    <!-- More Of Artist -->
                    <include content="VideoListSquare">
                        <param name="fallbackpicture" value="defaultmusicsongs.png"/>
                        <param name="visi" value="String.IsEqual(Window.Property(musiccontent),8) + Integer.IsGreater(Container(9508).NumItems,1)"/>
                        <param name="controlid" value="9508"/>
                        <param name="visible.layouts" value="Control.HasFocus(9508) | Control.HasFocus(6) | Window.IsVisible(DialogBusy.xml)"/>
                        <param name="ContentToLoad" value="$VAR[MoreOfArtistContent]"/>
                        <param name="onclick1" value="Dialog.Close(all,force)"/>
                        <param name="onclick2" value="PlayMedia($ESCINFO[Container($PARAM[controlid]).ListItem.FileNameAndPath()])"/>
                    </include>                    
                </control>
                <control type="group">
                    <visible>String.IsEqual(Window.Property(musiccontent),4)</visible>
                    <include>Animation.FadeInDialogInfo</include>
                    <include>Animation.FadeOutDialogInfo</include>
                    <left>571</left>
                    <right>SidePad</right>
                    <bottom>184</bottom>
                    <top>335</top>
                    <control type="image">
                        <left>213</left>
                        <top>-119</top>
                        <right>0</right>
                        <bottom>71</bottom>
                        <texture colordiffuse="Box2" diffuse="diffuse/bigwiderolodex.png">common/box18.png</texture>
                    </control>
                    <control type="group">
                        <visible>Control.HasFocus(95031)</visible>
                        <left>206</left>
                        <top>-127</top>
                        <right>-8</right>
                        <bottom>64</bottom>
                        <control type="image">
                            <texture border="5" colordiffuse="$VAR[ColorSquares]">common/box.png</texture>
                            <animation condition="Control.HasFocus(95031)" effect="fade" end="100" start="0" time="150">Conditional</animation>
                            <animation condition="!Control.HasFocus(95031)" effect="fade" end="0" start="100" time="100">Conditional</animation>
                        </control>
                        <control type="image">
                            <texture border="5" colordiffuse="$VAR[ColorHighlightSelectbox2]">common/gradient-box.png</texture>
                            <animation condition="Control.HasFocus(95031)" effect="fade" end="100" start="0" time="150">Conditional</animation>
                            <animation condition="!Control.HasFocus(95031)" effect="fade" end="0" start="100" time="100">Conditional</animation>
                        </control>
                    </control>
                    <control type="image">
                        <height>607</height>
                        <width>1054</width>
                        <left>214</left>
                        <top>-118</top>
                        <texture colordiffuse="Background" diffuse="diffuse/bigwiderolodex.png">common/white.png</texture>
                    </control>
                    <include content="ListInfoUpdating">
                        <param name="visi" value="String.IsEqual(Window.Property(musiccontent),4)"/>
                        <param name="controlid" value="9503"/>
                        <param name="alignleft" value="680"/>
                        <param name="alignbottom" value="235"/>
                    </include>
                    <control type="fixedlist" id="9503">
                        <top>-118</top>
                        <left>214</left>
                        <ondown>9000</ondown>
                        <onback>9000</onback>
                        <onup>9000</onup>
                        <width>1054</width>
                        <preloaditems>2</preloaditems>
                        <autoscroll time="5000">ControlGroup(9000).HasFocus()</autoscroll>
                        <orientation>horizontal</orientation>
                        <viewtype label="31015">fixedlist</viewtype>
                        <include>ScrolltimeDetailsList</include>
                        <itemlayout width="1054" height="607">
                            <control type="image">
                                <aspectratio align="center" aligny="center" scalediffuse="false">scale</aspectratio>
                                <texture diffuse="diffuse/bigwiderolodex.png" fallback="defaultbrokenimage.png">$INFO[ListItem.Label]</texture>
                            </control>
                        </itemlayout>
                        <focusedlayout width="1054" height="607">
                            <control type="image">
                                <aspectratio align="center" aligny="center" scalediffuse="false">scale</aspectratio>
                                <texture diffuse="diffuse/bigwiderolodex.png" fallback="defaultbrokenimage.png">$INFO[ListItem.Label]</texture>
                            </control>
                        </focusedlayout>
                        <content>
                            <item id="0">
                                <label>$INFO[ListItem.Art(fanart)]</label>
                                <visible>!String.IsEmpty(ListItem.Art(fanart)) + !Skin.HasSetting(hideartwork.music.fanart)</visible>
                            </item>
                            <item id="1">
                                <label>$INFO[ListItem.Art(fanart1)]</label>
                                <visible>!String.IsEmpty(ListItem.Art(fanart1)) + !Skin.HasSetting(hideartwork.music.fanart)</visible>
                            </item>
                            <item id="2">
                                <label>$INFO[ListItem.Art(fanart2)]</label>
                                <visible>!String.IsEmpty(ListItem.Art(fanart2)) + !Skin.HasSetting(hideartwork.music.fanart)</visible>
                            </item>
                            <item id="3">
                                <label>$INFO[ListItem.Art(fanart3)]</label>
                                <visible>!String.IsEmpty(ListItem.Art(fanart3)) + !Skin.HasSetting(hideartwork.music.fanart)</visible>
                            </item>
                            <item id="4">
                                <label>$INFO[ListItem.Art(fanart4)]</label>
                                <visible>!String.IsEmpty(ListItem.Art(fanart4)) + !Skin.HasSetting(hideartwork.music.fanart)</visible>
                            </item>
                            <item id="5">
                                <label>$INFO[ListItem.Art(fanart5)]</label>
                                <visible>!String.IsEmpty(ListItem.Art(fanart5)) + !Skin.HasSetting(hideartwork.music.fanart)</visible>
                            </item>
                            <item id="6">
                                <label>$INFO[ListItem.Art(fanart6)]</label>
                                <visible>!String.IsEmpty(ListItem.Art(fanart6)) + !Skin.HasSetting(hideartwork.music.fanart)</visible>
                            </item>
                            <item id="7">
                                <label>$INFO[ListItem.Art(fanart7)]</label>
                                <visible>!String.IsEmpty(ListItem.Art(fanart7)) + !Skin.HasSetting(hideartwork.music.fanart)</visible>
                            </item>
                            <item id="8">
                                <label>$INFO[ListItem.Art(fanart18)]</label>
                                <visible>!String.IsEmpty(ListItem.Art(fanart8)) + !Skin.HasSetting(hideartwork.music.fanart)</visible>
                            </item>
                            <item id="9">
                                <label>$INFO[ListItem.Art(fanart9)]</label>
                                <visible>!String.IsEmpty(ListItem.Art(fanart9)) + !Skin.HasSetting(hideartwork.music.fanart)</visible>
                            </item>
                            <item id="10">
                                <label>$INFO[ListItem.Art(fanart10)]</label>
                                <visible>!String.IsEmpty(ListItem.Art(fanart10)) + !Skin.HasSetting(hideartwork.music.fanart)</visible>
                            </item>
                            <item id="11">
                                <label>$INFO[ListItem.Art(fanart11)]</label>
                                <visible>!String.IsEmpty(ListItem.Art(fanart11)) + !Skin.HasSetting(hideartwork.music.fanart)</visible>
                            </item>
                            <item id="12">
                                <label>$INFO[ListItem.Art(fanart12)]</label>
                                <visible>!String.IsEmpty(ListItem.Art(fanart12)) + !Skin.HasSetting(hideartwork.music.fanart)</visible>
                            </item>
                            <item id="13">
                                <label>$INFO[ListItem.Art(fanart13)]</label>
                                <visible>!String.IsEmpty(ListItem.Art(fanart13)) + !Skin.HasSetting(hideartwork.music.fanart)</visible>
                            </item>
                            <item id="14">
                                <label>$INFO[ListItem.Art(fanart14)]</label>
                                <visible>!String.IsEmpty(ListItem.Art(fanart14)) + !Skin.HasSetting(hideartwork.music.fanart)</visible>
                            </item>
                            <item id="15">
                                <label>$INFO[ListItem.Art(fanart15)]</label>
                                <visible>!String.IsEmpty(ListItem.Art(fanart15)) + !Skin.HasSetting(hideartwork.music.fanart)</visible>
                            </item>
                            <item id="16">
                                <label>$INFO[ListItem.Art(fanart16)]</label>
                                <visible>!String.IsEmpty(ListItem.Art(fanart16)) + !Skin.HasSetting(hideartwork.music.fanart)</visible>
                            </item>
                            <item id="17">
                                <label>$INFO[ListItem.Art(fanart17)]</label>
                                <visible>!String.IsEmpty(ListItem.Art(fanart17)) + !Skin.HasSetting(hideartwork.music.fanart)</visible>
                            </item>
                            <item id="18">
                                <label>$INFO[ListItem.Art(fanart18)]</label>
                                <visible>!String.IsEmpty(ListItem.Art(fanart18)) + !Skin.HasSetting(hideartwork.music.fanart)</visible>
                            </item>
                            <item id="19">
                                <label>$INFO[ListItem.Art(fanart19)]</label>
                                <visible>!String.IsEmpty(ListItem.Art(fanart19)) + !Skin.HasSetting(hideartwork.music.fanart)</visible>
                            </item>
                            <item id="20">
                                <label>$INFO[ListItem.Art(fanart20)]</label>
                                <visible>!String.IsEmpty(ListItem.Art(fanart20)) + !Skin.HasSetting(hideartwork.music.fanart)</visible>
                            </item>
                            <item id="21">
                                <label>$INFO[ListItem.Art(fanart21)]</label>
                                <visible>!String.IsEmpty(ListItem.Art(fanart21)) + !Skin.HasSetting(hideartwork.music.fanart)</visible>
                            </item>
                            <item id="22">
                                <label>$INFO[ListItem.Art(fanart22)]</label>
                                <visible>!String.IsEmpty(ListItem.Art(fanart22)) + !Skin.HasSetting(hideartwork.music.fanart)</visible>
                            </item>                            
                            <item id="23">
                                <label>$INFO[ListItem.Art(landscape)]</label>
                                <visible>!String.IsEmpty(ListItem.Art(landscape)) + !Skin.HasSetting(hideartwork.music.landscape)</visible>
                            </item>
                            <item id="24">
                                <label>$INFO[ListItem.Art(thumb)]</label>
                                <visible>!String.IsEmpty(ListItem.Art(thumb)) + !Skin.HasSetting(hideartwork.music.thumb)</visible>
                            </item>
                        </content>
                    </control>
                    <control type="image">
                        <right>40</right>
                        <bottom>100</bottom>
                        <width>50</width>
                        <height>50</height>
                        <aspectratio>keep</aspectratio>
                        <texture colordiffuse="88ffffff">common/lupe.png</texture>
                        <visible>Control.HasFocus(95031)</visible>
                        <visible>Integer.IsGreater(Container(9503).NumItems,0)</visible>
                        <include>Animation.DelayFadeIn</include>
                    </control>
                </control>
                <control type="group">
                    <visible>String.IsEqual(Window.Property(musiccontent),1)</visible>
                    <include>Animation.FadeOutDialogWIP</include>
                    <include>Animation.FadeInDialogWIP</include>
                    <top>230</top>
                    <left>785</left>
                    <control type="label">
                        <width>150</width>
                        <height>36</height>
                        <font>Tiny</font>
                        <top>329</top>
                        <textcolor>Dark1</textcolor>
                        <label>[B]$LOCALIZE[134][/B]</label>
                        <aligny>center</aligny>
                        <include>Animation.FadeIn</include>
                    </control>
                    <control type="button" id="9009">
                        <left>-2000</left>
                        <width>1</width>
                        <visible allowhiddenfocus="true">false</visible>
                        <include>DefInfoButtons</include>
                        <label>$INFO[Container(50).ListItem.Label]</label>
                        <onup>SetFocus(50)</onup>
                        <onup>Up</onup>
                        <onup>SetFocus(9009)</onup>
                        <ondown>SetFocus(50)</ondown>
                        <ondown>Down</ondown>
                        <ondown>SetFocus(9009)</ondown>
                        <onleft>SetFocus(9000)</onleft>
                        <onright>SetFocus(9000)</onright>
                        <onclick>PlayMedia($ESCINFO[Container(50).ListItem.FileNameAndPath])</onclick>
                    </control>
                    <control type="list" id="50">
                        <left>250</left>
                        <top>322</top>
                        <right>SidePad</right>
                        <width>1000</width>
                        <height>268</height>
                        <onleft>9000</onleft>
                        <onright>62</onright>
                        <onup>50</onup>
                        <ondown>50</ondown>
                        <viewtype label="">list</viewtype>
                        <pagecontrol>62</pagecontrol>
                        <orientation>vertical</orientation>
                        <itemlayout height="36" width="1000">
                            <control type="group">
                                <control type="image">
                                    <left>-3</left>
                                    <centertop>26</centertop>
                                    <width>25</width>
                                    <height>25</height>
                                    <aspectratio aligny="top">keep</aspectratio>
                                    <texture colordiffuse="Dark1">indicator/playlist.png</texture>
                                    <visible>ListItem.IsPlaying</visible>
                                </control>
                                <control type="label">
                                    <textcolor>Dark2</textcolor>
                                    <selectedcolor>Dark2</selectedcolor>
                                    <height>50</height>
                                    <width>660</width>
                                    <font>Tiny</font>
                                    <label>$INFO[ListItem.TrackNumber,,].  $INFO[ListItem.Label]  </label>
                                    <animation effect="slide" start="0" end="45" time="0" condition="ListItem.IsPlaying">Conditional</animation>
                                </control>
                            </control>
                        </itemlayout>
                        <focusedlayout height="36" width="1000">
                            <control type="group">
                                <visible>Control.HasFocus(9009)</visible>
                                <control type="image">
                                    <left>-3</left>
                                    <centertop>26</centertop>
                                    <width>25</width>
                                    <height>25</height>
                                    <aspectratio aligny="top">keep</aspectratio>
                                    <texture colordiffuse="$VAR[ColorHighlight]">indicator/playlist.png</texture>
                                    <visible>ListItem.IsPlaying</visible>
                                </control>
                                <control type="label">
                                    <textcolor>$VAR[ColorHighlight]</textcolor>
                                    <selectedcolor>$VAR[ColorHighlight]</selectedcolor>
                                    <height>50</height>
                                    <width>660</width>
                                    <font>Tiny</font>
                                    <label>$INFO[ListItem.TrackNumber,,].  $INFO[ListItem.Label]  </label>
                                    <animation effect="slide" start="0" end="45" time="0" condition="ListItem.IsPlaying">Conditional</animation>
                                </control>
                            </control>
                            <control type="group">
                                <visible>!Control.HasFocus(9009)</visible>
                                <control type="image">
                                    <left>-3</left>
                                    <centertop>26</centertop>
                                    <width>25</width>
                                    <height>25</height>
                                    <aspectratio aligny="top">keep</aspectratio>
                                    <texture colordiffuse="Dark1">indicator/playlist.png</texture>
                                    <visible>ListItem.IsPlaying</visible>
                                </control>
                                <control type="label">
                                    <textcolor>Dark2</textcolor>
                                    <selectedcolor>Dark2</selectedcolor>
                                    <height>50</height>
                                    <width>660</width>
                                    <font>Tiny</font>
                                    <label>$INFO[ListItem.TrackNumber,,].  $INFO[ListItem.Label]  </label>
                                    <animation effect="slide" start="0" end="45" time="0" condition="ListItem.IsPlaying">Conditional</animation>
                                </control>
                            </control>
                        </focusedlayout>
                    </control>
                </control>
            </control>
        </control>
        <control type="label">
            <right>83</right>
            <bottom>100</bottom>
            <height>50</height>
            <font>Mini</font>
            <scroll>false</scroll>
            <textcolor>Dark3</textcolor>
            <label>$VAR[DialogInfoLabel]</label>
            <aligny>center</aligny>
            <align>right</align>
            <visible>ControlGroup(9000).HasFocus()</visible>
            <include>Animation.FadeIn</include>
            <include>Animation.FadeOut</include>
        </control>
        <control type="button" id="160">
            <include>HiddenButton</include>
            <ondown>SetFocus(9501)</ondown>
            <onback>9501</onback>
            <onleft>SetFocus(9501)</onleft>
            <onleft>LEFT</onleft>
            <onleft>SetFocus(160)</onleft>
            <onright>SetFocus(9501)</onright>
            <onright>RIGHT</onright>
            <onright>SetFocus(160)</onright>
        </control>
        <control type="group">
            <visible>Control.HasFocus(160)</visible>
            <animation effect="fade" end="100" start="20" time="200" tween="sine" easing="in">Visible</animation>
            <animation effect="fade" end="0" start="100" time="200" tween="sine" easing="in">Hidden</animation>
            <control type="image">
                <left>0</left>
                <top>0</top>
                <width>1920</width>
                <height>1080</height>
                <texture>common/black.png</texture>
            </control>
            <control type="image">
                <height>1080</height>
                <fadetime>ImageViewerFadetime</fadetime>
                <aspectratio align="center">keep</aspectratio>
                <texture fallback="defaultaddonpicture.png" background="true">$INFO[Container(9501).ListItem.Icon]</texture>
            </control>
        </control>
        <control type="button" id="95031">
            <include>HiddenButton</include>
            <onback>9000</onback>
            <ondown>SetFocus(9000)</ondown>
            <onback>SetFocus(9000)</onback>
            <onclick>SetFocus(161)</onclick>
            <onleft>SetFocus(9503)</onleft>
            <onleft>LEFT</onleft>
            <onleft>SetFocus(95031)</onleft>
            <onright>SetFocus(9503)</onright>
            <onright>RIGHT</onright>
            <onright>SetFocus(95031)</onright>
        </control>
        <control type="button" id="161">
            <include>HiddenButton</include>
            <ondown>9000</ondown>
            <onback>95031</onback>
            <onleft>SetFocus(9503)</onleft>
            <onleft>LEFT</onleft>
            <onleft>SetFocus(161)</onleft>
            <onright>SetFocus(9503)</onright>
            <onright>RIGHT</onright>
            <onright>SetFocus(161)</onright>
        </control>
        <control type="group">
            <visible>Control.HasFocus(161)</visible>
            <animation effect="fade" end="100" start="20" time="200" tween="sine" easing="in">Visible</animation>
            <animation effect="fade" end="0" start="100" time="200" tween="sine" easing="in">Hidden</animation>
            <control type="image">
                <left>0</left>
                <top>0</top>
                <width>1920</width>
                <height>1080</height>
                <texture>common/black.png</texture>
            </control>
            <control type="image">
                <height>1080</height>
                <aspectratio align="center">keep</aspectratio>
                <fadetime>ImageViewerFadetime</fadetime>
                <texture fallback="defaultbrokenimage.png" background="true">$INFO[Container(9503).ListItem.Label]</texture>
            </control>
        </control>
        <include>DialogCustomSettings</include>
    </include>
</includes>
