<?xml version="1.0" encoding="UTF-8"?>
<!-- Foundation -->
<window id="7">
    <defaultcontrol always="true">95</defaultcontrol>
    <controls>
        <include>GlobalBackground</include>
        <include>Furniture_Clock</include>
        <include>Furniture_NowPlaying</include>
        <include>Furniture_Header</include>
        <include>Furniture_Weather</include>
        <control type="group">
            <include>Animation.Common</include>
            <left>72</left>
            <right>72</right>
            <top>208</top>
            <height>656</height>
            <control type="image">
                <width>100%</width>
                <height>100%</height>
                <texture border="16" colordiffuse="Panel">common/rounded-shadow8.png</texture>
            </control>
            <control type="group">
                <left>8</left>
                <right>8</right>
                <top>8</top>
                <bottom>18</bottom>

                <!-- Lines -->
                <control type="image">
                    <top>10</top>
                    <left>450</left>
                    <width>1</width>
                    <bottom>10</bottom>
                    <colordiffuse>Black12</colordiffuse>
                    <texture>common/white.png</texture>
                </control>
                <control type="label">
                    <left>30</left>
                    <width>390</width>
                    <posy>18</posy>
                    <font>MediumBold</font>
                    <label>5</label>
                    <textcolor>PanelWhite100</textcolor>
                </control>
                <control type="label">
                    <left>30</left>
                    <right>30</right>
                    <posy>77</posy>
                    <height>30</height>
                    <font>Tiny</font>
                    <label>$INFO[System.FriendlyName]</label>
                    <textcolor>PanelWhite70</textcolor>
                    <scroll>true</scroll>
                </control>
                <control type="label" description="Header">
                    <visible>!ControlGroup(9101).HasFocus(101)</visible>
                    <left>480</left>
                    <width>390</width>
                    <posy>18</posy>
                    <font>MediumBold</font>
                    <label>130</label>
                    <textcolor>PanelWhite100</textcolor>
                </control>
                <control type="label" id="52" description="XBMC Build Version">
                    <visible>!ControlGroup(9101).HasFocus(101)</visible>
                    <left>480</left>
                    <right>30</right>
                    <posy>77</posy>
                    <height>30</height>
                    <font>Tiny</font>
                    <height>40</height>
                    <textcolor>PanelWhite70</textcolor>
                    <scroll>true</scroll>
                </control>
                <include content="Def_Gradient_Settings_Image">
                    <param name="controlid" value="9101"/>
                    <param name="left" value="0"/>
                    <param name="top" value="140"/>
                    <param name="width" value="450"/>
                    <param name="overlayfix" value="true"/>
                </include>

                <!-- Left Group -->
                <control type="grouplist" id="9101">
                    <width>450</width>
                    <top>140</top>
                    <bottom>0</bottom>
                    <itemgap>0</itemgap>
                    <scrolltime>0</scrolltime>
                    <onup>9101</onup>
                    <ondown>9101</ondown>
                    <control type="button" id="95">
                        <description>General</description>
                        <include>DefSettingsButtonGradient</include>
                        <label>20037</label>
                    </control>
                    <control type="button" id="94">
                        <description>Storage</description>
                        <include>DefSettingsButtonGradient</include>
                        <label>13277</label>
                    </control>
                    <control type="button" id="96">
                        <description>Network</description>
                        <include>DefSettingsButtonGradient</include>
                        <label>13279</label>
                    </control>
                    <control type="button" id="97">
                        <description>Video</description>
                        <include>DefSettingsButtonGradient</include>
                        <label>13280</label>
                    </control>
                    <control type="button" id="98">
                        <description>Hardware</description>
                        <include>DefSettingsButtonGradient</include>
                        <label>13281</label>
                    </control>
                    <control type="button" id="99">
                        <description>Live TV</description>
                        <include>DefSettingsButtonGradient</include>
                        <label>19012</label>
                    </control>
                    <control type="button" id="100">
                        <include>DefSettingsButtonGradient</include>
                        <label>12389</label>
                    </control>
                    <control type="button" id="101">
                        <include>DefSettingsButtonGradient</include>
                        <label>31018</label>
                    </control>
                </control>
                <control type="grouplist">
                    <left>480</left>
                    <top>140</top>
                    <bottom>0</bottom>
                    <right>30</right>
                    <itemgap>0</itemgap>
                    <usecontrolcoords>true</usecontrolcoords>
                    <control type="label">
                        <description>CPU Text</description>
                        <font>Tiny</font>
                        <width>750</width>
                        <height>60</height>
                        <label>$LOCALIZE[13271]</label>
                        <include>DefSettingsButton</include>
                        <visible>!ControlGroup(9101).HasFocus(100) + !ControlGroup(9101).HasFocus(101)</visible>
                    </control>
                    <control type="label">
                        <description>CPU Text</description>
                        <font>Tiny</font>
                        <posy>-60</posy>
                        <posx>750</posx>
                        <align>right</align>
                        <width>450</width>
                        <height>60</height>
                        <label>$INFO[System.CPUUsage]</label>
                        <include>DefSettingsButton</include>
                        <visible>!ControlGroup(9101).HasFocus(100) + !ControlGroup(9101).HasFocus(101)</visible>
                    </control>
                    <control type="progress" id="22">
                        <description>CPU BAR</description>
                        <font>Tiny</font>
                        <height>10</height>
                        <width>750</width>
                        <info>System.CPUUsage</info>
                        <include>DefSettingsButton</include>
                        <visible>!ControlGroup(9101).HasFocus(100) + !ControlGroup(9101).HasFocus(101)</visible>
                    </control>
                    <control type="label">
                        <description>Memory Text</description>
                        <posy>-70</posy>
                        <posx>800</posx>
                        <font>Tiny</font>
                        <height>60</height>
                        <label>$LOCALIZE[31104]:</label>
                        <include>DefSettingsButton</include>
                        <visible>!ControlGroup(9101).HasFocus(100) + !ControlGroup(9101).HasFocus(101)</visible>
                    </control>
                    <control type="label">
                        <description>Memory Text</description>
                        <posy>-60</posy>
                        <align>right</align>
                        <posx>800</posx>
                        <font>Tiny</font>
                        <height>60</height>
                        <label>$INFO[system.memory(used.percent)]</label>
                        <include>DefSettingsButton</include>
                        <visible>!ControlGroup(9101).HasFocus(100) + !ControlGroup(9101).HasFocus(101)</visible>
                    </control>
                    <control type="progress" id="24">
                        <description>Memory BAR</description>
                        <font>Tiny</font>
                        <posx>800</posx>
                        <height>10</height>
                        <info>system.memory(used)</info>
                        <include>DefSettingsButton</include>
                        <visible>!ControlGroup(9101).HasFocus(100) + !ControlGroup(9101).HasFocus(101)</visible>
                    </control>
                    <control type="label" id="25">
                        <description>Spacer</description>
                        <visible>!ControlGroup(9101).HasFocus(100)</visible>
                        <font />
                        <font>Tiny</font>
                        <height>20</height>
                    </control>
                    <control type="label">
                        <animation effect="slide" start="0" end="0,-50" time="0" condition="true">Conditional</animation>
                        <visible>ControlGroup(9101).HasFocus(101)</visible>
                        <description>Loading</description>
                        <width>100%</width>
                        <height>75</height>
                        <align>center</align>
                        <aligny>center</aligny>
                        <label>Arctic [COLOR=$VAR[ColorHighlight]]Zephyr[/COLOR]</label>
                        <font>EpisodeNumber</font>
                        <textcolor>PanelWhite100</textcolor>
                    </control>
                    <control type="button" id="9905">
                        <width>1310</width>
                        <height>20</height>
                        <visible>ControlGroup(9101).HasFocus(101)</visible>
                        <include>DefSettingsButtonLabelInfo</include>
                        <label></label>
                        <enable>false</enable>
                    </control>
                    <control type="image" id="9902">
                        <animation effect="slide" start="0" end="0,-50" time="0" condition="true">Conditional</animation>
                        <visible>ControlGroup(9101).HasFocus(101)</visible>
                        <aspectratio scalediffuse="false">keep</aspectratio>
                        <height>47</height>
                        <left>385</left>
                        <texture>backg/matrix.png</texture>
                    </control>                        
                    <control type="button" id="9907">
                        <animation effect="slide" start="0" end="0,-50" time="0" condition="true">Conditional</animation>
                        <width>1310</width>
                        <height>279</height>
                        <visible>ControlGroup(9101).HasFocus(101)</visible>
                        <include>DefSettingsButtonLabelInfo</include>
                        <label>31137</label>
                        <enable>false</enable>
                    </control>
                    <control type="label">
                        <width>300</width>
                        <height>1</height>
                        <left>955</left>
                        <font>Tiny</font>
                        <textcolor>PanelWhite70</textcolor>
                        <disabledcolor>PanelWhite70</disabledcolor>
                        <visible>ControlGroup(9101).HasFocus(101)</visible>
                        <animation effect="slide" start="0" end="0,-348" time="0" condition="true">Conditional</animation>
                        <align>left</align>
                        <label>v$INFO[System.AddonVersion(skin.arctic.zephyr.mod)]</label>
                        <enable>false</enable>
                    </control>
                    <control type="label" id="2">
                        <description>Label 2</description>
                        <font>Tiny</font>
                        <height>40</height>
                        <include>DefSettingsButton</include>
                        <visible>!ControlGroup(9101).HasFocus(101)</visible>
                    </control>
                    <control type="label" id="3">
                        <description>Label 3</description>
                        <font>Tiny</font>
                        <height>40</height>
                        <include>DefSettingsButton</include>
                        <visible>!ControlGroup(9101).HasFocus(101)</visible>
                    </control>
                    <control type="label" id="4">
                        <description>Label 4</description>
                        <font>Tiny</font>
                        <height>40</height>
                        <include>DefSettingsButton</include>
                        <visible>!ControlGroup(9101).HasFocus(101)</visible>
                    </control>
                    <control type="label" id="5">
                        <description>Label 5</description>
                        <font>Tiny</font>
                        <height>40</height>
                        <include>DefSettingsButton</include>
                        <visible>!ControlGroup(9101).HasFocus(101)</visible>
                    </control>
                    <control type="label" id="6">
                        <description>Label 6</description>
                        <font>Tiny</font>
                        <height>40</height>
                        <include>DefSettingsButton</include>
                        <visible>!ControlGroup(9101).HasFocus(101)</visible>
                    </control>
                    <control type="label" id="7">
                        <description>Label 7</description>
                        <font>Tiny</font>
                        <height>40</height>
                        <include>DefSettingsButton</include>
                        <visible>!ControlGroup(9101).HasFocus(101)</visible>
                    </control>
                    <control type="label" id="8">
                        <description>Label 8</description>
                        <font>Tiny</font>
                        <height>40</height>
                        <include>DefSettingsButton</include>
                        <visible>!ControlGroup(9101).HasFocus(101)</visible>
                    </control>
                    <control type="label" id="9">
                        <description>Label 9</description>
                        <font>Tiny</font>
                        <height>40</height>
                        <include>DefSettingsButton</include>
                        <visible>!ControlGroup(9101).HasFocus(101)</visible>
                    </control>
                    <control type="label" id="10">
                        <description>Label 10</description>
                        <font>Tiny</font>
                        <height>40</height>
                        <include>DefSettingsButton</include>
                        <visible>!ControlGroup(9101).HasFocus(101)</visible>
                    </control>
                    <control type="label" id="11">
                        <description>Label 11</description>
                        <font>Tiny</font>
                        <height>40</height>
                        <include>DefSettingsButton</include>
                        <visible>!ControlGroup(9101).HasFocus(101)</visible>
                    </control>
                    <control type="label" id="12">
                        <description>Label 12</description>
                        <font>Tiny</font>
                        <height>40</height>
                        <include>DefSettingsButton</include>
                        <visible>!ControlGroup(9101).HasFocus(101)</visible>
                    </control>
                </control>
                <control type="textbox" id="30">
                    <visible>!ControlGroup(9101).HasFocus(101)</visible>
                    <left>480</left>
                    <top>155</top>
                    <bottom>0</bottom>
                    <right>30</right>
                    <font>Tiny</font>
                </control>
            </control>
        </control>
    </controls>
</window>