<?xml version="1.0" encoding="UTF-8"?>
<!-- Foundation -->
<includes>

    <include name="View_503_Poster_Square">
        <description>List View (id=503)</description>
        <control type="group">
            <include>Animation.Common</include>
            <visible>Control.IsVisible(503)</visible>
            <control type="fixedlist" id="503">
                <!--<oninfo condition="ListItem.IsCollection">ActivateWindow(1132)</oninfo>-->
                <visible>String.Contains(Container.FolderPath,plugin://plugin.program.advanced.launcher/,left) | Container.Content(musicvideos) | Container.Content(albums) | Container.Content(songs)</visible>
                <posy>239</posy>
                <posx>-190</posx>
                <width>2300</width>
                <onup condition="!Skin.HasSetting(global.kioskmode)">9000</onup>
                <ondown>1636</ondown>
                <onleft>503</onleft>
                <onright>503</onright>
                <focusposition>1</focusposition>
                <preloaditems>0</preloaditems>
                <pagecontrol>1636</pagecontrol>
                <orientation>horizontal</orientation>
                <include content="forced_view" condition="Skin.HasSetting(enable.forcedviews)">
                    <param name="string" value="$LOCALIZE[37902]" />
                </include>
                <viewtype label="37902">list</viewtype>
                <include>ScrolltimeViewsList</include>
                <itemlayout width="270">
                    <control type="group">
                        <animation effect="Conditional" condition="true">
                            <effect type="zoom" end="60" time="0" center="213,452"/>
                        </animation>
                        <control type="image">
                            <centertop>PosterW</centertop>
                            <width>PosterW</width>
                            <height>48</height>
                            <aspectratio>stretch</aspectratio>
                            <texture>diffuse/shadowspot.png</texture>
                        </control>
                        <control type="image">
                            <width>PosterW</width>
                            <height>PosterW</height>
                            <texture border="4" colordiffuse="Fallback">common/diffuse_box.png</texture>
                        </control>
                        <control type="image">
                            <left>-24</left>
                            <top>-24</top>
                            <width>PosterShadowW</width>
                            <height>PosterShadowW</height>
                            <texture border="32">common/$VAR[shadow-24]</texture>
                        </control>                        
                        <control type="image">
                            <top>2</top>
                            <width>PosterW</width>
                            <height>PosterW</height>
                            <fadetime>PosterFanartFadetime</fadetime>
                            <aspectratio align="center" aligny="center" scalediffuse="false">scale</aspectratio>
                            <texture diffuse="diffuse/listposter.png" background="true">$VAR[PosterImage]</texture>
                        </control>
                        <control type="image">
                            <left>1</left>
                            <top>0</top>
                            <right>-160</right>
                            <bottom>409</bottom>
                            <texture colordiffuse="Box2" border="4">common/box21.png</texture>
                            <visible>!Skin.HasSetting(thumbnails.white)</visible>
                        </control>
                        <control type="group">
                            <visible>!String.IsEqual(ListItem.Label,..)</visible>
                            <visible>String.IsEqual(ListItem.Overlay,OverlayWatched.png)</visible>
                            <control type="image">
                                <left>379</left>
                                <centertop>32</centertop>
                                <width>32</width>
                                <height>32</height>
                                <aspectratio aligny="top">keep</aspectratio>
                                <texture>$VAR[PercentWatched]</texture>
                            </control>
                        </control>
                    </control>
                </itemlayout>
                <focusedlayout width="300">
                    <control type="group">
                        <posy>120</posy>
                        <animation condition="Container(503).OnNext | Container(503).OnPrevious" effect="zoom" start="60" end="100" delay="0" time="350" tween="sine" easing="out" center="213,276">Focus</animation>
                        <animation condition="Container(503).OnNext | Container(503).OnPrevious" effect="zoom" start="100" end="60" delay="0" time="250" tween="sine" easing="out" center="213,276">UnFocus</animation>
                        <control type="image">
                            <centertop>PosterW</centertop>
                            <width>PosterW</width>
                            <height>48</height>
                            <aspectratio>stretch</aspectratio>
                            <texture>diffuse/shadowspot.png</texture>
                        </control>
                        <control type="image">
                            <width>PosterW</width>
                            <height>PosterW</height>
                            <texture border="4" colordiffuse="Fallback">common/diffuse_box.png</texture>
                        </control>
                        <control type="image">
                            <left>-24</left>
                            <top>-24</top>
                            <width>PosterShadowW</width>
                            <height>PosterShadowW</height>
                            <texture border="32">common/$VAR[shadow-24]</texture>
                        </control>                        
                        <control type="image">
                            <width>PosterW</width>
                            <height>PosterW</height>
                            <fadetime>PosterFanartFadetime</fadetime>
                            <aspectratio align="center" aligny="center" scalediffuse="false">scale</aspectratio>
                            <texture diffuse="diffuse/listposter.png" background="true">$VAR[PosterImage]</texture>
                        </control>
                        <control type="image">
                            <left>-2</left>
                            <top>-1</top>
                            <right>-129</right>
                            <bottom>292</bottom>
                            <texture colordiffuse="Box2" border="4">common/box21.png</texture>
                            <visible>!Skin.HasSetting(thumbnails.white)</visible>
                        </control>
                        <control type="group">
                            <visible>!String.IsEqual(ListItem.Label,..)</visible>
                            <visible>String.IsEqual(ListItem.Overlay,OverlayWatched.png)</visible>
                            <control type="image">
                                <left>379</left>
                                <centertop>32</centertop>
                                <width>32</width>
                                <height>32</height>
                                <aspectratio aligny="top">keep</aspectratio>
                                <texture>$VAR[PercentWatched]</texture>
                            </control>
                        </control>
                    </control>
                </focusedlayout>
            </control>
            <control type="group">
                <control type="scrollbar" id="1636">
                    <onback>50</onback>
                    <left>90</left>
                    <width>1745</width>
                    <bottom>210</bottom>
                    <orientation>horizontal</orientation>
                    <height>8</height>
                    <onup>50</onup>
                    <ondown condition="!Skin.HasSetting(global.kioskmode)">290000</ondown>
                    <texturesliderbackground border="4" colordiffuse="Dark4">scrollbar/scrollv.png</texturesliderbackground>
                    <texturesliderbar border="4" colordiffuse="Dark2">scrollbar/scrollv.png</texturesliderbar>
                    <texturesliderbarfocus border="4" colordiffuse="Dark1">scrollbar/scrollv.png</texturesliderbarfocus>
                    <animation effect="fade" start="100" end="23" time="400" condition="!Control.HasFocus(1636) + !Container.Scrolling">Conditional</animation>
                </control>
            </control>
            <control type="grouplist">
                <left>540</left>
                <right>SidePad</right>
                <top>700</top>
                <orientation>vertical</orientation>
                <visible>![Container(503).OnNext | Container(503).OnPrevious]</visible>
                <animation effect="fade" start="0" end="100" delay="450" time="250" reversible="false">Visible</animation>
                <control type="label">
                    <font>SmallBold</font>
                    <label>$INFO[ListItem.Album]$INFO[ListItem.Year, (,)]</label>
                    <textcolor>Dark1</textcolor>
                    <height>35</height>
                    <aligny>top</aligny>
                    <visible>!Container.Content(songs)</visible>
                </control>
                <control type="label">
                    <font>SmallBold</font>
                    <label>$INFO[ListItem.Title]</label>
                    <textcolor>Dark1</textcolor>
                    <height>35</height>
                    <aligny>top</aligny>
                    <visible>Container.Content(songs)</visible>
                </control>
                <control type="label">
                    <font>Tiny</font>
                    <label>$INFO[ListItem.Artist]</label>
                    <textcolor>Dark1</textcolor>
                    <height>42</height>
                    <aligny>top</aligny>
                    <visible>!Skin.HasSetting(thumbnails.moreinfos)</visible>
                </control>
                <control type="label">
                    <font>Tiny</font>
                    <label>$INFO[ListItem.Artist]$INFO[ListItem.Genre,  •  ]</label>
                    <textcolor>Dark1</textcolor>
                    <height>42</height>
                    <aligny>top</aligny>
                    <visible>Skin.HasSetting(thumbnails.moreinfos)</visible>
                </control>
            </control>
        </control>
    </include>
</includes>
