<?xml version='1.0' encoding='UTF-8'?>
<shortcuts>
    <shortcut>
        <label2>Power Menu Shortcut</label2>
        <label>$LOCALIZE[13012]</label>
        <action>Quit()</action>
        <icon />
        <thumb />
        <visible>System.ShowExitButton</visible>
    </shortcut>
    <shortcut>
        <label2>Power Menu Shortcut</label2>
        <label>20046</label>
        <altlabel>20045</altlabel>
        <action>mastermode</action>
        <visible>System.HasLocks</visible>
        <icon />
        <thumb />
    </shortcut>
    <shortcut>
        <label2>Power Menu Shortcut</label2>
        <label>$LOCALIZE[31360]</label>
        <action>System.LogOff</action>
        <visible>System.HasLoginScreen | Integer.IsGreater(System.ProfileCount,1)</visible>
        <visible>System.Loggedon</visible>
        <icon />
        <thumb />
    </shortcut>
    <shortcut>
        <label2>Power Menu Shortcut</label2>
        <label>$LOCALIZE[13005]</label>
        <action>Powerdown()</action>
        <visible>System.CanPowerDown</visible>
        <icon />
        <thumb />
    </shortcut>
    <shortcut>
        <label2>Power Menu Shortcut</label2>
        <label>$LOCALIZE[20151]</label>
        <action>CancelAlarm(shutdowntimer)</action>
        <visible>System.HasAlarm(shutdowntimer)</visible>
        <icon />
        <thumb />
    </shortcut>
    <shortcut>
        <label2>Power Menu Shortcut</label2>
        <label>$LOCALIZE[20150]</label>
        <action>AlarmClock(shutdowntimer,Shutdown())</action>
        <visible>!System.HasAlarm(shutdowntimer)</visible>
        <visible>System.CanPowerDown | System.CanSuspend | System.CanHibernate</visible>
        <icon />
        <thumb />
    </shortcut>
    <shortcut>
        <label2>Power Menu Shortcut</label2>
        <label>$LOCALIZE[31364]</label>
        <visible>System.HasAlarm(shutdowntimer)</visible>
        <action>noop</action>
        <icon />
        <thumb />
    </shortcut>
    <shortcut>
        <label2>Power Menu Shortcut</label2>
        <label>$LOCALIZE[13011]</label>
        <action>Suspend()</action>
        <visible>System.CanSuspend</visible>
        <icon />
        <thumb />
    </shortcut>
    <shortcut>
        <label2>Power Menu Shortcut</label2>
        <label>$LOCALIZE[13013]</label>
        <action>Reset()</action>
        <visible>System.CanReboot</visible>
        <icon />
        <thumb />
    </shortcut>
    <shortcut>
        <label2>Power Menu Shortcut</label2>
        <label>$LOCALIZE[31232]</label>
        <action>RebootToAndroid</action>
        <visible>System.PathExist("/dev/env")</visible>
        <icon />
        <thumb />
    </shortcut>
    <shortcut>
        <label2>Power Menu Shortcut</label2>
        <label>$LOCALIZE[31156]</label>
        <action>ActivateWindowAndFocus(skinsettings,9108,2)</action>
        <visible>System.Loggedon</visible>
        <icon />
        <thumb />
    </shortcut>
    <shortcut>
        <label2>Power Menu Shortcut</label2>
        <label>$LOCALIZE[5]</label>
        <action>ActivateWindow(settings)</action>
        <visible>System.Loggedon</visible>
        <icon />
        <thumb />
    </shortcut>
    <shortcut>
        <label2>Power Menu Shortcut</label2>
        <label>$LOCALIZE[130]</label>
        <action>ActivateWindow(systeminfo)</action>
        <icon />
        <thumb />
    </shortcut>
    <shortcut>
        <label2>Power Menu Shortcut</label2>
        <label>$LOCALIZE[10003]</label>
        <action>ActivateWindow(filemanager)</action>
        <visible>System.Loggedon</visible>
        <icon />
        <thumb />
    </shortcut>
    <shortcut>
        <label2>Power Menu Shortcut</label2>
        <label>$LOCALIZE[31195]</label>
        <action>ReloadSkin()</action>
        <icon />
        <thumb />
    </shortcut>
</shortcuts>
