<?xml version="1.0" encoding="UTF-8"?>
<!-- Foundation -->
<includes>

    <include name="View_513_Shifted">
        <description>List View (id=513)</description>
        <control type="group">
            <include>Animation.Common</include>
            <visible>Control.IsVisible(513)</visible>
            <!--<include>JumpBarHorizontal</include>-->
            <include>ViewSlideForJumpBar</include>
            <control type="list" id="513">
                <!--<oninfo condition="ListItem.IsCollection">ActivateWindow(1132)</oninfo>-->
                <top>200</top>
                <right>SidePad</right>
                <left>70</left>
                <visible>Container.Content(movies) | Container.Content(tvshows) | Container.Content(seasons)</visible>
                <include content="forced_view" condition="Skin.HasSetting(enable.forcedviews)">
                    <param name="string" value="$LOCALIZE[37628]" />
                </include>
                <onleft condition="!Skin.HasSetting(global.kioskmode)">9000</onleft>
                <onright>1689</onright>
                <preloaditems>1</preloaditems>
                <pagecontrol>1689</pagecontrol>
                <height>690</height>
                <orientation>vertical</orientation>
                <viewtype label="37628">list</viewtype>
                <include>ScrolltimeViewsList</include>
                <itemlayout height="230" width="752">
                    <control type="image">
                        <left>2</left>
                        <top>0</top>
                        <right>361</right>
                        <bottom>4</bottom>
                        <texture border="10">common/$VAR[nofocus-shadow10]</texture>
                    </control>
                    <control type="image">
                        <left>12</left>
                        <top>10</top>
                        <right>370</right>
                        <bottom>10</bottom>
                        <height>205</height>
                        <texture colordiffuse="Fallback" border="4" background="true">common/box.png</texture>
                    </control>
                    <control type="image">
                        <left>11</left>
                        <right>369</right>
                        <bottom>14</bottom>
                        <top>9</top>
                        <visible>!Skin.HasSetting(thumbnails.white)</visible>
                        <texture colordiffuse="Box2" border="4" background="true">common/box21.png</texture>
                    </control>
                    <control type="image">
                        <left>12</left>
                        <top>10</top>
                        <right>370</right>
                        <bottom>10</bottom>
                        <height>205</height>
                        <aspectratio scalediffuse="false">scale</aspectratio>
                        <texture diffuse="diffuse/pvrinfo.png" background="true">$VAR[FanartImage]</texture>
                        <visible>true</visible><!--default_true-->
                    </control>
                    <control type="image">
                        <left>12</left>
                        <top>10</top>
                        <right>370</right>
                        <bottom>10</bottom>
                        <height>205</height>
                        <aspectratio scalediffuse="false">keep</aspectratio>
                        <texture diffuse="diffuse/pvrinfo.png" background="true">$INFO[ListItem.Icon]</texture>
                        <visible>false</visible><!--default_false-->  
                    </control>
                    <control type="label">
                        <visible>!String.IsEqual(ListItem.Label,..)</visible>
                        <top>16</top>
                        <left>410</left>
                        <description>Header Label</description>
                        <textcolor>Dark1</textcolor>
                        <selectedcolor>Dark1</selectedcolor>
                        <font>SmallBold</font>
                        <width>1350</width>
                        <label fallback="19055">$INFO[ListItem.Title]</label>
                    </control>
                    <control type="label">
                        <visible>!String.IsEqual(ListItem.Label,..)</visible>
                        <top>71</top>
                        <left>410</left>
                        <height>36</height>
                        <font>Tiny</font>
                        <textcolor>Dark2</textcolor>
                        <selectedcolor>Dark2</selectedcolor>
                        <width>1350</width>
                        <label>$VAR[513_Row_1]</label>
                    </control>
                    <control type="textbox">
                        <top>126</top>
                        <bottom>17</bottom>
                        <left>410</left>
                        <font>Tiny</font>
                        <height>76</height>
                        <textcolor>Dark1</textcolor>
                        <selectedcolor>Dark1</selectedcolor>
                        <label>$INFO[ListItem.Plot]</label>
                        <width>1330</width>
                        <autoscroll>false</autoscroll>
                    </control>
                    <control type="label">
                        <align>center</align>
                        <aligny>center</aligny>
                        <width>50</width>
                        <right>367</right>
                        <top>6</top>
                        <height>50</height>
                        <textcolor>$VAR[WatchedBackingColor]</textcolor>
                        <font>SymbolPosterBackground</font>
                        <label>$VAR[WatchedBacking]</label>
                        <visible>!String.IsEqual(ListItem.Label,..)</visible>
                    </control>
                    <control type="label">
                        <align>center</align>
                        <aligny>center</aligny>
                        <width>50</width>
                        <right>367</right>
                        <top>6</top>
                        <height>50</height>
                        <textcolor>$VAR[WatchedLabelPosterColor]</textcolor>
                        <font>SymbolPoster</font>
                        <label>$VAR[WatchedLabelPoster]</label>
                        <visible>!String.IsEqual(ListItem.Label,..)</visible>
                    </control>
                </itemlayout>
                <focusedlayout height="230" width="752">
                    <control type="image">
                        <left>2</left>
                        <top>0</top>
                        <right>361</right>
                        <bottom>4</bottom>
                        <texture border="10">common/$VAR[nofocus-shadow10]</texture>
                    </control>
                    <control type="image">
                        <left>12</left>
                        <top>10</top>
                        <right>370</right>
                        <bottom>10</bottom>
                        <height>205</height>
                        <texture colordiffuse="Fallback" border="4" background="true">common/box.png</texture>
                    </control>
                    <control type="image">
                        <left>11</left>
                        <right>369</right>
                        <bottom>14</bottom>
                        <top>9</top>
                        <visible>!Skin.HasSetting(thumbnails.white)</visible>
                        <texture colordiffuse="Box2" border="4" background="true">common/box21.png</texture>
                    </control>
                    <control type="image">
                        <left>12</left>
                        <top>10</top>
                        <right>370</right>
                        <bottom>10</bottom>
                        <height>205</height>
                        <aspectratio scalediffuse="false">scale</aspectratio>
                        <texture diffuse="diffuse/pvrinfo.png" background="true">$VAR[FanartImage]</texture>
                        <visible>true</visible><!--default_true-->
                    </control>
                    <control type="image">
                        <left>12</left>
                        <top>10</top>
                        <right>370</right>
                        <bottom>10</bottom>
                        <height>205</height>
                        <aspectratio scalediffuse="false">keep</aspectratio>
                        <texture diffuse="diffuse/pvrinfo.png" background="true">$INFO[ListItem.Icon]</texture>
                        <visible>false</visible><!--default_false-->  
                    </control>
                    <control type="label">
                        <visible>!String.IsEqual(ListItem.Label,..)</visible>
                        <top>16</top>
                        <left>410</left>
                        <description>Header Label</description>
                        <textcolor>Dark1</textcolor>
                        <selectedcolor>Dark1</selectedcolor>
                        <font>SmallBold</font>
                        <width>1350</width>
                        <label fallback="19055">$INFO[ListItem.Title]</label>
                    </control>
                    <control type="group">
                        <visible>!String.IsEqual(ListItem.Label,..)</visible>
                        <top>71</top>
                        <left>410</left>
                        <control type="label">
                            <height>36</height>
                            <font>Tiny</font>
                            <textcolor>Dark2</textcolor>
                            <selectedcolor>Dark2</selectedcolor>
                            <width>1350</width>
                            <label>$VAR[LabelDurationVar50]</label>
                            <include>Animation.TestIn</include>
                        </control>
                        <control type="label">
                            <height>36</height>
                            <font>Tiny</font>
                            <textcolor>Dark2</textcolor>
                            <selectedcolor>Dark2</selectedcolor>
                            <width>1350</width>
                            <label>$VAR[513_Row_1]</label>
                            <include>Animation.TestOut</include>
                        </control>
                    </control>
                    <control type="textbox">
                        <top>126</top>
                        <bottom>17</bottom>
                        <left>410</left>
                        <font>Tiny</font>
                        <height>76</height>
                        <textcolor>Dark1</textcolor>
                        <selectedcolor>Dark1</selectedcolor>
                        <label>$INFO[ListItem.Plot]</label>
                        <width>1330</width>
                    </control>
                    <control type="image">
                        <include>Animation.SelectBoxHome</include>
                        <left>4</left>
                        <top>3</top>
                        <right>362</right>
                        <bottom>7</bottom>
                        <texture border="20" colordiffuse="$VAR[ColorSquares]">common/selectbox.png</texture>
                    </control>
                    <control type="image">
                        <include>Animation.SelectBoxHome</include>
                        <left>4</left>
                        <top>3</top>
                        <right>362</right>
                        <bottom>7</bottom>
                        <texture border="20" colordiffuse="$VAR[ColorHighlightSelectbox2]">common/gradient-selectbox.png</texture>
                    </control>
                    <control type="label">
                        <align>center</align>
                        <aligny>center</aligny>
                        <width>50</width>
                        <right>367</right>
                        <top>6</top>
                        <height>50</height>
                        <textcolor>$VAR[WatchedBackingColor]</textcolor>
                        <font>SymbolPosterBackground</font>
                        <label>$VAR[WatchedBacking]</label>
                        <visible>!String.IsEqual(ListItem.Label,..)</visible>
                    </control>
                    <control type="label">
                        <align>center</align>
                        <aligny>center</aligny>
                        <width>50</width>
                        <right>367</right>
                        <top>6</top>
                        <height>50</height>
                        <textcolor>$VAR[WatchedLabelPosterColor]</textcolor>
                        <font>SymbolPoster</font>
                        <label>$VAR[WatchedLabelPoster]</label>
                        <visible>!String.IsEqual(ListItem.Label,..)</visible>
                    </control>
                </focusedlayout>
            </control>
            <control type="scrollbar" id="1689">
                <include content="scrollbar_vertical">
                    <param name="scrollid" value="1689"/>
                </include>
            </control>
            <control type="image">
                <visible>Control.HasFocus(513) + !Container(513).OnPrevious</visible>
                <include>Animation.DelayFadeIn</include>
                <top>185</top>
                <left>258</left>
                <width>16</width>
                <height>16</height>
                <texture colordiffuse="Dark1" flipy="true">common/arrow-small.png</texture>
            </control>
            <control type="image">
                <visible>Control.HasFocus(513) + !Container(513).OnNext</visible>
                <include>Animation.DelayFadeIn</include>
                <top>883</top>
                <left>258</left>
                <width>16</width>
                <height>16</height>
                <texture colordiffuse="Dark1" flipy="false">common/arrow-small.png</texture>
            </control>
        </control>
    </include>
</includes>
