<?xml version="1.0" encoding="UTF-8"?>
<!-- Foundation -->
<includes>

    <include name="ListInfoArrows">
        <control type="group">
            <visible>$PARAM[visi]</visible>
            <top>$PARAM[arrowtop]</top>
            <visible>Control.HasFocus($PARAM[controlid]) + !Container($PARAM[controlid]).OnNext + !Container($PARAM[controlid]).OnPrevious + Integer.IsGreater(Container($PARAM[controlid]).NumItems,1)</visible>
            <include>Animation.DelayFadeIn</include>
            <control type="image">
                <left>$PARAM[arrowleft]</left>
                <width>16</width>
                <height>16</height>
                <texture colordiffuse="Dark1" flipx="true">common/arrow-small-right.png</texture>
                <animation effect="slide" start="0,0" end="210,0" time="0" condition="String.IsEqual(Container($PARAM[controlid]).CurrentItem,1)">Conditional</animation>
            </control>
            <control type="image">
                <right>$PARAM[arrowright]</right>
                <width>16</width>
                <height>16</height>
                <texture colordiffuse="Dark1">common/arrow-small-right.png</texture>
            </control>
        </control>
    </include>

    <include name="ListInfoUpdating">
        <param name="alignleft" value="$PARAM[alignleft]" default="750"/>
        <param name="alignbottom" value="$PARAM[alignbottom]" default="240"/>
        <definition>
        <control type="group">
            <visible>$PARAM[visi]</visible>
            <centerleft>$PARAM[alignleft]</centerleft>
            <centerbottom>$PARAM[alignbottom]</centerbottom>
            <control type="group">
                <top>50</top>
                <right>0</right>
                <width>1000</width>
                <visible>Container($PARAM[controlid]).IsUpdating</visible>
                <include>Animation.FadeIn</include>
                <control type="image">
                    <description>Busy animation</description>
                    <left>322</left>
                    <width>100</width>
                    <height>100</height>
                    <texture>dialog/loading-back.png</texture>
                    <aspectratio>keep</aspectratio>
                </control>
                <control type="image">
                    <description>Busy animation</description>
                    <left>322</left>
                    <width>100</width>
                    <height>100</height>
                    <animation effect="rotate" condition="true" start="360" end="0" loop="true" time="1000" center="auto">Conditional</animation>
                    <texture colordiffuse="$VAR[ColorHighlight]">dialog/loading-spinner.png</texture>
                    <aspectratio>keep</aspectratio>
                </control>
                <control type="label">
                    <top>24</top>
                    <description>Busy label</description>
                    <left>424</left>
                    <width>720</width>
                    <height>48</height>
                    <align>left</align>
                    <label>$LOCALIZE[31138]...</label>
                    <textcolor>Dark1</textcolor>
                </control>
            </control>
            <control type="group">
                <visible>[String.IsEmpty(Container($PARAM[controlid]).ListItem.Label) + !Container($PARAM[controlid]).IsUpdating] | [!Integer.IsGreater(Container(9508).NumItems,1) + String.IsEqual(ListItem.DBType,song) + String.IsEqual(Window.Property(musiccontent),8)]</visible>
                <include>Animation.DelayFadeIn</include>
                <top>72</top>
                <control type="label">
                    <right>0</right>
                    <width>1000</width>
                    <height>48</height>
                    <align>center</align>
                    <textcolor>Dark1</textcolor>
                    <label>$VAR[ListInfoUpdatingLabel]</label>
                </control>
            </control>
        </control>
        </definition>
    </include>

    <include name="AddonImageList">
        <param name="zoom" value="$PARAM[zoom]" default="140"/>
        <param name="height" value="$PARAM[height]" default="349"/>
        <definition>

            <!-- INFOCONTENT -->
            <control type="label">
                <visible>Control.HasFocus($PARAM[controlid]) + String.IsEmpty(Window.Property(down))</visible>
                <width>1020</width>
                <bottom>$PARAM[headerbottom]</bottom>
                <left>$PARAM[headerleft]</left>
                <description>Header Label</description>
                <textcolor>Dark1</textcolor>
                <include>DefDialogInfoHeader</include>
                <label>$VAR[VideoListLabelHeader] ($INFO[Container($PARAM[controlid]).NumItems])</label>
                <include>Animation.DelayFadeIn</include>
            </control>
            <control type="group">
                <visible>!String.IsEmpty(Window.Property(down))</visible>
                <bottom>$PARAM[headerbottom]</bottom>
                <left>$PARAM[headerleft]</left>
                <width>450</width>
                <height>117</height>
                <include>Animation.DelayFadeIn</include>
                <control type="image">
                    <description>Busy animation</description>
                    <centerleft>34</centerleft>
                    <centertop>84</centertop>
                    <width>100</width>
                    <height>100</height>
                    <texture>dialog/loading-back.png</texture>
                    <aspectratio>keep</aspectratio>
                </control>
                <control type="image">
                    <description>Busy animation</description>
                    <centerleft>34</centerleft>
                    <centertop>84</centertop>
                    <width>100</width>
                    <height>100</height>
                    <animation effect="rotate" condition="true" start="360" end="0" loop="true" time="1000" center="auto">Conditional</animation>
                    <texture colordiffuse="$VAR[ColorHighlight]">dialog/loading-spinner.png</texture>
                    <aspectratio>keep</aspectratio>
                </control>
                <control type="label">
                    <description>Busy label</description>
                    <posx>85</posx>
                    <posy>60</posy>
                    <width>720</width>
                    <height>48</height>
                    <align>left</align>
                    <label>$LOCALIZE[31138]...</label>
                    <textcolor>Dark1</textcolor>
                </control>
            </control>
            <control type="group">
                <animation type="Conditional" condition="!String.IsEmpty(Window.Property(down)) + Control.HasFocus(50)" reversible="false">
                    <effect type="slide" end="0,-20" time="60" tween="sine"/>
                    <effect type="slide" end="0,20" time="180" tween="sine" delay="80"/>
                </animation>
                <left>-211</left>
                <top>82</top>
                <visible>Control.HasFocus(50) + !Container(50).OnNext + !Container(50).OnPrevious</visible>
                <include>Animation.DelayFadeIn</include>
                <control type="image">
                    <width>16</width>
                    <height>16</height>
                    <texture colordiffuse="Dark1" flipy="true">common/arrow-small.png</texture>
                </control>
                <control type="image">
                    <top>12</top>
                    <width>16</width>
                    <height>16</height>
                    <texture colordiffuse="Dark1" flipy="true">common/arrow-small.png</texture>
                </control>
            </control>
            <include content="ListInfoArrows">
                <param name="controlid" value="$PARAM[controlid]"/>
                <param name="arrowleft" value="$PARAM[arrowleft]"/>
                <param name="arrowtop" value="$PARAM[arrowtop]"/>
                <param name="arrowright" value="$PARAM[arrowright]"/>
            </include>
            <control type="wraplist" id="$PARAM[controlid]">
                <visible allowhiddenfocus="true">!Container($PARAM[controlid]).IsUpdating</visible>
                <visible>$PARAM[visi]</visible>
                <include>Animation.FadeOutDialogWIP</include>
                <include>Animation.FadeInDialogWIP</include>
                <include>$PARAM[animation]</include>
                <bottom>$PARAM[listbottom]</bottom>
                <left>$PARAM[listleft]</left>
                <focusposition>$PARAM[focusposition]</focusposition>
                <width>2088</width>
                <height>670</height>
                <onup>$PARAM[onup1]</onup>
                <onleft>$PARAM[controlid]</onleft>
                <onright>$PARAM[controlid]</onright>
                <ondown>9000</ondown>
                <ondown>ClearProperty(down)</ondown>
                <onclick>$PARAM[onclick1]</onclick>
                <onclick>$PARAM[onclick2]</onclick>
                <include>ScrolltimeDetailsList</include>
                <orientation>horizontal</orientation>
                <preloaditems>2</preloaditems>
                <viewtype label="536">list</viewtype>
                <itemlayout height="$PARAM[height]" width="$PARAM[width]">
                    <include content="DefExtendedInfoItemContentWIP">
                        <param name="aspect" value="$PARAM[aspect]" default="scale"/>
                        <param name="fallbackpicture" value="$PARAM[fallbackpicture]"/>
                    </include>
                </itemlayout>
                <focusedlayout height="$PARAM[height]" width="$PARAM[width]">
                    <include content="DefExtendedInfoFocusContentWIP">
                        <param name="fallbackpicture" value="$PARAM[fallbackpicture]"/>
                        <param name="aspect" value="$PARAM[aspect]" default="scale"/>
                        <param name="controlid" value="$PARAM[controlid]"/>
                        <param name="zoom" value="$PARAM[zoom]"/>
                        <param name="labelbottom" value="$PARAM[labelbottom]"/>
                        <param name="labelleft" value="$PARAM[labelleft]"/>
                        <param name="labeltwovisible" value="$PARAM[labeltwovisible]"/>
                        <param name="labeltwobottom" value="$PARAM[labeltwobottom]"/>
                        <param name="labeltwoleft" value="$PARAM[labeltwoleft]"/>
                    </include>
                </focusedlayout>
            </control>
        </definition>
    </include>

    <include name="VideoListCast">
        <param name="fallbackpicture" value="$PARAM[fallbackpicture]" default="DefaultPicture.png"/>
        <param name="leftbackgroundlist" value="$PARAM[leftbackgroundlist]" default="-227"/>
        <param name="animation.new" value="$PARAM[animation.new]" default="Animation.CastInfo"/>
        <param name="zoom" value="$PARAM[zoom]" default="140"/>
        <param name="height" value="$PARAM[height]" default="349"/>
        <param name="focusposition" value="$PARAM[focusposition]" default="2"/>
        <param name="storageicon.backgroundlist" value="$PARAM[storageicon.backgroundlist]"/>
        <param name="width" value="$PARAM[width]" default="260"/>
        <param name="headerbottom" value="$PARAM[headerbottom]" default="710"/>
        <param name="listbottom" value="$PARAM[listbottom]" default="30"/>
        <param name="listleft" value="$PARAM[listleft]" default="-250"/>
        <param name="width" value="$PARAM[width]" default="260"/>
        <param name="headerleft" value="$PARAM[headerleft]" default="-15"/>
        <param name="labelbottom" value="$PARAM[labelbottom]" default="-110"/>        
        <param name="labeltwobottom" value="$PARAM[labeltwobottom]" default="-150"/>        
        <param name="labelleft" value="$PARAM[labelleft]" default="-20"/>
        <param name="labeltwoleft" value="$PARAM[labeltwoleft]" default="130"/>
        <param name="condition.includecontent" value="$PARAM[condition.includecontent]" default="false"/>        
        <param name="condition.isnotsets" value="$PARAM[condition.isnotsets]" default="true"/>
        <param name="condition.issets" value="$PARAM[condition.issets]" default="false"/>
        <definition>

            <!-- INFOCONTENT -->
            <control type="label">
                <visible>$PARAM[visi]</visible>
                <visible>Control.HasFocus($PARAM[controlid]) + String.IsEmpty(Window.Property(down))</visible>
                <width>1020</width>
                <bottom>$PARAM[headerbottom]</bottom>
                <left>$PARAM[headerleft]</left>
                <description>Header Label</description>
                <textcolor>Dark1</textcolor>
                <include>DefDialogInfoHeader</include>
                <label>$VAR[VideoListLabelHeader] ($INFO[Container($PARAM[controlid]).NumItems])</label>
                <include>Animation.DelayFadeIn</include>
            </control>
            <control type="group">
                <visible>$PARAM[visi]</visible>
                <visible>!String.IsEmpty(Window.Property(down))</visible>
                <bottom>$PARAM[headerbottom]</bottom>
                <left>$PARAM[headerleft]</left>
                <width>450</width>
                <height>117</height>
                <include>Animation.DelayFadeIn</include>
                <control type="image">
                    <description>Busy animation</description>
                    <centerleft>34</centerleft>
                    <centertop>84</centertop>
                    <width>100</width>
                    <height>100</height>
                    <texture>dialog/loading-back.png</texture>
                    <aspectratio>keep</aspectratio>
                </control>
                <control type="image">
                    <description>Busy animation</description>
                    <centerleft>34</centerleft>
                    <centertop>84</centertop>
                    <width>100</width>
                    <height>100</height>
                    <animation effect="rotate" condition="true" start="360" end="0" loop="true" time="1000" center="auto">Conditional</animation>
                    <texture colordiffuse="$VAR[ColorHighlight]">dialog/loading-spinner.png</texture>
                    <aspectratio>keep</aspectratio>
                </control>
                <control type="label">
                    <description>Busy label</description>
                    <posx>85</posx>
                    <posy>60</posy>
                    <width>720</width>
                    <height>48</height>
                    <align>left</align>
                    <label>$LOCALIZE[31138]...</label>
                    <textcolor>Dark1</textcolor>
                </control>
            </control>
            <control type="group">
                <visible>$PARAM[visi]</visible>
                <animation type="Conditional" condition="!String.IsEmpty(Window.Property(down)) + Control.HasFocus($PARAM[controlid])" reversible="false">
                    <effect type="slide" end="0,-20" time="60" tween="sine"/>
                    <effect type="slide" end="0,20" time="180" tween="sine" delay="80"/>
                </animation>
                <left>-211</left>
                <top>82</top>
                <visible>Control.HasFocus(50) + !Container(50).OnNext + !Container(50).OnPrevious + !ListItem.IsCollection</visible>
                <include>Animation.DelayFadeIn</include>
                <control type="image">
                    <width>16</width>
                    <height>16</height>
                    <texture colordiffuse="Dark1" flipy="true">common/arrow-small.png</texture>
                </control>
                <control type="image">
                    <top>12</top>
                    <width>16</width>
                    <height>16</height>
                    <texture colordiffuse="Dark1" flipy="true">common/arrow-small.png</texture>
                </control>
            </control>
            <include content="ListInfoArrows">
                <param name="controlid" value="$PARAM[controlid]"/>
                <param name="arrowleft" value="$PARAM[arrowleft]"/>
                <param name="arrowtop" value="$PARAM[arrowtop]"/>
                <param name="arrowright" value="$PARAM[arrowright]"/>
                <param name="visi" value="$PARAM[visi]"/>
            </include>

            <!-- Background List -->
            <control type="grouplist">
                <top>361</top>
                <left>$PARAM[leftbackgroundlist]</left>
                <orientation>horizontal</orientation>
                <itemgap>-9.3</itemgap>
                <height>400</height>
                <width>1400</width>
                <visible>$PARAM[visi]</visible>
                <visible>!Container($PARAM[controlid]).IsUpdating</visible>
                <include>Animation.FadeInDialogWIP2</include>
                <include>Animation.FadeOutDialogWIP</include>
                <include content="$PARAM[animation.new]">
                    <param name="controlid" value="$PARAM[controlid]"/>
                </include>
                <include content="DefCastIconsBackgroundList" condition="$PARAM[condition.isnotsets]">
                    <param name="id" value="0"/>
                    <param name="fallbackpicture" value="$PARAM[fallbackpicture]"/>
                    <param name="controlid" value="$PARAM[controlid]"/>
                    <param name="visibleshadow" value="!Control.HasFocus($PARAM[controlid])"/>
                    <param name="storageicon.backgroundlist" value="$PARAM[storageicon.backgroundlist]"/>
                    <param name="aspectbox" value="$PARAM[aspectbox]"/>
                    <param name="aspectposter" value="$PARAM[aspectposter]"/>
                    <param name="poster" value="$PARAM[poster]"/>
                    <param name="thumb" value="$PARAM[thumb]"/>
                </include>                
                <include content="DefSetsIconsBackgroundList" condition="$PARAM[condition.issets]">
                    <param name="id" value="0"/>
                    <param name="fallbackpicture" value="$PARAM[fallbackpicture]"/>
                    <param name="controlid" value="$PARAM[controlid]"/>
                    <param name="visibleshadow" value="!Control.HasFocus($PARAM[controlid])"/>
                    <param name="storageicon.backgroundlist" value="$PARAM[storageicon.backgroundlist]"/>
                    <param name="aspectbox" value="$PARAM[aspectbox]"/>
                    <param name="aspectposter" value="$PARAM[aspectposter]"/>
                    <param name="poster" value="$PARAM[poster]"/>
                    <param name="thumb" value="$PARAM[thumb]"/>
                </include>
            </control>

            <!-- Focused List -->
            <control type="fixedlist" id="$PARAM[controlid]">
                <visible allowhiddenfocus="true">!Container($PARAM[controlid]).IsUpdating</visible>
                <visible>$PARAM[visi]</visible>
                <include>Animation.FadeOutDialogWIP</include>
                <include>Animation.FadeInDialogWIP</include>
                <bottom>$PARAM[listbottom]</bottom>
                <left>$PARAM[listleft]</left>
                <width>2288</width>
                <height>670</height>
                <onup>$PARAM[onup1]</onup>
                <onup condition="Control.HasFocus(50) + !ListItem.IsCollection">SetProperty(down,1)</onup>
                <onleft>$PARAM[controlid]</onleft>
                <onright>$PARAM[controlid]</onright>
                <ondown>9000</ondown>
                <ondown>ClearProperty(down)</ondown>
                <onback condition="!Window.IsVisible(script-embuary-person.xml) + !Window.IsVisible(script-embuary-video.xml)">9000</onback>
                <onback>ClearProperty(down)</onback>
                <onclick>$PARAM[onclick1]</onclick>
                <onclick>$PARAM[onclick2]</onclick>
                <onclick>$PARAM[onclick3]</onclick>
                <include>ScrolltimeDetailsList</include>
                <focusposition>$PARAM[focusposition]</focusposition>
                <orientation>horizontal</orientation>
                <preloaditems>2</preloaditems>
                <viewtype label="536">list</viewtype>
                <itemlayout height="$PARAM[height]" width="$PARAM[width]">
                    <control type="group">
                        <visible>$PARAM[visible.layouts]</visible>
                        <animation effect="fade" tween="sine" easing="inout" start="0" end="100" time="450" delay="50">Visible</animation>
                        <include content="DefExtendedInfoItemContentWIP" condition="$PARAM[condition.isnotsets]">
                            <param name="aspect" value="$PARAM[aspect]" default="scale"/>
                            <param name="fallbackpicture" value="$PARAM[fallbackpicture]"/>
                            <param name="poster" value="$PARAM[poster]"/>
                            <param name="thumb" value="$PARAM[thumb]"/>
                        </include>
                        <include content="DefExtendedInfoSetsContentWIP" condition="$PARAM[condition.issets]">
                            <param name="aspect" value="$PARAM[aspect]" default="scale"/>
                            <param name="fallbackpicture" value="$PARAM[fallbackpicture]"/>
                        </include>
                    </control>
                </itemlayout>
                <focusedlayout height="$PARAM[height]" width="$PARAM[width]">
                    <control type="group">
                        <visible>$PARAM[visible.layouts]</visible>
                        <animation effect="fade" start="0" end="100" time="0" delay="150">Visible</animation>
                        <include content="DefExtendedInfoFocusContentWIP" condition="$PARAM[condition.isnotsets]">
                            <param name="fallbackpicture" value="$PARAM[fallbackpicture]"/>
                            <param name="aspect" value="$PARAM[aspect]" default="scale"/>
                            <param name="controlid" value="$PARAM[controlid]"/>
                            <param name="zoom" value="$PARAM[zoom]"/>
                            <param name="labelbottom" value="$PARAM[labelbottom]"/>
                            <param name="labelleft" value="$PARAM[labelleft]"/>
                            <param name="labeltwovisible" value="$PARAM[labeltwovisible]"/>
                            <param name="labeltwobottom" value="$PARAM[labeltwobottom]"/>
                            <param name="labeltwoleft" value="$PARAM[labeltwoleft]"/>
                            <param name="poster" value="$PARAM[poster]"/>
                            <param name="thumb" value="$PARAM[thumb]"/>
                        </include>
                        <include content="DefExtendedInfoFocusSetsContentWIP" condition="$PARAM[condition.issets]">
                            <param name="fallbackpicture" value="$PARAM[fallbackpicture]"/>
                            <param name="aspect" value="$PARAM[aspect]" default="scale"/>
                            <param name="controlid" value="$PARAM[controlid]"/>
                            <param name="zoom" value="$PARAM[zoom]"/>
                            <param name="labelbottom" value="$PARAM[labelbottom]"/>
                            <param name="labelleft" value="$PARAM[labelleft]"/>
                            <param name="labeltwovisible" value="$PARAM[labeltwovisible]"/>
                            <param name="labeltwobottom" value="$PARAM[labeltwobottom]"/>
                            <param name="labeltwoleft" value="$PARAM[labeltwoleft]"/>
                        </include>
                    </control>
                </focusedlayout>
                <include condition="$PARAM[condition.includecontent]" content="includecontent">
                    <param name="target" value="$PARAM[target]" />
                    <param name="sortby" value="$PARAM[sortby]" />
                    <param name="limit" value="$PARAM[limit]" />
                    <param name="ContentToLoad" value="$PARAM[ContentToLoad]" />                
                </include>
            </control>
        </definition>
    </include>

    <include name="VideoListSquare">
        <param name="zoom" value="$PARAM[zoom]" default="140"/>
        <param name="height" value="$PARAM[height]" default="355"/>
        <param name="width" value="$PARAM[width]" default="370"/>
        <param name="topbackgroundlist" value="$PARAM[topbackgroundlist]" default="361"/>
        <param name="leftbackgroundlist" value="$PARAM[leftbackgroundlist]" default="-10"/>
        <param name="aspectposter" value="$PARAM[aspectposter]" default="false"/>
        <param name="aspectbox" value="$PARAM[aspectbox]" default="true"/>
        <param name="listtype" value="$PARAM[listtype]" default="fixedlist"/>
        <param name="music_info_onclick" value="$PARAM[music_info_onclick]" default="true"/>
        <param name="music_info_album" value="$PARAM[music_info_album]" default="false"/>
        <param name="animation.new" value="$PARAM[animation.new]" default="Animation.ExtendedCastInfoMusic"/>
        <param name="focusposition" value="$PARAM[focusposition]" default="2"/>
        <param name="listbottom" value="$PARAM[listbottom]" default="30"/>
        <param name="listleft" value="$PARAM[listleft]" default="-1100"/>
        <param name="headerbottom" value="$PARAM[headerbottom]" default="710"/>
        <param name="headerleft" value="$PARAM[headerleft]" default="80"/>
        <param name="labelbottom" value="$PARAM[labelbottom]" default="-115"/>
        <param name="labelleft" value="$PARAM[labelleft]" default="-40"/>        
        <param name="labeltwobottom" value="$PARAM[labeltwobottom]" default="-155"/>
        <param name="labeltwoleft" value="$PARAM[labeltwoleft]" default="130"/>
        <param name="labeltwovisible" value="$PARAM[labeltwovisible]" default="true"/>
        <param name="arrowtop" value="$PARAM[arrowtop]" default="342"/>
        <param name="arrowright" value="$PARAM[arrowright]" default="387"/>        
        <param name="arrowleft" value="$PARAM[arrowleft]" default="-658"/>
        <param name="alignleft" value="$PARAM[alignleft]" default="500"/>
        <definition>

            <!-- INFOCONTENT -->
            <control type="label">
                <visible>Control.HasFocus($PARAM[controlid])</visible>
                <visible>$PARAM[visi]</visible>
                <width>1020</width>
                <bottom>$PARAM[headerbottom]</bottom>
                <left>$PARAM[headerleft]</left>
                <description>Header Label</description>
                <textcolor>Dark1</textcolor>
                <include>DefDialogInfoHeader</include>
                <label>$VAR[VideoListLabelHeader] ($INFO[Container($PARAM[controlid]).NumItems])</label>
                <include>Animation.DelayFadeIn</include>
            </control>
            <include content="ListInfoArrows">
                <param name="controlid" value="$PARAM[controlid]"/>
                <param name="arrowleft" value="$PARAM[arrowleft]"/>
                <param name="arrowtop" value="$PARAM[arrowtop]"/>
                <param name="arrowright" value="$PARAM[arrowright]"/>
                <param name="visi" value="$PARAM[visi]"/>
            </include>

            <!-- Background List -->
            <control type="grouplist">
                <top>$PARAM[topbackgroundlist]</top>
                <left>$PARAM[leftbackgroundlist]</left>
                <orientation>horizontal</orientation>
                <itemgap>-9.66</itemgap>
                <height>400</height>
                <width>1400</width>
                <visible>$PARAM[visi]</visible>
                <visible>!Container($PARAM[controlid]).IsUpdating</visible>
                <include>Animation.FadeInDialogWIP2</include>
                <include>Animation.FadeOutDialogWIP</include>
                <include content="$PARAM[animation.new]">
                    <param name="controlid" value="$PARAM[controlid]"/>
                </include>
                <include content="DefCastIconsBackgroundList">
                    <param name="id" value="0"/>
                    <param name="fallbackpicture" value="$PARAM[fallbackpicture]"/>
                    <param name="controlid" value="$PARAM[controlid]"/>
                    <param name="visibleshadow" value="!Control.HasFocus($PARAM[controlid])"/>
                    <param name="storageicon.backgroundlist" value="$PARAM[storageicon.backgroundlist]"/>
                    <param name="aspectbox" value="$PARAM[aspectbox]"/>
                    <param name="aspectposter" value="$PARAM[aspectposter]"/>
                </include>
            </control>

            <!-- Focused List -->
            <control type="$PARAM[listtype]" id="$PARAM[controlid]">
                <visible allowhiddenfocus="true">!Container($PARAM[controlid]).IsUpdating</visible>
                <visible>$PARAM[visi]</visible>
                <include>Animation.FadeOutDialogWIP</include>
                <include>Animation.FadeInDialogWIP</include>
                <include>Animation.DelayFadeIn</include>
                <bottom>$PARAM[listbottom]</bottom>
                <left>$PARAM[listleft]</left>
                <focusposition>$PARAM[focusposition]</focusposition>
                <width>2488</width>
                <height>670</height>
                <onup>$PARAM[onup1]</onup>
                <onleft>$PARAM[controlid]</onleft>
                <onright>$PARAM[controlid]</onright>
                <ondown>9000</ondown>
                <onback>9000</onback>
                <include content="OnClickInclude" condition="$PARAM[music_info_onclick]">
                    <param name="onclick1" value="$PARAM[onclick1]"/>
                    <param name="onclick2" value="$PARAM[onclick2]"/>
                    <param name="onclick3" value="$PARAM[onclick3]"/>
                </include>
                <include condition="$PARAM[music_info_album]">OnClickInclude2</include>
                <include>ScrolltimeDetailsList</include>
                <orientation>horizontal</orientation>
                <preloaditems>2</preloaditems>
                <viewtype label="536">list</viewtype>
                <itemlayout height="$PARAM[height]" width="$PARAM[width]">
                    <control type="group">
                        <visible>$PARAM[visible.layouts]</visible>
                        <animation effect="fade" tween="sine" easing="inout" start="0" end="100" time="450" delay="50">Visible</animation>
                        <include content="DefExtendedInfoItemContentWIP">
                            <param name="aspect" value="$PARAM[aspect]" default="scale"/>
                            <param name="fallbackpicture" value="$PARAM[fallbackpicture]"/>
                            <param name="storageicon" value="$PARAM[storageicon]"/>
                        </include>
                    </control>
                </itemlayout>
                <focusedlayout height="$PARAM[height]" width="$PARAM[width]">
                    <control type="group">
                        <visible>$PARAM[visible.layouts]</visible>
                        <animation effect="fade" start="0" end="100" time="0" delay="150">Visible</animation>
                        <include content="DefExtendedInfoFocusContentWIP">
                            <param name="aspect" value="$PARAM[aspect]" default="scale"/>
                            <param name="fallbackpicture" value="$PARAM[fallbackpicture]"/>
                            <param name="controlid" value="$PARAM[controlid]"/>
                            <param name="zoom" value="$PARAM[zoom]"/>
                            <param name="labelbottom" value="$PARAM[labelbottom]"/>
                            <param name="labelleft" value="$PARAM[labelleft]"/>
                            <param name="labeltwovisible" value="$PARAM[labeltwovisible]"/>
                            <param name="labeltwobottom" value="$PARAM[labeltwobottom]"/>
                            <param name="labeltwoleft" value="$PARAM[labeltwoleft]"/>
                            <param name="storageicon" value="$PARAM[storageicon]"/>
                        </include>
                    </control>
                </focusedlayout>
                <content target="$PARAM[target]" sortby="$PARAM[sortby]" limit="$PARAM[limit]">$PARAM[ContentToLoad]</content>
            </control>
            
            <include content="ListInfoUpdating">
                <param name="visi" value="$PARAM[visi]"/>
                <param name="controlid" value="$PARAM[controlid]"/>
                <param name="alignleft" value="$PARAM[alignleft]"/>
            </include>
        </definition>
    </include>

    <include name="ImageList">
        <control type="group">
            <visible allowhiddenfocus="true">!Container($PARAM[controlid]).IsUpdating</visible>
            <control type="group">
                <visible>$PARAM[visi]</visible>
                <include>Animation.FadeInDialogInfo</include>
                <include>Animation.FadeOutDialogInfo</include>
                <left>$PARAM[listleft]</left>
                <right>$PARAM[listright]</right>
                <top>$PARAM[listtop]</top>
                <bottom>$PARAM[listbottom]</bottom>
                <control type="image">
                    <left>0</left>
                    <top>-119</top>
                    <right>0</right>
                    <bottom>71</bottom>
                    <texture colordiffuse="Box2" border="4" background="true">common/box21.png</texture>
                </control>
                <control type="group">
                    <left>-7</left>
                    <top>-126</top>
                    <right>-7</right>
                    <bottom>64</bottom>
                    <control type="image">
                        <texture border="5" colordiffuse="$VAR[ColorSquares]">common/box.png</texture>
                        <animation condition="Control.HasFocus($PARAM[controlid])" effect="fade" end="100" start="0" time="150">Conditional</animation>
                        <animation condition="!Control.HasFocus($PARAM[controlid])" effect="fade" end="0" start="100" time="100">Conditional</animation>
                    </control>
                    <control type="image">
                        <texture border="5" colordiffuse="$VAR[ColorHighlightSelectbox2]">common/gradient-box-wide.png</texture>
                        <animation condition="Control.HasFocus($PARAM[controlid])" effect="fade" end="100" start="0" time="150">Conditional</animation>
                        <animation condition="!Control.HasFocus($PARAM[controlid])" effect="fade" end="0" start="100" time="100">Conditional</animation>
                    </control>
                </control>
                <control type="image">
                    <height>607</height>
                    <width>1268</width>
                    <left>1</left>
                    <top>-118</top>
                    <texture colordiffuse="Background" border="4">common/box.png</texture>
                </control> 
                <include content="ListInfoUpdating">
                    <param name="visi" value="$PARAM[visi]"/>
                    <param name="controlid" value="$PARAM[controlid]"/>
                    <param name="alignleft" value="580"/>
                    <param name="alignbottom" value="235"/>
                </include>                   
                <control type="fixedlist" id="$PARAM[controlid]">
                    <top>-118</top>
                    <left>1</left>
                    <ondown>9000</ondown>
                    <onback>9000</onback>
                    <onup>9000</onup>
                    <width>1268</width>                        
                    <onright>$PARAM[controlid]</onright>
                    <onleft>$PARAM[controlid]</onleft>
                    <preloaditems>2</preloaditems>
                    <autoscroll time="5000">ControlGroup(9000).HasFocus()</autoscroll>
                    <viewtype label="37518">fixedlist</viewtype>
                    <orientation>horizontal</orientation>
                    <include>ScrolltimeDetailsList</include>
                    <itemlayout width="1268" height="607">
                        <control type="image">
                            <aspectratio align="center" aligny="center" scalediffuse="false">scale</aspectratio>
                            <texture diffuse="diffuse/bigwiderolodex.png" fallback="defaultartist.png">$INFO[ListItem.Art(thumb)]</texture>
                        </control>
                    </itemlayout>
                    <focusedlayout width="1268" height="607">
                        <control type="image">
                            <aspectratio align="center" aligny="center" scalediffuse="false">scale</aspectratio>
                            <texture diffuse="diffuse/bigwiderolodex.png" fallback="defaultartist.png">$INFO[ListItem.Art(thumb)]</texture>
                        </control>
                    </focusedlayout>
                </control>
                <control type="image">
                    <right>40</right>
                    <bottom>100</bottom>
                    <width>50</width>
                    <height>50</height>
                    <aspectratio>keep</aspectratio>
                    <texture colordiffuse="88ffffff">common/lupe.png</texture>
                    <visible>Control.HasFocus($PARAM[controlid])</visible>
                    <include>Animation.DelayFadeIn</include>
                </control>
            </control>
        </control>
    </include>

    <include name="most_played_song">
        <control type="button" id="9010">
            <left>-2000</left>
            <width>1</width>
            <visible allowhiddenfocus="true">false</visible>
            <onup>SetFocus(9000)</onup>
            <ondown>SetFocus(9000)</ondown>
            <onleft>SetFocus(9000)</onleft>
            <onright>SetFocus(9000)</onright>
            <onclick>PlayMedia($ESCINFO[Container(9551).ListItem.FileNameAndPath])</onclick>
        </control>
        <control type="list" id="9551">
            <left>250</left>
            <top>0</top>
            <right>SidePad</right>
            <width>1000</width>
            <height>50</height>
            <onleft>9000</onleft>
            <onright>62</onright>
            <onup>9551</onup>
            <ondown>9551</ondown>
            <viewtype label="">list</viewtype>
            <pagecontrol>62</pagecontrol>
            <orientation>vertical</orientation>
            <itemlayout height="36" width="1000">
                <control type="group">
                    <control type="label">
                        <textcolor>Dark2</textcolor>
                        <selectedcolor>Dark2</selectedcolor>
                        <height>auto</height>
                        <width>660</width>
                        <font>Tiny</font>
                        <label>$INFO[ListItem.Label] $INFO[ListItem.Year,(,)]</label>
                    </control>
                </control>
            </itemlayout>
            <focusedlayout height="36" width="1000">
                <control type="group">
                    <visible>Control.HasFocus(9010)</visible>
                    <control type="label">
                        <textcolor>$VAR[ColorHighlight]</textcolor>
                        <selectedcolor>$VAR[ColorHighlight]</selectedcolor>
                        <height>auto</height>
                        <width>660</width>
                        <font>Tiny</font>
                        <label>$INFO[ListItem.Label] $INFO[ListItem.Year,(,)]</label>
                    </control>
                </control>
                <control type="group">
                    <visible>!Control.HasFocus(9010)</visible>
                    <control type="label">
                        <textcolor>Dark2</textcolor>
                        <selectedcolor>Dark2</selectedcolor>
                        <height>auto</height>
                        <width>660</width>
                        <font>Tiny</font>
                        <label>$INFO[ListItem.Label] $INFO[ListItem.Year,(,)]</label>
                    </control>
                </control>
            </focusedlayout>
            <content sortorder="descending" limit="1" sortby="playcount">musicdb://songs/?xsp=%7B%22order%22%3A%7B%22direction%22%3A%22ascending%22%2C%22ignorefolders%22%3A0%2C%22method%22%3A%22songs%22%7D%2C%22rules%22%3A%7B%22and%22%3A%5B%7B%22field%22%3A%22artist%22%2C%22operator%22%3A%22contains%22%2C%22value%22%3A%5B%22$INFO[ListItem.Artist]%22%5D%7D%5D%7D%2C%22type%22%3A%22songs%22%7D</content>
        </control>
    </include>

    <!-- Hidden list for counting sets/albumtracks -->
    <include name="MovieSetsList">
        <control type="list" id="44321">
            <visible>String.IsEqual(Container(301).ListItem.DBType,set)</visible>
            <include>HiddenListControl</include>
            <content>videodb://movies/sets/$INFO[Container(301).ListItem.DBID]/?setid=$INFO[Container(301).ListItem.DBID]</content>
        </control>
        <control type="list" id="44322">
            <visible>String.IsEqual(Container(301).ListItem.DBType,album)</visible>
            <include>HiddenListControl</include>
            <content>$VAR[AlbumPath301]</content>
        </control>
    </include>

    <include name="AlbumAndSetsCount">
        <control type="list" id="44023">
            <visible>ListItem.IsCollection</visible>
            <include>HiddenListControl</include>
            <content>videodb://movies/sets/$INFO[ListItem.DBID]/?setid=$INFO[ListItem.DBID]</content>
        </control>
        <control type="list" id="44022">
            <visible>String.IsEqual(ListItem.DBType,album)</visible>
            <include>HiddenListControl</include>
            <content>$VAR[AlbumPath]</content>
        </control>
    </include>
    
    <include name="HiddenUpNextEpisode">
        <control type="list" id="9911">
            <include>HiddenListControl</include>
            <visible>String.IsEqual(ListItem.DBType,tvshow) + Integer.IsGreater(ListItem.Property(UnwatchedEpisodes),0) + !String.IsEmpty(ListItem.DBID)</visible>
            <content sortby="playcount" sortorder="ascending" limit="1">videodb://inprogresstvshows/$INFO[ListItem.DBID]/-2/?tvshowid=$INFO[ListItem.DBID]</content>
        </control>
    </include>
</includes>
