<?xml version="1.0" encoding="UTF-8"?>
<window type="dialog" id="1255">
    <defaultcontrol>11</defaultcontrol>
    <controls>
        <include>GlobalOverlay</include>
        <include>Animation.Common</include>
        <control type="group">
            <include>Animation.FadeIn</include>
            <include>Animation.FadeOut</include>
            <include>DefDialogBackground</include>
            <control type="group">
                <left>24</left>
                <top>26</top>
                <control type="label">
                    <description>Header Label</description>
                    <left>70</left>
                    <width>1000</width>
                    <posy>0</posy>
                    <include>FontTop</include>
                    <textcolor>Dark2</textcolor>
                    <label>31247</label>
                </control>
                <include>Kodi_Logo</include>

                <!-- Lines -->
                <control type="image">
                    <top>70</top>
                    <left>17</left>
                    <right>40</right>
                    <height>1</height>
                    <bottom>10</bottom>
                    <colordiffuse>Black12</colordiffuse>
                    <texture>common/white.png</texture>
                </control>
            </control>
            <include content="Def_Gradient_Settings_Image">
                <param name="controlid" value="11"/>
                <param name="left" value="8"/>
                <param name="top" value="115"/>
                <param name="width" value="450"/>
                <param name="height" value="66"/>
                <param name="slide" value="66"/>
            </include>
            <control type="grouplist" id="11">
                <height>598</height>
                <width>460</width>
                <top>115</top>
                <usecontrolcoords>true</usecontrolcoords>
                <itemgap>0</itemgap>
                <scrolltime>0</scrolltime>
                <control type="button" id="1">
                    <include>DefContextButtonGradientViewtype</include>
                    <label>$LOCALIZE[31250] $LOCALIZE[31394] $LOCALIZE[31014]</label>
                    <include>ResetViewtypes</include>
                    <onclick>Skin.SetBool(home.vertical)</onclick>
                    <onclick>Skin.SetBool(home.vertical.widgets)</onclick>
                    <onclick>Skin.SetBool(homemenu.netflix)</onclick>
                    <onclick>Close</onclick>
                </control>
                <control type="button" id="2">
                    <include>DefContextButtonGradientViewtype</include>
                    <label>$LOCALIZE[31287] $LOCALIZE[31394] $LOCALIZE[31014]</label>
                    <include>ResetViewtypes</include>
                    <onclick>Skin.SetBool(home.modernwidgets)</onclick>
                    <onclick>Skin.SetBool(home.vertical.widgets)</onclick>
                    <onclick>Skin.SetBool(homemenu.netflix)</onclick>
                    <onclick>Close</onclick>
                </control>
                <control type="button" id="7">
                    <include>DefContextButtonGradientViewtype</include>
                    <label>$LOCALIZE[31250] $LOCALIZE[31394]</label>
                    <include>ResetViewtypes</include>
                    <onclick>Skin.SetBool(home.vertical)</onclick>
                    <onclick>Skin.SetBool(home.vertical.widgets)</onclick>
                    <onclick>Close</onclick>
                </control>
                <control type="button" id="4">
                    <include>DefContextButtonGradientViewtype</include>
                    <label>$LOCALIZE[31287] $LOCALIZE[31394]</label>
                    <include>ResetViewtypes</include>
                    <onclick>Skin.SetBool(home.modernwidgets)</onclick>
                    <onclick>Skin.SetBool(home.vertical.widgets)</onclick>
                    <onclick>Close</onclick>
                </control>
                <control type="button" id="9">
                    <include>DefContextButtonGradientViewtype</include>
                    <label>$LOCALIZE[31533]</label>
                    <include>ResetViewtypes</include>
                    <onclick>Skin.SetBool(home.modernwidgets)</onclick>
                    <onclick>Skin.SetBool(home.vertical.widgets)</onclick>
                    <onclick>Skin.SetBool(homemenu.netflix)</onclick>
                    <onclick>Skin.SetBool(homemenu.clean.flix)</onclick>
                    <onclick>Skin.SetBool(no.homemenu.clear)</onclick>
                    <onclick>Skin.Reset(homemenu.hide.lines)</onclick>
                    <onclick>Close</onclick>
                </control>
                <control type="button" id="3">
                    <include>DefContextButtonGradientViewtype</include>
                    <label>$LOCALIZE[31287]</label>
                    <include>ResetViewtypes</include>
                    <onclick>Skin.SetBool(home.modernwidgets)</onclick>
                    <onclick>Close</onclick>
                </control>
                <control type="button" id="5">
                    <include>DefContextButtonGradientViewtype</include>
                    <label>$LOCALIZE[31248]</label>
                    <include>ResetViewtypes</include>
                    <onclick>Close</onclick>
                </control>
                <control type="button" id="6">
                    <include>DefContextButtonGradientViewtype</include>
                    <label>$LOCALIZE[31250]</label>
                    <include>ResetViewtypes</include>
                    <onclick>Skin.SetBool(home.vertical)</onclick>
                    <onclick>Close</onclick>
                </control>
                <control type="button" id="8">
                    <include>DefContextButtonGradientViewtype</include>
                    <label>$LOCALIZE[31249]</label>
                    <include>ResetViewtypes</include>
                    <onclick>Skin.SetBool(home.classicwidgets)</onclick>
                    <onclick>Close</onclick>
                </control>
            </control>
            <control type="image">
                <left>410</left>
                <top>138</top>
                <width>24</width>
                <height>24</height>
                <texture colordiffuse="Dark1">osd/minicheck_big.png</texture>
                <animation effect="slide" end="0,66" time="0" condition="Skin.HasSetting(home.modernwidgets) + Skin.HasSetting(home.vertical.widgets) + Skin.HasSetting(homemenu.netflix)">Conditional</animation>
                <animation effect="slide" end="0,132" time="0" condition="!Skin.HasSetting(home.classicwidgets) + Skin.HasSetting(home.vertical) + Skin.HasSetting(home.vertical.widgets) + !Skin.HasSetting(homemenu.netflix)">Conditional</animation>
                <animation effect="slide" end="0,198" time="0" condition="Skin.HasSetting(home.modernwidgets) + Skin.HasSetting(home.vertical.widgets) + !Skin.HasSetting(homemenu.netflix)">Conditional</animation>
                <animation effect="slide" end="0,330" time="0" condition="Skin.HasSetting(home.modernwidgets) + !Skin.HasSetting(home.vertical.widgets) + !Skin.HasSetting(homemenu.netflix)">Conditional</animation>

                <animation effect="slide" end="0,198" time="0" condition="Skin.HasSetting(homemenu.clean.flix)">Conditional</animation>
                <animation effect="slide" end="0,396" time="0" condition="!Skin.HasSetting(home.classicwidgets) + !Skin.HasSetting(home.vertical) + !Skin.HasSetting(homemenu.netflix) + !Skin.HasSetting(home.modernwidgets)">Conditional</animation>
                <animation effect="slide" end="0,462" time="0" condition="!Skin.HasSetting(home.classicwidgets) + Skin.HasSetting(home.vertical) + !Skin.HasSetting(home.vertical.widgets)">Conditional</animation>
                <animation effect="slide" end="0,528" time="0" condition="Skin.HasSetting(home.classicwidgets)">Conditional</animation>
            </control>
            <control type="image">
                <posx>460</posx>
                <top>115</top>
                <height>528</height>
                <width>1</width>
                <texture colordiffuse="Black12">common/white.png</texture>
            </control>
            <control type="image">
                <left>485</left>
                <top>115</top>
                <height>312</height>
                <width>555</width>
                <fadetime>150</fadetime>
                <texture background="true">special://skin/extras/homemenu/$VAR[HomemenuViewtypeImage].jpg</texture>
            </control>
        </control>
    </controls>
</window>