<?xml version="1.0" encoding="UTF-8"?>
<!-- Foundation -->
<window type="dialog" id="1110">
    <zorder>1</zorder>
    <defaultcontrol always="true">9000</defaultcontrol>
    <include>DefOSDButtonsOSDCancelTimeout</include>
    <controls>
        <include>GlobalOverlay</include>
        <include>Animation.Common</include>
        <control type="group">
            <height>343</height>
            <include>Def9000Background</include>
            <control type="group">
                <left>22</left>
                <top>22</top>
                <control type="label">
                    <description>Header Label</description>
                    <left>70</left>
                    <width>1000</width>
                    <posy>0</posy>
                    <include>FontTop</include>
                    <textcolor>Dark2</textcolor>
                    <label>5</label>
                </control>
                <include>Kodi_Logo</include>

                <!-- Lines -->
                <control type="image">
                    <top>70</top>
                    <left>17</left>
                    <width>385</width>
                    <height>1</height>
                    <bottom>10</bottom>
                    <colordiffuse>Black12</colordiffuse>
                    <texture>common/white.png</texture>
                </control>
            </control>
            <control type="group">
                <control type="image">
                    <description>arrow image</description>
                    <centerleft>50%</centerleft>
                    <posy>-16</posy>
                    <width>16</width>
                    <height>16</height>
                    <texture colordiffuse="White70" flipy="true">common/arrow-small.png</texture>
                </control>
                <control type="image">
                    <description>arrow image</description>
                    <centerleft>50%</centerleft>
                    <posy>340</posy>
                    <width>16</width>
                    <height>16</height>
                    <texture colordiffuse="White70" flipy="false">common/arrow-small.png</texture>
                </control>
            </control>
            <include content="Def_Gradient_Settings_Image">
                <param name="controlid" value="9000"/>
                <param name="left" value="8"/>
                <param name="top" value="112"/>
                <param name="width" value="450"/>
            </include>
            <control type="grouplist" id="9000">
                <posx>8</posx>
                <posy>112</posy>
                <width>510</width>
                <height>490</height>
                <itemgap>0</itemgap>
                <usecontrolcoords>true</usecontrolcoords>
                <scrolltime>0</scrolltime>
                <onright>Dialog.Close(1110)</onright>
                <onleft>Dialog.Close(1110)</onleft>
                <usecontrolcoords>true</usecontrolcoords>
                <control type="button" id="97">
                    <description>Filter</description>
                    <include>DefContextButtonGradient</include>
                    <label>$LOCALIZE[250]:</label>
                    <label2 fallback="424">$INFO[Visualisation.Name]</label2>
                    <align>left</align>
                    <onclick>SendClick(500)</onclick>
                    <visible>!String.IsEmpty(Visualisation.Name)</visible>
                </control>
                <control type="button" id="98">
                    <description>Filter</description>
                    <include>DefContextButtonGradient</include>
                    <label>$LOCALIZE[250]:</label>
                    <label2>424</label2>
                    <align>left</align>
                    <onclick>SendClick(500)</onclick>
                    <visible>String.IsEmpty(Visualisation.Name)</visible>
                </control>
                <control type="button" id="99">
                    <description>Filter</description>
                    <include>DefContextButtonGradient</include>
                    <label>$LOCALIZE[24010]-$LOCALIZE[5]</label>
                    <align>left</align>
                    <onclick>Addon.Default.OpenSettings(xbmc.player.musicviz)</onclick>
                    <enable>!String.IsEmpty(Visualisation.Name)</enable>
                </control>
                <control type="button" id="100">
                    <description>Filter</description>
                    <include>DefContextButtonGradient</include>
                    <align>left</align>
                    <label>$LOCALIZE[13388]:</label>
                    <label2>$INFO[Visualisation.Preset]</label2>
                    <onclick>ActivateWindow(visualisationpresetlist)</onclick>
                    <enable>Visualisation.HasPresets</enable>
                </control>
            </control>
        </control>
    </controls>
</window>
