<?xml version="1.0" encoding="UTF-8"?>
<includes>

    <include name="include_blur_colorbox">
        <control type="multiimage" id="7975">
            <left>-2160</left>
            <width>1</width>
            <height>1</height>
            <timeperimage>10000</timeperimage>
            <randomize>true</randomize>
            <fadetime>600</fadetime>
            <imagepath background="true" fallback="special://skin/extras/views/cars.jpg">$INFO[Window(Home).Property(Fanart)]</imagepath>
        </control>
        <control type="group">
            <visible>Skin.HasSetting(BlurEnabled)</visible>
            <right>95</right>
            <width>1280</width>
            <top>230</top>
            <height>614</height>
            <control type="image">
                <visible>!String.IsEqual(Window(home).Property(Daemon_FIVE_ImageUpdating),0) + Skin.HasSetting(BlurEnabled)</visible>
                <texture background="true">$INFO[Window(home).Property(ImageFilterFIVE)]</texture>
                <include>BackgroundFanartFadetime</include>
                <animation effect="fade" end="5" start="100" time="0" condition="Integer.IsEqual(Skin.String(BackgroundBrightnessBlur),5)">Conditional</animation>
                <animation effect="fade" end="0" start="100" time="0" condition="!String.IsEmpty(Skin.String(BackgroundBrightnessBlur)) + Integer.IsEqual(Skin.String(BackgroundBrightnessBlur),0)">Conditional</animation>
                <animation effect="fade" end="10" start="100" time="0" condition="Integer.IsEqual(Skin.String(BackgroundBrightnessBlur),10)">Conditional</animation>
                <animation effect="fade" end="15" start="100" time="0" condition="Integer.IsEqual(Skin.String(BackgroundBrightnessBlur),15)">Conditional</animation>
                <animation effect="fade" end="20" start="100" time="0" condition="Integer.IsEqual(Skin.String(BackgroundBrightnessBlur),20)">Conditional</animation>
                <animation effect="fade" end="25" start="100" time="0" condition="String.IsEmpty(Skin.String(BackgroundBrightnessBlur)) | Integer.IsEqual(Skin.String(BackgroundBrightnessBlur),25)">Conditional</animation>
                <animation effect="fade" end="30" start="100" time="0" condition="Integer.IsEqual(Skin.String(BackgroundBrightnessBlur),30)">Conditional</animation>
                <animation effect="fade" end="35" start="100" time="0" condition="Integer.IsEqual(Skin.String(BackgroundBrightnessBlur),35)">Conditional</animation>
                <animation effect="fade" end="40" start="100" time="0" condition="Integer.IsEqual(Skin.String(BackgroundBrightnessBlur),40)">Conditional</animation>
                <animation effect="fade" end="45" start="100" time="0" condition="Integer.IsEqual(Skin.String(BackgroundBrightnessBlur),45)">Conditional</animation>
                <animation effect="fade" end="50" start="100" time="0" condition="Integer.IsEqual(Skin.String(BackgroundBrightnessBlur),50)">Conditional</animation>
                <animation effect="fade" end="55" start="100" time="0" condition="Integer.IsEqual(Skin.String(BackgroundBrightnessBlur),55)">Conditional</animation>
                <animation effect="fade" end="60" start="100" time="0" condition="Integer.IsEqual(Skin.String(BackgroundBrightnessBlur),60)">Conditional</animation>
            </control>
            <animation effect="fade" start="0" end="100" time="200" delay="0" tween="quadratic">WindowOpen</animation>
            <animation effect="fade" start="0" end="100" time="200" delay="300" tween="quadratic">Visible</animation>
        </control>
        <control type="group">
            <visible>Skin.HasSetting(NoBlurFoto)</visible>
            <right>95</right>
            <width>1280</width>
            <top>230</top>
            <height>614</height>
            <control type="image">
                <texture background="true" fallback="special://skin/extras/views/cars.jpg">$VAR[CustomBlurImage]</texture>
                <include>BackgroundFanartFadetime</include>
            </control>
            <animation effect="fade" start="100" end="0" time="200" delay="0" tween="quadratic">Hidden</animation>
            <animation effect="fade" start="0" end="100" time="200" delay="0" tween="quadratic">Visible</animation>
        </control>
        <control type="group">
            <right>95</right>
            <width>1280</width>
            <top>230</top>
            <height>614</height>
            <control type="image" description="Background">
                <texture>common/bg.jpg</texture>
                <include>Overlay510Blur</include>
            </control>
            <animation effect="fade" start="100" end="0" time="200" delay="0" tween="quadratic">Hidden</animation>
            <animation effect="fade" start="0" end="100" time="200" delay="0" tween="quadratic">Visible</animation>
            <animation effect="fade" end="10" start="10" time="0" condition="true">Conditional</animation>
        </control>
        <control type="group">
            <right>95</right>
            <width>1280</width>
            <top>230</top>
            <height>614</height>
            <control type="image" description="FanartOverlay">
                <texture>common/floor.png</texture>
                <include>IncludeFloorFadeBlur</include>
            </control>
            <animation effect="fade" start="100" end="0" time="200" delay="0" tween="quadratic">Hidden</animation>
            <animation effect="fade" start="0" end="100" time="200" delay="0" tween="quadratic">Visible</animation>
            <animation effect="fade" end="10" start="10" time="0" condition="true">Conditional</animation>
        </control>
        <control type="grouplist" id="9000">
            <description>Control Area</description>
            <left>SidePad</left>
            <width>450</width>
            <top>356</top>
            <height>426</height>
            <orientation>vertical</orientation>
            <pagecontrol>1224</pagecontrol>
            <usecontrolcoords>true</usecontrolcoords>
            <ondown>9100</ondown>
            <onup>9100</onup>
            <onleft>9100</onleft>
            <onright>9100</onright>
            <itemgap>0</itemgap>
            <control type="button" id="9001">
                <onback>Skin.Reset(NoBlurFoto)</onback>
                <label>31538</label>
                <label2>$INFO[Skin.String(colorbox_blursize)]</label2>
                <onclick>SetProperty(includesetting,BlurRadiusColorbox,home)</onclick>
                <onclick>ActivateWindow(1248)</onclick>
                <include>DefDialogButtonsBlur</include>
                <visible>String.IsEqual(Skin.String(colorbox_effect),blur)</visible>
            </control>
            <control type="button" id="9002">
                <onback>Skin.Reset(NoBlurFoto)</onback>
                <label>31540</label>
                <label2>$INFO[Skin.String(colorbox_quality)]</label2>
                <onclick>SetProperty(includesetting,ImageQualityColorbox,home)</onclick>
                <onclick>ActivateWindow(1248)</onclick>
                <include>DefDialogButtonsBlur</include>
            </control>
            <control type="button" id="9003">
                <onback>Skin.Reset(NoBlurFoto)</onback>
                <label>31539</label>
                <label2>$INFO[Skin.String(colorbox_blend)]</label2>
                <onclick>Skin.SetNumeric(colorbox_blend)</onclick>
                <include>UpdateColorbox</include>
                <include>DefDialogButtonsBlur</include>
            </control>
            <control type="button" id="9004">
                <onback>Skin.Reset(NoBlurFoto)</onback>
                <include>DefDialogButtonsBlur</include>
                <label>464</label>
                <label2>$VAR[BackgroundBrightnessBlurLabel]</label2>
                <onclick>SetProperty(includesetting,BackgroundBrightnessBlur,home)</onclick>
                <onclick>ActivateWindow(1248)</onclick>
            </control>
            <control type="radiobutton" id="9005">
                <onback>Skin.Reset(NoBlurFoto)</onback>
                <label>31075</label>
                <selected>Skin.HasSetting(BlurOnHome)</selected>
                <onclick>Skin.ToggleSetting(BlurOnHome)</onclick>
                <include>DefDialogButtonsBlur</include>
            </control>
        </control>
        <control type="scrollbar" id="1224">
            <onback>50</onback>
            <left>534</left>
            <posy>340</posy>
            <height>425</height>
            <width>8</width>
            <onleft>50</onleft>
            <onright>290000</onright>
            <texturesliderbackground border="4" colordiffuse="Dark4">scrollbar/scrollv.png</texturesliderbackground>
            <texturesliderbar border="4" colordiffuse="Dark3">scrollbar/scrollv.png</texturesliderbar>
            <texturesliderbarfocus border="4" colordiffuse="Dark2">scrollbar/scrollv.png</texturesliderbarfocus>
            <orientation>vertical</orientation>
            <showonepage>false</showonepage>
            <animation effect="fade" start="100" end="0" time="400" condition="ControlGroup(9100).HasFocus()">Conditional</animation>
        </control>
        <control type="grouplist" id="9100">
            <left>110</left>
            <top>760</top>
            <onup>9000</onup>
            <ondown>9001</ondown>
            <orientation>horizontal</orientation>
            <include>listdimensions</include>
            <control type="radiobutton" id="9199">
                <onback>Skin.Reset(NoBlurFoto)</onback>
                <label/>
                <onclick>Close</onclick>
                <include>buttondimensionssquareblur</include>
                <include content="buttontextures">
                    <param name="icon" value="buttonsdialogs/enabled.png"/>
                    <param name="color" value="Black30" />
                </include>
            </control>
            <control type="radiobutton" id="9200">
                <onback>Skin.Reset(NoBlurFoto)</onback>
                <label/>
                <onclick>Skin.SetString(colorbox_effect,blur)</onclick>
                <onclick>SetProperty(FIVE_daemon_set,$INFO[Skin.String(colorbox_effect)],home)</onclick>
                <onclick>Skin.SetString(colorbox_quality,4)</onclick>
                <onclick>Skin.SetString(colorbox_blend,100)</onclick>
                <onclick>Skin.SetString(colorbox_blursize,10)</onclick>
                <onclick>Skin.SetString(colorbox_bitsize,1)</onclick>
                <onclick>Skin.SetString(colorbox_pixelsize,12)</onclick>
                <onclick>Skin.SetString(BackgroundBlur,80)</onclick>
                <onclick>Skin.SetString(BackgroundBrightnessBlur,25)</onclick>
                <include>UpdateColorbox</include>
                <include>buttondimensionssquareblur</include>
                <include content="buttontextures">
                    <param name="icon" value="buttonsdialogs/update.png"/>
                    <param name="color" value="Black30" />
                </include>
            </control>
            <control type="radiobutton" id="9201">
                <onback>Skin.Reset(NoBlurFoto)</onback>
                <include>buttondimensionssquareblur</include>
                <texturenofocus colordiffuse="Black30" border="0">common/boxsquare.png</texturenofocus>
                <texturefocus colordiffuse="$VAR[ColorHighlight]" border="0">common/boxsquare.png</texturefocus>
                <textureradioonfocus colordiffuse="FFFFFFFF">buttonsdialogs/artworkdownloader.png</textureradioonfocus>
                <textureradioonnofocus colordiffuse="FFFFFFFF">buttonsdialogs/artworkdownloader.png</textureradioonnofocus>
                <textureradioofffocus colordiffuse="FFFFFFFF">buttonsdialogs/artworkdownloader.png</textureradioofffocus>
                <textureradiooffnofocus colordiffuse="FFFFFFFF">buttonsdialogs/artworkdownloader.png</textureradiooffnofocus>
                <textcolor>Dark4</textcolor>
                <font>Null</font>
                <onclick condition="String.IsEmpty(Window(home).Property(Fanart))">SetProperty(Fanart,$INFO[Window(Home).Property(LatestMovie.1.Fanart)])</onclick>
                <onclick condition="String.IsEqual(Window(home).Property(Fanart),Window(Home).Property(LatestMovie.1.Fanart))">SetProperty(Fanart,$INFO[Window(Home).Property(LatestMovie.2.Fanart)],home)</onclick>
                <onclick condition="String.IsEqual(Window(home).Property(Fanart),Window(Home).Property(LatestMovie.2.Fanart))">SetProperty(Fanart,$INFO[Window(Home).Property(LatestMovie.3.Fanart)],home)</onclick>
                <onclick condition="String.IsEqual(Window(home).Property(Fanart),Window(Home).Property(LatestMovie.3.Fanart))">SetProperty(Fanart,$INFO[Window(Home).Property(LatestMovie.4.Fanart)],home)</onclick>
                <onclick condition="String.IsEqual(Window(home).Property(Fanart),Window(Home).Property(LatestMovie.4.Fanart))">SetProperty(Fanart,$INFO[Window(Home).Property(LatestMovie.1.Fanart)],home)</onclick>
                <onclick>RunScript(script.embuary.helper,action=blurimg,file='"$VAR[CustomBlurImage]"',prop=MyProp)</onclick>
            </control>
            <control type="radiobutton" id="9202">
                <onback>Skin.Reset(NoBlurFoto)</onback>
                <include>buttondimensionssquareblur</include>
                <texturenofocus colordiffuse="Black30" border="0">common/boxsquare.png</texturenofocus>
                <texturefocus colordiffuse="$VAR[ColorHighlight]" border="0">common/boxsquare.png</texturefocus>
                <textureradioonfocus colordiffuse="FFFFFFFF">buttonsdialogs/choose_image.png</textureradioonfocus>
                <textureradioonnofocus colordiffuse="FFFFFFFF">buttonsdialogs/choose_image.png</textureradioonnofocus>
                <textureradioofffocus colordiffuse="FFFFFFFF">buttonsdialogs/choose_image_blur.png</textureradioofffocus>
                <textureradiooffnofocus colordiffuse="FFFFFFFF">buttonsdialogs/choose_image_blur.png</textureradiooffnofocus>
                <textcolor>Dark4</textcolor>
                <font>Null</font>
                <selected>!Skin.HasSetting(NoBlurFoto)</selected>
                <onclick>Skin.ToggleSetting(NoBlurFoto)</onclick>
            </control>
        </control>
    </include>

    <include name="include_blur_embuary">
        <control type="group">
            <visible>Skin.HasSetting(BlurEnabled)</visible>
            <right>95</right>
            <width>1280</width>
            <top>230</top>
            <height>614</height>
            <control type="image">
                <texture background="true">$INFO[Window(home).Property(MyProp_blurred)]</texture>
                <include>BackgroundFanartFadetime</include>
                <animation effect="fade" end="5" start="100" time="0" condition="Integer.IsEqual(Skin.String(BackgroundBrightnessBlur),5)">Conditional</animation>
                <animation effect="fade" end="0" start="100" time="0" condition="!String.IsEmpty(Skin.String(BackgroundBrightnessBlur)) + Integer.IsEqual(Skin.String(BackgroundBrightnessBlur),0)">Conditional</animation>
                <animation effect="fade" end="10" start="100" time="0" condition="Integer.IsEqual(Skin.String(BackgroundBrightnessBlur),10)">Conditional</animation>
                <animation effect="fade" end="15" start="100" time="0" condition="Integer.IsEqual(Skin.String(BackgroundBrightnessBlur),15)">Conditional</animation>
                <animation effect="fade" end="20" start="100" time="0" condition="Integer.IsEqual(Skin.String(BackgroundBrightnessBlur),20)">Conditional</animation>
                <animation effect="fade" end="25" start="100" time="0" condition="String.IsEmpty(Skin.String(BackgroundBrightnessBlur)) | Integer.IsEqual(Skin.String(BackgroundBrightnessBlur),25)">Conditional</animation>
                <animation effect="fade" end="30" start="100" time="0" condition="Integer.IsEqual(Skin.String(BackgroundBrightnessBlur),30)">Conditional</animation>
                <animation effect="fade" end="35" start="100" time="0" condition="Integer.IsEqual(Skin.String(BackgroundBrightnessBlur),35)">Conditional</animation>
                <animation effect="fade" end="40" start="100" time="0" condition="Integer.IsEqual(Skin.String(BackgroundBrightnessBlur),40)">Conditional</animation>
                <animation effect="fade" end="45" start="100" time="0" condition="Integer.IsEqual(Skin.String(BackgroundBrightnessBlur),45)">Conditional</animation>
                <animation effect="fade" end="50" start="100" time="0" condition="Integer.IsEqual(Skin.String(BackgroundBrightnessBlur),50)">Conditional</animation>
                <animation effect="fade" end="55" start="100" time="0" condition="Integer.IsEqual(Skin.String(BackgroundBrightnessBlur),55)">Conditional</animation>
                <animation effect="fade" end="60" start="100" time="0" condition="Integer.IsEqual(Skin.String(BackgroundBrightnessBlur),60)">Conditional</animation>
            </control>
            <animation effect="fade" start="0" end="100" time="200" delay="0" tween="quadratic">WindowOpen</animation>
            <animation effect="fade" start="0" end="100" time="200" delay="300" tween="quadratic">Visible</animation>
        </control>
        <control type="group">
            <visible>Skin.HasSetting(NoBlurFoto)</visible>
            <right>95</right>
            <width>1280</width>
            <top>230</top>
            <height>614</height>
            <control type="image">
                <texture background="true" fallback="special://skin/extras/views/cars.jpg">$VAR[CustomBlurImage]</texture>
                <include>BackgroundFanartFadetime</include>
            </control>
            <animation effect="fade" start="100" end="0" time="200" delay="0" tween="quadratic">Hidden</animation>
            <animation effect="fade" start="0" end="100" time="200" delay="0" tween="quadratic">Visible</animation>
        </control>
        <control type="group">
            <right>95</right>
            <width>1280</width>
            <top>230</top>
            <height>614</height>
            <control type="image" description="Background">
                <texture>common/bg.jpg</texture>
                <include>Overlay510Blur</include>
            </control>
            <animation effect="fade" start="100" end="0" time="200" delay="0" tween="quadratic">Hidden</animation>
            <animation effect="fade" start="0" end="100" time="200" delay="0" tween="quadratic">Visible</animation>
            <animation effect="fade" end="10" start="10" time="0" condition="true">Conditional</animation>
        </control>
        <control type="group">
            <right>95</right>
            <width>1280</width>
            <top>230</top>
            <height>614</height>
            <control type="image" description="FanartOverlay">
                <texture>common/floor.png</texture>
                <include>IncludeFloorFadeBlur</include>
            </control>
            <animation effect="fade" start="100" end="0" time="200" delay="0" tween="quadratic">Hidden</animation>
            <animation effect="fade" start="0" end="100" time="200" delay="0" tween="quadratic">Visible</animation>
            <animation effect="fade" end="10" start="10" time="0" condition="true">Conditional</animation>
        </control>
        <control type="grouplist" id="9000">
            <description>Control Area</description>
            <left>SidePad</left>
            <width>680</width>
            <top>356</top>
            <height>426</height>
            <orientation>vertical</orientation>
            <pagecontrol>1224</pagecontrol>
            <usecontrolcoords>true</usecontrolcoords>
            <ondown>9100</ondown>
            <onup>9100</onup>
            <onleft>9100</onleft>
            <onright>9100</onright>
            <itemgap>0</itemgap>
            <control type="button" id="9001">
                <onback>Skin.Reset(NoBlurFoto)</onback>
                <label>$LOCALIZE[31124]</label>
                <label2>$VAR[Label_BlurRadius]</label2>
                <onclick>SetProperty(includesetting,BlurRadius,home)</onclick>
                <onclick>ActivateWindow(1248)</onclick>
                <include>DefDialogButtonsBlur</include>
            </control>
            <control type="button" id="9002">
                <onback>Skin.Reset(NoBlurFoto)</onback>
                <include>DefDialogButtonsBlur</include>
                <label>464</label>
                <label2>$VAR[BackgroundBrightnessBlurLabel]</label2>
                <onclick>SetProperty(includesetting,BackgroundBrightnessBlur,home)</onclick>
                <onclick>ActivateWindow(1248)</onclick>
            </control>
            <control type="radiobutton" id="9003">
                <onback>Skin.Reset(NoBlurFoto)</onback>
                <label>31075</label>
                <selected>Skin.HasSetting(BlurOnHome)</selected>
                <onclick>Skin.ToggleSetting(BlurOnHome)</onclick>
                <textureradiofocus colordiffuse="PanelWhite70">buttons/radio-on.png</textureradiofocus>
                <textureradionofocus colordiffuse="PanelWhite70">buttons/radio-off.png</textureradionofocus>
                <include>DefContextButtonBlur</include>
            </control>
        </control>
        <control type="scrollbar" id="1224">
            <onback>50</onback>
            <left>534</left>
            <posy>340</posy>
            <height>425</height>
            <width>8</width>
            <onleft>50</onleft>
            <onright>290000</onright>
            <texturesliderbackground border="4" colordiffuse="Dark4">scrollbar/scrollv.png</texturesliderbackground>
            <texturesliderbar border="4" colordiffuse="Dark3">scrollbar/scrollv.png</texturesliderbar>
            <texturesliderbarfocus border="4" colordiffuse="Dark2">scrollbar/scrollv.png</texturesliderbarfocus>
            <orientation>vertical</orientation>
            <showonepage>false</showonepage>
            <animation effect="fade" start="100" end="0" time="400" condition="ControlGroup(9100).HasFocus()">Conditional</animation>
        </control>
        <control type="grouplist" id="9100">
            <left>110</left>
            <top>760</top>
            <onup>9000</onup>
            <ondown>9001</ondown>
            <orientation>horizontal</orientation>
            <include>listdimensions</include>
            <control type="radiobutton" id="9199">
                <onback>Skin.Reset(NoBlurFoto)</onback>
                <label/>
                <onclick>Close</onclick>
                <include>buttondimensionssquareblur</include>
                <include content="buttontextures">
                    <param name="icon" value="buttonsdialogs/enabled.png"/>
                    <param name="color" value="Black30" />
                </include>
            </control>
            <control type="radiobutton" id="9200">
                <onback>Skin.Reset(NoBlurFoto)</onback>
                <label />
                <onclick>Skin.SetString(BackgroundBrightnessBlur,25)</onclick>
                <onclick>Skin.SetString(BlurRadius,2)</onclick>
                <onclick>RunScript(script.embuary.helper,action=blurimg,file='"$VAR[CustomBlurImage]"',prop=MyProp)</onclick>
                <onclick>Skin.SetString(BackgroundBrightnessBlur,25)</onclick>
                <include>buttondimensionssquareblur</include>
                <include content="buttontextures">
                    <param name="icon" value="buttonsdialogs/update.png"/>
                    <param name="color" value="Black30" />
                </include>
            </control>
            <control type="radiobutton" id="9201">
                <onback>Skin.Reset(NoBlurFoto)</onback>
                <include>buttondimensionssquareblur</include>
                <texturenofocus colordiffuse="Black30" border="0">common/boxsquare.png</texturenofocus>
                <texturefocus colordiffuse="$VAR[ColorHighlight]" border="0">common/boxsquare.png</texturefocus>
                <textureradioonfocus colordiffuse="FFFFFFFF">buttonsdialogs/artworkdownloader.png</textureradioonfocus>
                <textureradioonnofocus colordiffuse="FFFFFFFF">buttonsdialogs/artworkdownloader.png</textureradioonnofocus>
                <textureradioofffocus colordiffuse="FFFFFFFF">buttonsdialogs/artworkdownloader.png</textureradioofffocus>
                <textureradiooffnofocus colordiffuse="FFFFFFFF">buttonsdialogs/artworkdownloader.png</textureradiooffnofocus>
                <textcolor>Dark4</textcolor>
                <font>Null</font>
                <onclick condition="String.IsEmpty(Window(home).Property(Fanart))">SetProperty(Fanart,$INFO[Window(Home).Property(LatestMovie.1.Fanart)])</onclick>
                <onclick condition="String.IsEqual(Window(home).Property(Fanart),Window(Home).Property(LatestMovie.1.Fanart))">SetProperty(Fanart,$INFO[Window(Home).Property(LatestMovie.2.Fanart)],home)</onclick>
                <onclick condition="String.IsEqual(Window(home).Property(Fanart),Window(Home).Property(LatestMovie.2.Fanart))">SetProperty(Fanart,$INFO[Window(Home).Property(LatestMovie.3.Fanart)],home)</onclick>
                <onclick condition="String.IsEqual(Window(home).Property(Fanart),Window(Home).Property(LatestMovie.3.Fanart))">SetProperty(Fanart,$INFO[Window(Home).Property(LatestMovie.4.Fanart)],home)</onclick>
                <onclick condition="String.IsEqual(Window(home).Property(Fanart),Window(Home).Property(LatestMovie.4.Fanart))">SetProperty(Fanart,$INFO[Window(Home).Property(LatestMovie.1.Fanart)],home)</onclick>
                <onclick>RunScript(script.embuary.helper,action=blurimg,file='"$VAR[CustomBlurImage]"',prop=MyProp)</onclick>
            </control>
            <control type="radiobutton" id="9202">
                <onback>Skin.Reset(NoBlurFoto)</onback>
                <include>buttondimensionssquareblur</include>
                <texturenofocus colordiffuse="Black30" border="0">common/boxsquare.png</texturenofocus>
                <texturefocus colordiffuse="$VAR[ColorHighlight]" border="0">common/boxsquare.png</texturefocus>
                <textureradioonfocus colordiffuse="FFFFFFFF">buttonsdialogs/choose_image.png</textureradioonfocus>
                <textureradioonnofocus colordiffuse="FFFFFFFF">buttonsdialogs/choose_image.png</textureradioonnofocus>
                <textureradioofffocus colordiffuse="FFFFFFFF">buttonsdialogs/choose_image_blur.png</textureradioofffocus>
                <textureradiooffnofocus colordiffuse="FFFFFFFF">buttonsdialogs/choose_image_blur.png</textureradiooffnofocus>
                <textcolor>Dark4</textcolor>
                <font>Null</font>
                <selected>!Skin.HasSetting(NoBlurFoto)</selected>
                <onclick>Skin.ToggleSetting(NoBlurFoto)</onclick>
            </control>
        </control>
    </include>
</includes>