<?xml version="1.0" encoding="UTF-8"?>
<!-- Foundation -->
<window id="2006">
    <onunload>ClearProperty(SetUserRating,home)</onunload>
    <onunload>ClearProperty(SetUserRating2,home)</onunload>
    <onload condition="Skin.HasSetting(osd.alwaysshowmusicosd)">ActivateWindow(musicosd)</onload>
    <onload>RunScript(script.artistslideshow)</onload>
    <controls>
        <control type="visualisation" id="2">
            <visible>Skin.HasSetting(OSDVisualisation.ShowFanart) | [!Skin.HasSetting(musicvis.fanartfallback) + [!System.HasAddon(script.artistslideshow) | Skin.HasSetting(ArtistSlideShow.Disabled)]]</visible>
            <description>visualisation</description>
            <include>Dimensions_Fullscreen</include>
        </control>
        <control type="image">
            <aspectratio>scale</aspectratio>
            <include>Dimensions_Fullscreen</include>
            <texture background="true">$INFO[Skin.String(fanart.fallback.music)]</texture>
            <visible>!String.IsEmpty(Skin.String(fanart.fallback.music))</visible>
            <animation effect="fade" start="100" end="65" time="0" condition="Skin.HasSetting(OSDVisualisation.ShowFanart)">Conditional</animation>
            <animation effect="zoom" start="110" end="130" center="auto" time="10000" tween="sine" easing="inout" pulse="true" condition="Skin.HasSetting(ArtistSlideshow.Animate)">Conditional</animation>
            <animation effect="slide" start="-30,-30" end="30,30" time="6000" tween="sine" easing="inout" pulse="true" condition="Skin.HasSetting(ArtistSlideshow.Animate)">Conditional</animation>
        </control>
        <control type="image">
            <aspectratio>scale</aspectratio>
            <include>Dimensions_Fullscreen</include>
            <texture background="true">$INFO[Player.Art(fanart)]</texture>
            <visible>!System.HasAddon(script.artistslideshow) | Skin.HasSetting(ArtistSlideShow.Disabled)</visible>
            <visible>Skin.HasSetting(musicvis.fanartfallback)</visible>
            <animation effect="fade" start="100" end="65" time="0" condition="Skin.HasSetting(OSDVisualisation.ShowFanart)">Conditional</animation>
            <animation effect="zoom" start="110" end="130" center="auto" time="10000" tween="sine" easing="inout" pulse="true" condition="Skin.HasSetting(ArtistSlideshow.Animate)">Conditional</animation>
            <animation effect="slide" start="-30,-30" end="30,30" time="6000" tween="sine" easing="inout" pulse="true" condition="Skin.HasSetting(ArtistSlideshow.Animate)">Conditional</animation>
        </control>
        <control type="multiimage">

            <!-- AS 3 -->
            <aspectratio>scale</aspectratio>
            <include>Dimensions_Fullscreen</include>
            <include>BackgroundFanartFadetime</include>
            <imagepath background="true">$INFO[Window(Visualisation).Property(ArtistSlideshow.Image)]</imagepath>
            <visible>System.HasAddon(script.artistslideshow) + !Skin.HasSetting(ArtistSlideShow.Disabled)</visible>
            <animation effect="fade" start="100" end="75" time="0" condition="Skin.HasSetting(OSDVisualisation.ShowFanart)">Conditional</animation>
            <animation effect="zoom" start="110" end="130" center="auto" time="10000" tween="sine" easing="inout" pulse="true" condition="Skin.HasSetting(ArtistSlideshow.Animate)">Conditional</animation>
            <animation effect="slide" start="-30,-30" end="30,30" time="6000" tween="sine" easing="inout" pulse="true" condition="Skin.HasSetting(ArtistSlideshow.Animate)">Conditional</animation>
        </control>
        <control type="group">
            <top>350</top>
            <visible>!Skin.HasSetting(HideMusicScrollingText)</visible>
            <visible>!Window.IsVisible(script-cu-lrclyrics-main.xml)</visible>
            <animation effect="fade" start="0" end="100" time="950" delay="500" tween="cubic" easing="inout">Visible</animation>
            <animation effect="fade" start="0" end="100" time="950" tween="cubic" easing="inout">WindowOpen</animation>
            <animation effect="fade" end="0" start="600" time="350">Hidden</animation>
            <animation effect="fade" end="0" start="100" time="300">WindowClose</animation>
            <visible>Integer.IsGreater(MusicPlayer.Time,0)</visible>
            <control type="label">
                <description>Now Playing</description>
                <left>0</left>
                <top>100</top>
                <right>0</right>
                <label>$INFO[MusicPlayer.Title,  ,]$INFO[MusicPlayer.Title,  ,]$INFO[MusicPlayer.Title,  ,]$INFO[MusicPlayer.Title,  ,]$INFO[MusicPlayer.Title,  ,]$INFO[MusicPlayer.Title,  ,]$INFO[MusicPlayer.Title,  ,]$INFO[MusicPlayer.Title,  ,]$INFO[MusicPlayer.Title,  ,]$INFO[MusicPlayer.Title,  ,]$INFO[MusicPlayer.Title,  ,]$INFO[MusicPlayer.Title,  ,]$INFO[MusicPlayer.Title,  ,]$INFO[MusicPlayer.Title,  ,]$INFO[MusicPlayer.Title,  ,]$INFO[MusicPlayer.Title,  ,]$INFO[MusicPlayer.Title,  ,]$INFO[MusicPlayer.Title,  ,]$INFO[MusicPlayer.Title,  ,]$INFO[MusicPlayer.Title,  ,]$INFO[MusicPlayer.Title,  ,]$INFO[MusicPlayer.Title,  ,]$INFO[MusicPlayer.Title,  ,]$INFO[MusicPlayer.Title,  ,]$INFO[MusicPlayer.Title,  ,]</label>
                <scroll>true</scroll>
                <font>Music_Biggest</font>
                <textcolor>77ffffff</textcolor>
                <align>left</align>
                <scrollspeed>55</scrollspeed>
            </control>
            <control type="label">
                <description>Now Playing</description>
                <left>0</left>
                <top>130</top>
                <right>0</right>
                <label>$INFO[MusicPlayer.Album,  ,]$INFO[MusicPlayer.Album,  ,]$INFO[MusicPlayer.Album,  ,]$INFO[MusicPlayer.Album,  ,]$INFO[MusicPlayer.Album, ,]$INFO[MusicPlayer.Album,  ,]$INFO[MusicPlayer.Album,  ,]$INFO[MusicPlayer.Album,  ,]$INFO[MusicPlayer.Album,  ,]$INFO[MusicPlayer.Album,  ,]$INFO[MusicPlayer.Album,  ,]$INFO[MusicPlayer.Album,  ,]$INFO[MusicPlayer.Album,  ,]$INFO[MusicPlayer.Album,  ,]$INFO[MusicPlayer.Album,  ,]$INFO[MusicPlayer.Album,  ,]$INFO[MusicPlayer.Album,  ,]$INFO[MusicPlayer.Album,  ,]$INFO[MusicPlayer.Album,  ,]$INFO[MusicPlayer.Album,  ,]$INFO[MusicPlayer.Album,  ,]$INFO[MusicPlayer.Album,  ,]$INFO[MusicPlayer.Album,  ,]$INFO[MusicPlayer.Album,  ,]$INFO[MusicPlayer.Album,  ,]</label>
                <scroll>true</scroll>
                <font>Music_Bigger</font>
                <textcolor>44cccccc</textcolor>
                <align>left</align>
                <scrollspeed>100</scrollspeed>
            </control>
            <control type="label">
                <description>Now Playing</description>
                <left>0</left>
                <top>210</top>
                <right>0</right>
                <label>$INFO[MusicPlayer.Artist,  ,]$INFO[MusicPlayer.Artist,  ,]$INFO[MusicPlayer.Artist,  ,]$INFO[MusicPlayer.Artist,  ,]$INFO[MusicPlayer.Artist,  ,]$INFO[MusicPlayer.Artist,  ,]$INFO[MusicPlayer.Artist,  ,]$INFO[MusicPlayer.Artist,  ,]$INFO[MusicPlayer.Artist,  ,]$INFO[MusicPlayer.Artist,  ,]$INFO[MusicPlayer.Artist,  ,]$INFO[MusicPlayer.Artist,  ,]$INFO[MusicPlayer.Artist,  ,]$INFO[MusicPlayer.Artist,  ,]$INFO[MusicPlayer.Artist,  ,]$INFO[MusicPlayer.Artist,  ,]$INFO[MusicPlayer.Artist,  ,]$INFO[MusicPlayer.Artist,  ,]$INFO[MusicPlayer.Artist,  ,]$INFO[MusicPlayer.Artist,  ,]$INFO[MusicPlayer.Artist,  ,]$INFO[MusicPlayer.Artist,  ,]$INFO[MusicPlayer.Artist,  ,]$INFO[MusicPlayer.Artist,  ,]$INFO[MusicPlayer.Artist,  ,]</label>
                <scroll>true</scroll>
                <font>Music_Big</font>
                <textcolor>99cccccc</textcolor>
                <align>left</align>
                <scrollspeed>80</scrollspeed>
                <visible>!Pvr.IsPlayingRadio</visible>
            </control>
            <control type="label">
                <description>Now Playing</description>
                <left>0</left>
                <top>210</top>
                <right>0</right>
                <label>$INFO[Window(Home).Property(SkinHelper.Player.Album),  ,]$INFO[Window(Home).Property(SkinHelper.Player.Album),  ,]$INFO[Window(Home).Property(SkinHelper.Player.Album),  ,]$INFO[Window(Home).Property(SkinHelper.Player.Album),  ,]$INFO[Window(Home).Property(SkinHelper.Player.Album),  ,]$INFO[Window(Home).Property(SkinHelper.Player.Album),  ,]$INFO[Window(Home).Property(SkinHelper.Player.Album),  ,]$INFO[Window(Home).Property(SkinHelper.Player.Album),  ,]$INFO[Window(Home).Property(SkinHelper.Player.Album),  ,]$INFO[Window(Home).Property(SkinHelper.Player.Album),  ,]$INFO[Window(Home).Property(SkinHelper.Player.Album),  ,]$INFO[Window(Home).Property(SkinHelper.Player.Album),  ,]$INFO[Window(Home).Property(SkinHelper.Player.Album),  ,]$INFO[Window(Home).Property(SkinHelper.Player.Album),  ,]$INFO[Window(Home).Property(SkinHelper.Player.Album),  ,]$INFO[Window(Home).Property(SkinHelper.Player.Album),  ,]$INFO[Window(Home).Property(SkinHelper.Player.Album),  ,]$INFO[Window(Home).Property(SkinHelper.Player.Album),  ,]$INFO[Window(Home).Property(SkinHelper.Player.Album),  ,]$INFO[Window(Home).Property(SkinHelper.Player.Album),  ,]$INFO[Window(Home).Property(SkinHelper.Player.Album),  ,]$INFO[Window(Home).Property(SkinHelper.Player.Album),  ,]$INFO[Window(Home).Property(SkinHelper.Player.Album),  ,]$INFO[Window(Home).Property(SkinHelper.Player.Album),  ,]$INFO[Window(Home).Property(SkinHelper.Player.Album),  ,]</label>
                <scroll>true</scroll>
                <font>Music_Big</font>
                <textcolor>99cccccc</textcolor>
                <align>left</align>
                <scrollspeed>80</scrollspeed>
                <visible>Player.IsInternetStream</visible>
            </control>
            <control type="label">
                <description>Now Playing</description>
                <left>0</left>
                <top>210</top>
                <right>0</right>
                <label>$INFO[VideoPlayer.ChannelName,  ,]$INFO[VideoPlayer.ChannelName,  ,]$INFO[VideoPlayer.ChannelName,  ,]$INFO[VideoPlayer.ChannelName,  ,]$INFO[VideoPlayer.ChannelName,  ,]$INFO[VideoPlayer.ChannelName,  ,]$INFO[VideoPlayer.ChannelName,  ,]$INFO[VideoPlayer.ChannelName,  ,]$INFO[VideoPlayer.ChannelName,  ,]$INFO[VideoPlayer.ChannelName,  ,]$INFO[VideoPlayer.ChannelName,  ,]$INFO[VideoPlayer.ChannelName,  ,]$INFO[VideoPlayer.ChannelName,  ,]$INFO[VideoPlayer.ChannelName,  ,]$INFO[VideoPlayer.ChannelName,  ,]$INFO[VideoPlayer.ChannelName,  ,]$INFO[VideoPlayer.ChannelName,  ,]$INFO[VideoPlayer.ChannelName,  ,]$INFO[VideoPlayer.ChannelName,  ,]$INFO[VideoPlayer.ChannelName,  ,]$INFO[VideoPlayer.ChannelName,  ,]$INFO[VideoPlayer.ChannelName,  ,]$INFO[VideoPlayer.ChannelName,  ,]$INFO[VideoPlayer.ChannelName,  ,]$INFO[VideoPlayer.ChannelName,  ,]</label>
                <scroll>true</scroll>
                <font>Music_Big</font>
                <textcolor>99cccccc</textcolor>
                <align>left</align>
                <scrollspeed>80</scrollspeed>
                <visible>Pvr.IsPlayingRadio</visible>
            </control>
        </control>
        <control type="image">
            <top>970</top>
            <height>130</height>
            <width>100%</width>
            <texture>common/white.png</texture>
            <colordiffuse>$VAR[OSDPanel]</colordiffuse>
            <animation effect="fade" start="100" end="90" condition="true">Conditional</animation>
            <visible>Window.IsVisible(script-cu-lrclyrics-main.xml) + !Window.IsVisible(musicosd)</visible>
            <visible>Window.IsVisible(script-cu-lrclyrics-main.xml) + !Skin.HasSetting(hideseekbaronlyrics)</visible>
            <visible>!Skin.HasSetting(osd.usethemeNewOSDMusic)</visible>
            <animation effect="slide" end="0,110" start="0" time="150" tween="quadratic">Hidden</animation>
            <animation effect="slide" start="0,110" end="0" time="150" tween="quadratic">Visible</animation>
        </control>
        <control type="image">
            <height>100%</height>
            <width>100%</width>
            <texture>common/white.png</texture>
            <colordiffuse>$VAR[OSDPanel]</colordiffuse>
            <animation effect="fade" start="100" end="60" condition="true">Conditional</animation>
            <visible>Window.IsVisible(script-cu-lrclyrics-main.xml)</visible>
            <visible>!Skin.HasSetting(osd.morecontrast)</visible>
        </control>
        <control type="group">
            <visible>!Window.IsVisible(musicosd)</visible>
            <visible>Window.IsVisible(script-cu-lrclyrics-main.xml) | Player.Seeking | Player.DisplayAfterSeek | Player.Paused | Player.Forwarding | Player.Rewinding | Player.ShowInfo</visible>
            <animation effect="slide" start="0,110" end="0" time="150" tween="quadratic">Visible</animation>
            <animation effect="slide" start="0,110" end="0" time="150" tween="quadratic">WindowOpen</animation>
            <animation effect="slide" end="0,160" start="0" time="150" tween="quadratic">Hidden</animation>
            <animation effect="slide" end="0,120" start="0" time="150" tween="quadratic" condition="Window.IsVisible(script-cu-lrclyrics-main.xml) + Skin.HasSetting(hideseekbaronlyrics) + !Skin.HasSetting(osd.usethemeNewOSDMusic)">Conditional</animation>
            <animation effect="slide" end="0,280" start="0" time="150" tween="quadratic" condition="Window.IsVisible(script-cu-lrclyrics-main.xml) + Skin.HasSetting(hideseekbaronlyrics) + Skin.HasSetting(osd.usethemeNewOSDMusic)">Conditional</animation>
            <animation effect="slide" end="0,160" start="0" time="150" tween="quadratic">WindowClose</animation>
            <animation effect="slide" start="0,0" end="0,-10" time="150" condition="Skin.HasSetting(osd.usethemeNewOSDMusic)">Conditional</animation>
            <control type="image">
                <top>111r</top>
                <width>100%</width>
                <height>1</height>
                <texture colordiffuse="BoxHomerow">common/sch2.png</texture>
                <include>Animation.FadeOut</include>
                <visible>!Skin.HasSetting(thumbnails.white) + !Skin.HasSetting(osd.usethemeNewOSDMusic)</visible>
            </control>
            <control type="image">
                <top>110r</top>
                <width>100%</width>
                <height>374</height>
                <texture>common/white.png</texture>
                <colordiffuse>$VAR[OSDPanel]</colordiffuse>
                <animation effect="fade" start="100" end="90" condition="true">Conditional</animation>
                <visible>!Window.IsVisible(script-cu-lrclyrics-main.xml) + !Skin.HasSetting(osd.usethemeNewOSDMusic)</visible>
            </control>
            <control type="image">
                <top>830r</top>
                <width>100%</width>
                <height>870</height>
                <texture>common/fsinfoscreen.png</texture>
                <animation effect="fade" start="100" end="90" condition="true">Conditional</animation>
                <visible>!Window.IsVisible(script-cu-lrclyrics-main.xml) + Skin.HasSetting(osd.usethemeNewOSDMusic)</visible>
                <visible>!Window.IsVisible(musicosd)</visible>
                <visible>Window.IsVisible(script-cu-lrclyrics-main.xml) | Player.Seeking | Player.DisplayAfterSeek | Player.Paused | Player.Forwarding | Player.Rewinding | Player.ShowInfo</visible>
                <include>Animation.FadeIn</include>
                <include>Animation.FadeOut</include>
            </control>
            <control type="image">
                <top>830r</top>
                <width>100%</width>
                <height>870</height>
                <texture>common/fsinfoscreen.png</texture>
                <animation effect="fade" start="100" end="40" condition="true">Conditional</animation>
                <animation effect="fade" start="100" end="90" condition="true">Conditional</animation>
                <visible>!Window.IsVisible(script-cu-lrclyrics-main.xml) + Skin.HasSetting(osd.usethemeNewOSDMusic)</visible>
                <visible>!Window.IsVisible(musicosd)</visible>
                <visible>Window.IsVisible(script-cu-lrclyrics-main.xml) | Player.Seeking | Player.DisplayAfterSeek | Player.Paused | Player.Forwarding | Player.Rewinding | Player.ShowInfo</visible>
                <include>Animation.FadeIn</include>
                <include>Animation.FadeOut</include>
            </control>
            <control type="label" description="Duration Total Time">
                <animation effect="slide" start="0,0" end="0,-50" time="150" condition="Skin.HasSetting(osd.usethemeNewOSDMusic)">Conditional</animation>
                <animation effect="slide" start="0,0" end="-50," time="0" condition="Skin.HasSetting(osd.usethemeNewOSDMusic)">Conditional</animation>
                <visible>Skin.HasSetting(osd.usethemeNewOSDMusic)</visible>
                <include>Animation.FadeIn</include>
                <include>Animation.FadeOut</include>
                <right>SidePad</right>
                <bottom>38</bottom>
                <width>300</width>
                <height>64</height>
                <align>right</align>
                <width>400</width>
                <bottom>13</bottom>
                <height>40</height>
                <font>Tiny</font>
                <textcolor>$VAR[OSDPanelWhite70Music]</textcolor>
                <label>$INFO[Player.Time]$INFO[Player.Duration,  /  ,]</label>
            </control>
            <control type="image">
                <visible>Skin.HasSetting(ShowClearArtMusicOSD)</visible>
                <visible>!Window.IsVisible(musicosd)</visible>
                <visible>Player.Seeking | Player.DisplayAfterSeek | Player.Paused | Player.Forwarding | Player.Rewinding | Player.ShowInfo</visible>
                <right>SidePad</right>
                <bottom>110</bottom>
                <width>500</width>
                <height>281</height>
                <fadetime>ClearArtFadetime</fadetime>
                <texture>$VAR[MusicPlayerArt]</texture>
                <aspectratio align="right" aligny="bottom">keep</aspectratio>
                <include>Animation.FadeIn</include>
                <include>Animation.FadeOut</include>
                <animation effect="fade" start="100" end="0" time="150" condition="Window.IsVisible(script-cu-lrclyrics-main.xml) + Skin.HasSetting(hideseekbaronlyrics)">Conditional</animation>
                <animation effect="slide" start="0" end="-50,-105" time="150" condition="Skin.HasSetting(osd.usethemeNewOSDMusic)">Conditional</animation>
                <animation effect="slide" start="0,0" end="0,-70" time="150" condition="Skin.HasSetting(osd.artistinfos)">Conditional</animation>
                <animation effect="slide" start="0,0" end="0,-264" time="150" condition="Skin.HasSetting(osd.artistinfos) + !Skin.HasSetting(osd.usethemeNewOSDMusic)">Conditional</animation>
                <animation effect="slide" start="0,335" end="0,0" time="100" reversible="false" condition="Player.ShowInfo + !Skin.HasSetting(osd.usethemeNewOSDMusic) + Skin.HasSetting(osd.artistinfos)">Conditional</animation>
                <animation effect="slide" end="0,335" start="0,0" time="150" reversible="false" easing="out" delay="100" condition="!Player.ShowInfo + !Skin.HasSetting(osd.usethemeNewOSDMusic) + Skin.HasSetting(osd.artistinfos)">Conditional</animation>
            </control>
            <control type="image">
                <visible>Skin.HasSetting(ShowClearLogoMusicOSD)</visible>
                <visible>!Window.IsVisible(musicosd)</visible>
                <visible>Player.Seeking | Player.DisplayAfterSeek | Player.Paused | Player.Forwarding | Player.Rewinding | Player.ShowInfo</visible>
                <right>SidePad</right>
                <bottom>140</bottom>
                <width>400</width>
                <height>155</height>
                <fadetime>ClearArtFadetime</fadetime>
                <texture>$VAR[MusicPlayerArt]</texture>
                <aspectratio align="right" aligny="bottom">keep</aspectratio>
                <include>Animation.FadeIn</include>
                <include>Animation.FadeOut</include>
                <animation effect="fade" start="100" end="0" time="150" condition="Window.IsVisible(script-cu-lrclyrics-main.xml) + Skin.HasSetting(hideseekbaronlyrics)">Conditional</animation>
                <animation effect="fade" start="100" end="0" time="0" condition="Skin.HasSetting(osd.artistinfos) + !Skin.HasSetting(osd.usethemeNewOSDMusic) + !Skin.HasSetting(AlternativeCd)">Conditional</animation>
                <animation effect="slide" start="0" end="-50,-75" time="0" condition="Skin.HasSetting(osd.usethemeNewOSDMusic)">Conditional</animation>
                <animation effect="slide" start="0,0" end="0,-70" time="0" condition="Skin.HasSetting(osd.artistinfos) + Skin.HasSetting(osd.usethemeNewOSDMusic)">Conditional</animation>
                <animation effect="slide" start="0,0" end="0,-335" time="0" condition="Skin.HasSetting(osd.artistinfos) + !Skin.HasSetting(osd.usethemeNewOSDMusic)">Conditional</animation>
                <animation effect="slide" start="0,335" end="0,0" time="100" reversible="false" condition="Player.ShowInfo + !Skin.HasSetting(osd.usethemeNewOSDMusic) + Skin.HasSetting(osd.artistinfos)">Conditional</animation>
                <animation effect="slide" end="0,335" start="0,0" time="450" reversible="false" easing="out" tween="back" delay="100" condition="!Player.ShowInfo + !Skin.HasSetting(osd.usethemeNewOSDMusic) + Skin.HasSetting(osd.artistinfos)">Conditional</animation>
            </control>
            <control type="grouplist">
                <animation effect="slide" start="0,0" end="0,-70" time="150" condition="Skin.HasSetting(osd.artistinfos)">Conditional</animation>
                <visible>Skin.HasSetting(osd.usethemeNewOSDMusic)</visible>
                <include>Animation.FadeIn</include>
                <include>Animation.FadeOut</include>
                <right>130</right>
                <bottom>142</bottom>
                <width>1400</width>
                <height>64</height>
                <orientation>horizontal</orientation>
                <align>right</align>
                <itemgap>12</itemgap>
                <usecontrolcoords>true</usecontrolcoords>
                <include>MusicVisualisation_RatingStars</include>
                <control type="label">
                    <width>auto</width>
                    <height>60</height>
                    <label>$INFO[MusicPlayer.UserRating,,.0]</label>
                    <aligny>center</aligny>
                    <textcolor>$VAR[OSDPanelWhite30]</textcolor>
                    <font>Flag</font>
                    <textcolor>Dark1</textcolor>
                    <visible>Skin.HasSetting(musicosd.numericrating) + Integer.IsGreater(MusicPlayer.UserRating,0)</visible>
                </control>
            </control>
            <control type="grouplist">
                <animation effect="slide" start="0,0" end="0,-50" time="150" condition="Skin.HasSetting(osd.usethemeNewOSDMusic)">Conditional</animation>
                <animation effect="slide" start="0,0" end="-50," time="0" condition="Skin.HasSetting(osd.usethemeNewOSDMusic)">Conditional</animation>
                <visible>!Skin.HasSetting(osd.usethemeNewOSDMusic)</visible>
                <include>Animation.FadeIn</include>
                <include>Animation.FadeOut</include>
                <right>SidePad</right>
                <bottom>38</bottom>
                <width>1400</width>
                <height>64</height>
                <orientation>horizontal</orientation>
                <align>right</align>
                <itemgap>12</itemgap>
                <usecontrolcoords>true</usecontrolcoords>
                <control type="label" description="Duration Total Time">
                    <align>right</align>
                    <width>400</width>
                    <bottom>13</bottom>
                    <height>40</height>
                    <font>Tiny</font>
                    <textcolor>$VAR[OSDPanelWhite70Music]</textcolor>
                    <label>$INFO[Player.Time]$INFO[Player.Duration,  /  ,]</label>
                </control>
                <include content="MusicVisualisation_RatingStars">
                    <param name="height" value="30" />
                </include>
                <control type="label">
                    <width>auto</width>
                    <height>60</height>
                    <label>$INFO[MusicPlayer.UserRating,,.0]</label>
                    <aligny>center</aligny>
                    <align>right</align>
                    <textcolor>$VAR[OSDPanelWhite30]</textcolor>
                    <font>Flag</font>
                    <textcolor>Dark1</textcolor>
                    <visible>Skin.HasSetting(musicosd.numericrating) + Integer.IsGreater(MusicPlayer.UserRating,0)</visible>
                </control>
            </control>
            <control type="group">
                <visible>!Skin.HasSetting(osd.usethemeNewOSDMusic)</visible>
                <animation effect="fade" start="0" end="100" delay="150" time="150">Visible</animation>
                <animation effect="fade" start="0" end="100" delay="150" time="150">WindowOpen</animation>
                <top>110r</top>
                <bottom>0</bottom>
                <width>100%</width>
                <control type="group">
                    <left>SidePad</left>
                    <right>SidePad</right>
                    <top>20</top>
                    <bottom>20</bottom>
                    <control type="label" description="Finishes Time">
                        <left>0</left>
                        <right>0</right>
                        <bottom>30</bottom>
                        <height>40</height>
                        <font>Tiny</font>
                        <textcolor>$VAR[OSDPanelWhite70Music]</textcolor>
                        <label>$VAR[PlayerStatus]</label>
                    </control>
                    <control type="progress" description="cache">
                        <description>Progress Bar</description>
                        <width>100%</width>
                        <bottom>10</bottom>
                        <height>8</height>
                        <info>Player.ProgressCache</info>
                        <visible>true</visible>
                        <texturebg colordiffuse="00ffffff">osd/progress-bg.png</texturebg>
                        <lefttexture colordiffuse="Highlight2">osd/progress-end.png</lefttexture>
                        <midtexture colordiffuse="Highlight2">osd/progress-end.png</midtexture>
                        <righttexture colordiffuse="Highlight2">osd/progress-end.png</righttexture>
                    </control>
                    <control type="progress" id="23">
                        <description>Progress Bar</description>
                        <width>100%</width>
                        <bottom>10</bottom>
                        <height>8</height>
                        <info>Player.Progress</info>
                    </control>
                </control>
            </control>
            <control type="group">
                <visible>Skin.HasSetting(osd.usethemeNewOSDMusic)</visible>
                <animation effect="fade" start="0" end="100" delay="150" time="150">Visible</animation>
                <animation effect="fade" start="0" end="100" delay="150" time="150">WindowOpen</animation>
                <animation effect="slide" end="0,110" start="0" time="150" tween="quadratic">Hidden</animation>
                <animation effect="slide" end="0,110" start="0" time="150" tween="quadratic">WindowClose</animation>
                <top>110r</top>
                <bottom>0</bottom>
                <width>100%</width>
                <include content="MusicVisualisationInfoMatrx">
                    <param name="left" value="SidePadNewOSD" />
                    <param name="visible" value="!Skin.HasSetting(ShowMusicCd)" />
                </include>
                <include content="MusicVisualisationInfoMatrx">
                    <param name="left" value="530" />
                    <param name="visible" value="Skin.HasSetting(ShowMusicCd)" />
                </include>
            </control>
        </control>
        <control type="group">
            <visible>Skin.HasSetting(AlternativeCd) + Skin.HasSetting(ShowMusicCd)</visible>
            <animation effect="slide" start="0,0" end="0,137" time="150" condition="Skin.HasSetting(osd.usethemeNewOSDMusic)">Conditional</animation>
            <animation effect="slide" start="0,0" end="50,0" time="0" condition="Skin.HasSetting(osd.usethemeNewOSDMusic)">Conditional</animation>
            <animation effect="slide" start="0,0" end="0,-40" time="150" condition="Skin.HasSetting(osd.artistinfos) + Skin.HasSetting(osd.usethemeNewOSDMusic)">Conditional</animation>
            <animation type="Conditional" condition="Window.IsVisible(script-cu-lrclyrics-main.xml) + Skin.HasSetting(hideseekbaronlyrics) + !Skin.HasSetting(osd.usethemeNewOSDMusic)">
                <effect type="slide" start="0,0" end="-480,0" tween="sine" easing="out" time="300" delay="500"/>
            </animation>
            <animation type="Conditional" condition="Window.IsVisible(script-cu-lrclyrics-main.xml) + Skin.HasSetting(hideseekbaronlyrics) + Skin.HasSetting(osd.usethemeNewOSDMusic)">
                <effect type="slide" start="0,0" end="-520,0" tween="sine" easing="out" time="300" delay="500"/>
            </animation>
            <control type="group">
                <visible>Integer.IsGreater(MusicPlayer.Time,0)</visible>
                <visible>Player.ShowInfo</visible>
                <visible>!Window.IsVisible(musicosd)</visible>
                <visible>!Window.IsVisible(DialogBusy.xml)</visible>
                <animation type="WindowClose" reversible="false">
                    <effect type="slide" start="115,0" end="0,0" tween="sine" easing="out" time="400" delay="0"/>
                    <effect type="fade" start="100" end="0" time="5" delay="400"/>
                </animation>
                <animation type="WindowOpen" reversible="false">
                    <effect type="slide" start="0,0" end="115,0" tween="sine" easing="out" time="600" delay="500"/>
                </animation>
                <animation type="Hidden" reversible="false">
                    <effect type="slide" start="0,0" end="-160,0" tween="sine" easing="out" time="400" delay="200"/>
                    <effect type="fade" start="100" end="0" time="5" delay="400"/>
                </animation>
                <animation type="Visible" reversible="false">
                    <effect type="slide" start="-130,0" end="0,0" tween="sine" easing="out" time="600" delay="700"/>
                </animation>
                <include>DefDiscArt</include>
            </control>
            <control type="group">
                <top>627</top>
                <left>70</left>
                <visible>Player.ShowInfo</visible>
                <visible>!Window.IsVisible(musicosd)</visible>
                <animation type="WindowClose" reversible="false">
                    <effect type="slide" start="0,0" end="-480,0" tween="sine" easing="out" time="300" delay="500"/>
                </animation>
                <animation type="Hidden" reversible="false">
                    <effect type="slide" start="0,0" end="-480,0" tween="sine" easing="out" time="300" delay="500"/>
                </animation>
                <animation type="Visible" reversible="false">
                    <effect type="slide" start="-480,0" end="0,0" tween="sine" easing="out" time="400" delay="0"/>
                </animation>
                <animation type="WindowOpen" reversible="false">
                    <effect type="slide" start="-480,0" end="0,0" tween="sine" easing="out" time="400" delay="0"/>
                </animation>
                <control type="image">
                    <height>280</height>
                    <width>275</width>
                    <texture colordiffuse="ff181818" diffuse="backg/cd_shadow2.png">common/white.png</texture>
                    <visible>String.IsEmpty(Player.Art(thumb))</visible>
                </control>
                <control type="image">
                    <height>280</height>
                    <width>275</width>
                    <aspectratio scalediffuse="false">scale</aspectratio>
                    <texture diffuse="backg/cd_shadow2.png" border="0" fallback="DefaultAlbumCover.png">$INFO[Player.Art(thumb)]</texture>
                </control>
            </control>
        </control>
        <control type="group">
            <visible>!Skin.HasSetting(AlternativeCd) + Skin.HasSetting(ShowMusicCd)</visible>
            <animation type="Conditional" condition="Window.IsVisible(script-cu-lrclyrics-main.xml) + Skin.HasSetting(hideseekbaronlyrics) + !Skin.HasSetting(osd.usethemeNewOSDMusic)">
                <effect type="slide" start="0,0" end="-480,0" tween="sine" easing="out" time="300" delay="500"/>
            </animation>
            <animation type="Conditional" condition="Window.IsVisible(script-cu-lrclyrics-main.xml) + Skin.HasSetting(hideseekbaronlyrics) + Skin.HasSetting(osd.usethemeNewOSDMusic)">
                <effect type="slide" start="0,0" end="-520,0" tween="sine" easing="out" time="300" delay="500"/>
            </animation>
            <animation effect="slide" start="0,0" end="0,142" time="150" condition="Skin.HasSetting(osd.usethemeNewOSDMusic)">Conditional</animation>
            <animation effect="slide" start="0,0" end="50,0" time="0" condition="Skin.HasSetting(osd.usethemeNewOSDMusic)">Conditional</animation>
            <control type="group">
                <animation effect="slide" start="0,0" end="0,-40" time="150" condition="Skin.HasSetting(osd.artistinfos) + Skin.HasSetting(osd.usethemeNewOSDMusic)">Conditional</animation>
                <visible>Integer.IsGreater(MusicPlayer.Time,0)</visible>
                <visible>Player.ShowInfo</visible>
                <visible>!Window.IsVisible(musicosd)</visible>
                <visible>!Window.IsVisible(DialogBusy.xml)</visible>
                <animation type="WindowClose" reversible="false">
                    <effect type="slide" start="115,0" end="0,0" tween="sine" easing="out" time="400" delay="0"/>
                    <effect type="fade" start="100" end="0" time="5" delay="400"/>
                </animation>
                <animation type="WindowOpen" reversible="false">
                    <effect type="slide" start="0,0" end="115,0" tween="sine" easing="out" time="600" delay="500"/>
                </animation>
                <animation type="Hidden" reversible="false">
                    <effect type="slide" start="0,0" end="-160,0" tween="sine" easing="out" time="400" delay="200"/>
                    <effect type="fade" start="100" end="0" time="5" delay="400"/>
                </animation>
                <animation type="Visible" reversible="false">
                    <effect type="slide" start="-130,0" end="0,0" tween="sine" easing="out" time="600" delay="700"/>
                </animation>
                <include>DefDiscArt</include>
            </control>
            <control type="group">
                <animation type="WindowClose" reversible="false">
                    <effect type="slide" start="0,0" end="-480,0" tween="sine" easing="out" time="300" delay="500"/>
                </animation>
                <animation type="Hidden" reversible="false">
                    <effect type="slide" start="0,0" end="-480,0" tween="sine" easing="out" time="300" delay="500"/>
                </animation>
                <animation type="Visible" reversible="false">
                    <effect type="slide" start="-480,0" end="0,0" tween="sine" easing="out" time="400" delay="0"/>
                </animation>
                <animation type="WindowOpen" reversible="false">
                    <effect type="slide" start="-480,0" end="0,0" tween="sine" easing="out" time="400" delay="0"/>
                </animation>
                <animation effect="slide" start="0,0" end="0,-40" time="150" condition="Skin.HasSetting(osd.artistinfos) + Skin.HasSetting(osd.usethemeNewOSDMusic)">Conditional</animation>
                <visible>Player.ShowInfo</visible>
                <visible>!Window.IsVisible(musicosd)</visible>
                <control type="image">
                    <top>637</top>
                    <left>SidePad</left>
                    <height>260</height>
                    <width>260</width>
                    <texture colordiffuse="ff181818" diffuse="diffuse/wall.png">common/white.png</texture>
                    <visible>String.IsEmpty(Player.Art(thumb))</visible>
                </control>
                <control type="image">
                    <top>637</top>
                    <left>SidePad</left>
                    <height>260</height>
                    <width>260</width>
                    <aspectratio scalediffuse="false">scale</aspectratio>
                    <texture diffuse="diffuse/wall.png" fallback="DefaultAlbumCover.png">$INFO[Player.Art(thumb)]</texture>
                </control>
                <control type="image">
                    <top>636</top>
                    <left>79</left>
                    <height>262</height>
                    <width>262</width>
                    <texture colordiffuse="$VAR[MusicOSDBox]" border="4">common/box21.png</texture>
                </control>
            </control>
        </control>
        <control type="group">
            <visible>Skin.HasSetting(osd.artistinfos) + Skin.HasSetting(ShowMusicCd)</visible>
            <visible>Player.ShowInfo</visible>
            <visible>!Window.IsVisible(musicosd)</visible>
            <visible>!Window.IsVisible(script-cu-lrclyrics-main.xml)</visible>
            <animation type="Hidden" reversible="false">
                <effect type="slide" start="0,0" end="1400,0" tween="sine" easing="out" time="400" delay="500"/>
                <effect type="fade" start="100" end="0" time="200" delay="500"/>
            </animation>
            <animation type="Visible" reversible="false">
                <effect type="slide" start="1480,0" end="0,0" tween="sine" easing="out" time="400" delay="0"/>
                <effect type="fade" start="50" end="100" time="400"/>
            </animation>
            <control type="group">
                <visible>!Skin.HasSetting(osd.usethemeNewOSDMusic)</visible>
                <animation type="WindowClose" reversible="false">
                    <effect type="slide" start="0,0" end="1400,0" tween="sine" easing="out" time="400" delay="500"/>
                    <effect type="fade" start="100" end="0" time="200" delay="500"/>
                </animation>
                <animation type="WindowOpen" reversible="false">
                    <effect type="slide" start="1480,0" end="0,0" tween="sine" easing="out" time="400" delay="0"/>
                    <effect type="fade" start="50" end="100" time="400"/>
                </animation>
                <control type="group">
                    <left>539</left>
                    <top>2</top>
                    <control type="image">
                        <top>635</top>
                        <height>261</height>
                        <width>1300</width>
                        <left>1</left>
                        <right>SidePadNewOSD</right>
                        <texture diffuse="diffuse/wall.png" border="5">common/white.png</texture>
                        <colordiffuse>$VAR[OSDPanel]</colordiffuse>
                        <animation effect="fade" start="100" end="80" condition="true">Conditional</animation>
                    </control>
                    <control type="image">
                        <top>634</top>
                        <height>263</height>
                        <width>1302</width>
                        <texture colordiffuse="BoxWidget" border="4">common/box21.png</texture>
                    </control>
                    <control type="label">
                        <left>35</left>
                        <bottom>375</bottom>
                        <height>40</height>
                        <font>SmallBold</font>
                        <textcolor>$VAR[OSDPanelWhite70Music]</textcolor>
                        <label>$LOCALIZE[19033]</label>
                    </control>
                    <control type="grouplist">
                        <orientation>vertical</orientation>
                        <top>725</top>
                        <left>35</left>
                        <itemgap>0</itemgap>
                        <width>280</width>
                        <include>Def_Label_Headers</include>
                    </control>
                    <control type="grouplist">
                        <orientation>vertical</orientation>
                        <top>725</top>
                        <left>250</left>
                        <width>190</width>
                        <itemgap>0</itemgap>
                        <include>Def_Label_Info</include>
                    </control>
                    <control type="label">
                        <left>470</left>
                        <right>0</right>
                        <bottom>315</bottom>
                        <height>40</height>
                        <width>180</width>
                        <font>TinyBold2</font>
                        <textcolor>$VAR[OSDPanelWhite70Music]</textcolor>
                        <label>$LOCALIZE[21887]:</label>
                    </control>
                    <control type="textbox">
                        <description>RSS feed</description>
                        <left>660</left>
                        <bottom>207</bottom>
                        <height>144</height>
                        <right>110</right>
                        <font>Tiny</font>
                        <textcolor>$VAR[OSDPanelWhite70Music]</textcolor>
                        <label fallback="19055">$INFO[Window(Visualisation).Property(ArtistSlideshow.ArtistBiography),]</label>
                    </control>
                </control>
            </control>
        </control>
        <control type="group">
            <visible>Skin.HasSetting(osd.artistinfos) + !Skin.HasSetting(ShowMusicCd)</visible>
            <visible>Player.ShowInfo</visible>
            <visible>!Window.IsVisible(musicosd)</visible>
            <visible>!Window.IsVisible(script-cu-lrclyrics-main.xml)</visible>
            <animation type="Hidden" reversible="false">
                <effect type="slide" start="0,0" end="1850,0" tween="sine" easing="out" time="300" delay="0"/>
                <effect type="fade" start="100" end="0" time="200" delay="0"/>
            </animation>
            <animation type="Visible" reversible="false">
                <effect type="slide" start="1480,0" end="0,0" tween="sine" easing="out" time="400" delay="0"/>
                <effect type="fade" start="50" end="100" time="400"/>
            </animation>
            <control type="group">
                <visible>!Skin.HasSetting(osd.usethemeNewOSDMusic)</visible>
                <animation type="WindowClose" reversible="false">
                    <effect type="slide" start="0,0" end="1850,0" tween="sine" easing="out" time="300" delay="0"/>
                    <effect type="fade" start="100" end="0" time="200" delay="0"/>
                </animation>
                <animation type="WindowOpen" reversible="false">
                    <effect type="slide" start="1480,0" end="0,0" tween="sine" easing="out" time="400" delay="0"/>
                    <effect type="fade" start="50" end="100" time="400"/>
                </animation>
                <control type="group">
                    <left>SidePad</left>
                    <top>2</top>
                    <control type="image">
                        <top>635</top>
                        <height>261</height>
                        <width>1758</width>
                        <left>1</left>
                        <right>SidePadNewOSD</right>
                        <texture diffuse="diffuse/wall.png" border="5">common/white.png</texture>
                        <colordiffuse>$VAR[OSDPanel]</colordiffuse>
                        <animation effect="fade" start="100" end="80" condition="true">Conditional</animation>
                    </control>
                    <control type="image">
                        <top>634</top>
                        <height>263</height>
                        <width>1760</width>
                        <texture colordiffuse="BoxWidget" border="4">common/box21.png</texture>
                    </control>
                    <control type="label">
                        <left>35</left>
                        <bottom>375</bottom>
                        <height>40</height>
                        <font>SmallBold</font>
                        <textcolor>$VAR[OSDPanelWhite70Music]</textcolor>
                        <label>$LOCALIZE[19033]</label>
                    </control>
                    <control type="grouplist">
                        <orientation>vertical</orientation>
                        <top>725</top>
                        <left>35</left>
                        <itemgap>0</itemgap>
                        <width>280</width>
                        <include>Def_Label_Headers</include>
                    </control>
                    <control type="grouplist">
                        <orientation>vertical</orientation>
                        <top>725</top>
                        <left>250</left>
                        <width>190</width>
                        <itemgap>0</itemgap>
                        <include>Def_Label_Info</include>
                    </control>
                    <control type="label">
                        <left>470</left>
                        <right>0</right>
                        <bottom>315</bottom>
                        <height>40</height>
                        <width>180</width>
                        <font>TinyBold2</font>
                        <textcolor>$VAR[OSDPanelWhite70Music]</textcolor>
                        <label>$LOCALIZE[21887]:</label>
                    </control>
                    <control type="textbox">
                        <description>RSS feed</description>
                        <left>660</left>
                        <bottom>207</bottom>
                        <height>144</height>
                        <right>110</right>
                        <font>Tiny</font>
                        <textcolor>$VAR[OSDPanelWhite70Music]</textcolor>
                        <label fallback="19055">$INFO[Window(Visualisation).Property(ArtistSlideshow.ArtistBiography),]</label>
                    </control>
                </control>
            </control>
        </control>
    </controls>
</window>