<?xml version="1.0" encoding="UTF-8"?>
<window id="3033">
    <defaultcontrol always="true">1000</defaultcontrol>
    <controls>
        <include>GlobalBackground</include>
        <include>Furniture_Header</include>
        <include>Furniture_Clock</include>
        <include>Furniture_NowPlaying</include>
        <include>Furniture_Weather</include>
        <control type="group">
            <left>SidePad</left>
            <!-- Main Menu (left) -->
            <include>Animation.Common</include>
            <left>72</left>
            <right>72</right>
            <top>215</top>
            <height>656</height>
            <control type="image">
                <left>-8</left>
                <right>0</right>
                <top>-8</top>
                <bottom>0</bottom>
                <texture border="16" colordiffuse="Panel">common/rounded-shadow8.png</texture>
            </control>
            <control type="image">
                <top>10</top>
                <left>500</left>
                <width>1</width>
                <bottom>10</bottom>
                <colordiffuse>Black12</colordiffuse>
                <texture>common/white.png</texture>
            </control>
            <control type="image">
                <top>500</top>
                <left>30</left>
                <width>440</width>
                <height>1</height>
                <colordiffuse>Black12</colordiffuse>
                <texture>common/white.png</texture>
            </control>
            <control type="list" id="1000">
                <left>0</left>
                <top>10</top>
                <width>501</width>
                <height>490</height>
                <onleft>1500</onleft>
                <scrolltime>300</scrolltime>
                <itemlayout height="70" width="501">
                    <control type="label">
                        <left>30</left>
                        <width>240</width>
                        <height>70</height>
                        <aligny>center</aligny>
                        <font>Small</font>
                        <textcolor>white</textcolor>
                        <label>$INFO[ListItem.Label]</label>
                    </control>
                </itemlayout>
                <focusedlayout height="70" width="501">
                    <control type="image">
                        <height>70</height>
                        <width>100%</width>
                        <texture colordiffuse="$VAR[ColorSelectOtherBar]" border="5">common/white.png</texture>
                    </control>
                    <control type="image">
                        <height>70</height>
                        <width>100%</width>
                        <texture colordiffuse="$VAR[ColorHighlightOtherBar]" border="5">common/gradient-box-wide-cut.png</texture>
                    </control>
                    <control type="label">
                        <left>30</left>
                        <width>240</width>
                        <height>70</height>
                        <aligny>center</aligny>
                        <font>Small</font>
                        <textcolor>white</textcolor>
                        <label>$INFO[ListItem.Label]</label>
                    </control>
                </focusedlayout>
            </control>
            <control type="image">
                <description>LOGO</description>
                <left>0</left>
                <top>670</top>
                <width>360</width>
                <height>150</height>
                <aspectratio>keep</aspectratio>
                <texture>/usr/share/kodi/addons/service.libreelec.settings/resources/skins/Default/media/logo.png</texture>
            </control>
            <control type="group">
                <left>420</left>
                <top>0</top>
                <width>1256</width>
                <height>638</height>
                <!-- Other Content -->
                <control type="group" id="1900">
                    <left>60</left>
                    <top>-16</top>
                    <width>1256</width>
                    <height>3</height>
                    <visible>String.IsEqual(Container(1000).ListItem.Property(listTyp), 1900)</visible>
                    <control type="label">
                        <left>60</left>
                        <top>50</top>
                        <width>300</width>
                        <height>20</height>
                        <textcolor>PanelWhite30</textcolor>
                        <align>left</align>
                        <aligny>center</aligny>
                        <label>$ADDON[service.libreelec.settings 606]</label>
                    </control>
                    <control type="label">
                        <left>300</left>
                        <top>50</top>
                        <width>700</width>
                        <height>20</height>
                        <textcolor>white</textcolor>
                        <align>left</align>
                        <aligny>center</aligny>
                        <label>$INFO[Window.Property(Distri)] ($INFO[Window.Property(build)])</label>
                    </control>
                    <control type="label">
                        <left>60</left>
                        <top>90</top>
                        <width>300</width>
                        <height>20</height>
                        <textcolor>PanelWhite30</textcolor>
                        <align>left</align>
                        <aligny>center</aligny>
                        <label>$ADDON[service.libreelec.settings 607]</label>
                    </control>
                    <control type="label">
                        <left>300</left>
                        <top>90</top>
                        <width>700</width>
                        <height>16</height>
                        <textcolor>white</textcolor>
                        <align>left</align>
                        <aligny>center</aligny>
                        <label>$INFO[Window.Property(Version)]</label>
                    </control>
                    <control type="label">
                        <left>60</left>
                        <top>130</top>
                        <width>300</width>
                        <height>16</height>
                        <textcolor>PanelWhite30</textcolor>
                        <align>left</align>
                        <aligny>center</aligny>
                        <label>$ADDON[service.libreelec.settings 608]</label>
                    </control>
                    <control type="label">
                        <left>300</left>
                        <top>130</top>
                        <width>700</width>
                        <height>16</height>
                        <textcolor>white</textcolor>
                        <align>left</align>
                        <aligny>center</aligny>
                        <label>$INFO[Window.Property(Arch)]</label>
                    </control>
                    <control type="textbox">
                        <left>60</left>
                        <top>170</top>
                        <width>1200</width>
                        <height>260</height>
                        <font>Tiny</font>
                        <textcolor>white</textcolor>
                        <label>$ADDON[service.libreelec.settings 609]</label>
                    </control>
                    <control type="textbox">
                        <left>60</left>
                        <top>265</top>
                        <width>1200</width>
                        <height>400</height>
                        <font>Tiny</font>
                        <textcolor>white</textcolor>
                        <label>$ADDON[service.libreelec.settings 610]</label>
                    </control>
                    <control type="textbox">
                        <left>60</left>
                        <top>670</top>
                        <width>1150</width>
                        <height>90</height>
                        <font>Tiny</font>
                        <textcolor>white</textcolor>
                        <align>left</align>
                    </control>
                </control>
                <!-- simple list content -->
                <control type="list" id="1100">
                    <left>82</left>
                    <top>10</top>
                    <width>1286</width>
                    <height>630</height>
                    <onleft>1000</onleft>
                    <onright>1500</onright>
                    <scrolltime>300</scrolltime>
                    <pagecontrol>1097</pagecontrol>
                    <visible>String.IsEqual(Container(1000).ListItem.Property(listTyp), 1100)</visible>
                    <itemlayout height="70">
                        <!-- entry name and text value -->
                        <control type="group">
                            <visible>!String.IsEqual(ListItem.Property(Typ), separator)</visible>
                            <control type="label">
                                <aligny>center</aligny>
                                <textoffsetx>80</textoffsetx>
                                <width>1256</width>
                                <height>70</height>
                                <textcolor>white</textcolor>
                                <info>ListItem.Label</info>
                            </control>
                            <control type="label">
                                <align>right</align>
                                <aligny>center</aligny>
                                <textoffsetx>40</textoffsetx>
                                <width>1256</width>
                                <height>70</height>
                                <textcolor>white</textcolor>
                                <info>ListItem.Property(value)</info>
                                <visible>!String.IsEqual(ListItem.Property(Typ), bool) + !String.IsEqual(ListItem.Property(Typ), button)</visible>
                            </control>
                        </control>
                        <!-- section name / seperator -->
                        <control type="group">
                            <visible>String.IsEqual(ListItem.Property(Typ), separator)</visible>
                            <control type="image">
                                <width>1256</width>
                                <height>70</height>
                                <texture border="2">separator.png</texture>
                            </control>
                            <control type="label">
                                <aligny>center</aligny>
                                <textoffsetx>40</textoffsetx>
                                <width>1256</width>
                                <height>70</height>
                                <font>Small</font>
                                <textcolor>PanelWhite30</textcolor>
                                <info>ListItem.Label</info>
                                <visible>true</visible>
                            </control>
                        </control>
                        <!-- boolean value -->
                        <control type="group">
                            <visible>String.IsEqual(ListItem.Property(Typ), bool)</visible>
                            <control type="image">
                                <left>1140</left>
                                <top>2</top>
                                <width>100</width>
                                <height>70</height>
                                <texture>/usr/share/kodi/addons/service.libreelec.settings/resources/skins/Default/media/radio-button-off.png</texture>
                                <visible>String.IsEqual(ListItem.Property(value), 0) | String.IsEqual(ListItem.Property(value), false) | String.IsEmpty(ListItem.Property(value))</visible>
                            </control>
                            <control type="image">
                                <left>1140</left>
                                <top>2</top>
                                <width>100</width>
                                <height>70</height>
                                <texture>/usr/share/kodi/addons/service.libreelec.settings/resources/skins/Default/media/radio-button-on.png</texture>
                                <visible>String.IsEqual(ListItem.Property(value), 1) | String.IsEqual(ListItem.Property(value), true)</visible>
                            </control>
                        </control>
                        <!-- button / execute value -->
                        <control type="group">
                            <visible>String.IsEqual(ListItem.Property(Typ), button)</visible>
                            <control type="image">
                                <left>1187</left>
                                <top>16</top>
                                <width>30</width>
                                <height>30</height>
                                <texture>/usr/share/kodi/addons/service.libreelec.settings/resources/skins/Default/media/do.png</texture>
                            </control>
                        </control>
                    </itemlayout>
                    <focusedlayout height="70">
                        <!-- entry name and text value -->
                        <control type="group">
                            <visible>!String.IsEqual(ListItem.Property(Typ), separator)</visible>
                            <control type="image">
                                <height>70</height>
                                <width>1256</width>
                                <texture colordiffuse="$VAR[ColorSelectOtherBar]" border="5">common/white.png</texture>
                                <visible>Control.HasFocus(1100)</visible>
                            </control>
                            <control type="image">
                                <height>70</height>
                                <width>1256</width>
                                <texture colordiffuse="$VAR[ColorHighlightOtherBar]" border="5">common/gradient-box-wide-cut.png</texture>
                                <visible>Control.HasFocus(1100)</visible>
                            </control>
                            <control type="image">
                                <width>1256</width>
                                <height>70</height>
                                <texture border="2">separator.png</texture>
                                <visible>!Control.HasFocus(1100)</visible>
                            </control>
                            <control type="label">
                                <aligny>center</aligny>
                                <textoffsetx>80</textoffsetx>
                                <width>1256</width>
                                <height>70</height>
                                <textcolor>white</textcolor>
                                <info>ListItem.Label</info>
                            </control>
                            <control type="label">
                                <align>right</align>
                                <textoffsetx>40</textoffsetx>
                                <aligny>center</aligny>
                                <width>1256</width>
                                <height>70</height>
                                <textcolor>white</textcolor>
                                <info>ListItem.Property(value)</info>
                                <visible>!String.IsEqual(ListItem.Property(Typ), bool) + !String.IsEqual(ListItem.Property(Typ), button)</visible>
                            </control>
                        </control>
                        <!-- section name / seperator -->
                        <control type="group">
                            <visible>String.IsEqual(ListItem.Property(Typ), separator)</visible>
                            <control type="image">
                                <width>1256</width>
                                <height>70</height>
                                <texture border="2">separator.png</texture>
                            </control>
                            <control type="label">
                                <aligny>center</aligny>
                                <textoffsetx>40</textoffsetx>
                                <width>1256</width>
                                <height>70</height>
                                <font>Small</font>
                                <textcolor>PanelWhite30</textcolor>
                                <info>ListItem.Label</info>
                                <visible>true</visible>
                            </control>
                        </control>
                        <!-- boolean value -->
                        <control type="group">
                            <visible>String.IsEqual(ListItem.Property(Typ), bool)</visible>
                            <control type="image">
                                <left>1140</left>
                                <top>2</top>
                                <width>100</width>
                                <height>70</height>
                                <texture>/usr/share/kodi/addons/service.libreelec.settings/resources/skins/Default/media/radio-button-off.png</texture>
                                <visible>String.IsEqual(ListItem.Property(value), 0) | String.IsEqual(ListItem.Property(value), false) | String.IsEmpty(ListItem.Property(value))</visible>
                            </control>
                            <control type="image">
                                <left>1140</left>
                                <top>2</top>
                                <width>100</width>
                                <height>70</height>
                                <texture>/usr/share/kodi/addons/service.libreelec.settings/resources/skins/Default/media/radio-button-on.png</texture>
                                <visible>String.IsEqual(ListItem.Property(value), 1) | String.IsEqual(ListItem.Property(value), true)</visible>
                            </control>
                        </control>
                        <!-- button / execute value -->
                        <control type="group">
                            <visible>String.IsEqual(ListItem.Property(Typ), button)</visible>
                            <control type="image">
                                <left>1187</left>
                                <top>16</top>
                                <width>30</width>
                                <height>30</height>
                                <texture>/usr/share/kodi/addons/service.libreelec.settings/resources/skins/Default/media/do.png</texture>
                            </control>
                        </control>
                    </focusedlayout>
                </control>
                <!-- Network Menu Content -->
                <control type="list" id="1200">
                    <left>82</left>
                    <top>22</top>
                    <width>1256</width>
                    <height>602</height>
                    <onleft>1000</onleft>
                    <onright>1500</onright>
                    <pagecontrol>1098</pagecontrol>
                    <scrolltime>300</scrolltime>
                    <visible>String.IsEqual(Container(1000).ListItem.Property(listTyp), 1200)</visible>
                    <itemlayout height="100">
                        <control type="image">
                            <width>1256</width>
                            <height>100</height>
                            <texture border="2">separator.png</texture>
                        </control>
                        <!-- Icon ethernet -->
                        <control type="image">
                            <left>40</left>
                            <top>25</top>
                            <width>48</width>
                            <height>48</height>
                            <aspectratio>keep</aspectratio>
                            <visible>String.IsEqual(ListItem.Property(netType), ethernet)</visible>
                            <texture>/usr/share/kodi/addons/service.libreelec.settings/resources/skins/Default/media/eth.png</texture>
                        </control>
                        <!-- Icon vpn -->
                        <control type="image">
                            <left>40</left>
                            <top>25</top>
                            <width>48</width>
                            <height>48</height>
                            <aspectratio>keep</aspectratio>
                            <visible>String.IsEqual(ListItem.Property(netType), vpn)</visible>
                            <texture>/usr/share/kodi/addons/service.libreelec.settings/resources/skins/Default/media/vpn.png</texture>
                        </control>
                        <!-- Icon wifi -->
                        <control type="image">
                            <left>40</left>
                            <top>25</top>
                            <width>48</width>
                            <height>48</height>
                            <aspectratio>keep</aspectratio>
                            <visible>String.IsEqual(ListItem.Property(netType), wifi)</visible>
                            <texture>/usr/share/kodi/addons/service.libreelec.settings/resources/skins/Default/media/wlan.png</texture>
                        </control>
                        <!-- Connection Name -->
                        <control type="label">
                            <left>140</left>
                            <top>10</top>
                            <width>300</width>
                            <height>30</height>
                            <font>Small</font>
                            <textcolor>white</textcolor>
                            <info>ListItem.Label</info>
                            <visible>true</visible>
                        </control>
                        <!-- Interface -->
                        <control type="label">
                            <left>140</left>
                            <top>49</top>
                            <width>300</width>
                            <height>20</height>
                            <font>Small</font>
                            <textcolor>PanelWhite30</textcolor>
                            <label>$ADDON[service.libreelec.settings 601]: [COLOR=white]$INFO[ListItem.Property(Interface)][/COLOR]</label>
                            <visible>!String.IsEmpty(ListItem.Property(Interface))</visible>
                        </control>
                        <!-- Connection Address -->
                        <control type="label">
                            <left>740</left>
                            <top>49</top>
                            <width>290</width>
                            <height>20</height>
                            <font>Small</font>
                            <textcolor>PanelWhite30</textcolor>
                            <visible>String.IsEqual(ListItem.Property(State), online) | String.IsEqual(ListItem.Property(State), ready)</visible>
                            <label>$ADDON[service.libreelec.settings 602]: [COLOR=white]$INFO[ListItem.Property(Address)][/COLOR]</label>
                        </control>
                        <!-- Method -->
                        <control type="label">
                            <left>500</left>
                            <top>49</top>
                            <width>200</width>
                            <height>20</height>
                            <font>Small</font>
                            <textcolor>PanelWhite30</textcolor>
                            <label>$ADDON[service.libreelec.settings 603]: [COLOR=white]$INFO[ListItem.Property(Method)][/COLOR]</label>
                        </control>
                        <!-- State -->
                        <control type="label">
                            <left>500</left>
                            <top>20</top>
                            <width>200</width>
                            <height>20</height>
                            <font>Small</font>
                            <textcolor>PanelWhite30</textcolor>
                            <label>$ADDON[service.libreelec.settings 604]: [COLOR=white]$INFO[ListItem.Property(State)][/COLOR]</label>
                        </control>
                        <!-- Signal strength -->
                        <control type="progress">
                            <left>10</left>
                            <top>80</top>
                            <width>1236</width>
                            <height>3</height>
                            <info>ListItem.Property(Strength)</info>
                            <visible>String.IsEqual(ListItem.Property(netType), wifi)</visible>
                            <texturebg />
                            <lefttexture />
                            <righttexture />
                            <overlaytexture />
                            <midtexture colordiffuse="button_focus" border="2">separator-grey.png</midtexture>
                        </control>
                        <!-- Signal strength value -->
                        <control type="label">
                            <left>1100</left>
                            <top>49</top>
                            <width>40</width>
                            <height>20</height>
                            <font>Small</font>
                            <align>right</align>
                            <textcolor>white</textcolor>
                            <info>ListItem.Property(Strength)</info>
                            <visible>String.IsEqual(ListItem.Property(netType), wifi)</visible>
                        </control>
                        <!-- Online Symbol (top right) -->
                        <control type="image">
                            <left>1194</left>
                            <top>10</top>
                            <width>36</width>
                            <height>36</height>
                            <aspectratio>keep</aspectratio>
                            <visible>String.IsEqual(ListItem.Property(State), online)</visible>
                            <texture>/usr/share/kodi/addons/service.libreelec.settings/resources/skins/Default/media/connected.png</texture>
                        </control>
                        <!-- Favorite Symbol (bottom right) -->
                        <control type="image">
                            <left>1210</left>
                            <top>55</top>
                            <width>20</width>
                            <height>20</height>
                            <aspectratio>keep</aspectratio>
                            <visible>String.IsEqual(ListItem.Property(Favorite), 1)</visible>
                            <texture>/usr/share/kodi/addons/service.libreelec.settings/resources/skins/Default/media/Favorite.png</texture>
                        </control>
                        <!-- Secure Symbol (bottom right) -->
                        <control type="image">
                            <left>1140</left>
                            <top>55</top>
                            <width>32</width>
                            <height>20</height>
                            <aspectratio>keep</aspectratio>
                            <visible>Integer.IsGreater(ListItem.Property(Security), 0)</visible>
                            <texture>/usr/share/kodi/addons/service.libreelec.settings/resources/skins/Default/media/Key.png</texture>
                        </control>
                        <!-- Insecure Symbol (bottom right) -->
                        <control type="image">
                            <left>1140</left>
                            <top>55</top>
                            <width>32</width>
                            <height>20</height>
                            <aspectratio>keep</aspectratio>
                            <visible>Integer.IsEqual(ListItem.Property(Security), 0)</visible>
                            <texture>/usr/share/kodi/addons/service.libreelec.settings/resources/skins/Default/media/unlock.png</texture>
                        </control>
                    </itemlayout>
                    <focusedlayout height="100">
                        <control type="image">
                            <width>1256</width>
                            <height>100</height>
                            <texture border="2">separator.png</texture>
                        </control>
                        <control type="image">
                            <height>100</height>
                            <width>1256</width>
                            <texture colordiffuse="$VAR[ColorSelectOtherBar]" border="5">common/white.png</texture>
                            <visible>Control.HasFocus(1200)</visible>
                        </control>
                        <control type="image">
                            <height>100</height>
                            <width>1256</width>
                            <texture colordiffuse="$VAR[ColorHighlightOtherBar]" border="5">common/gradient-box-wide-cut.png</texture>
                            <visible>Control.HasFocus(1200)</visible>
                        </control>
                        <!-- Icon ethernet -->
                        <control type="image">
                            <left>40</left>
                            <top>25</top>
                            <width>48</width>
                            <height>48</height>
                            <aspectratio>keep</aspectratio>
                            <visible>String.IsEqual(ListItem.Property(netType), ethernet)</visible>
                            <texture>/usr/share/kodi/addons/service.libreelec.settings/resources/skins/Default/media/eth.png</texture>
                        </control>
                        <!-- Icon vpn -->
                        <control type="image">
                            <left>40</left>
                            <top>25</top>
                            <width>48</width>
                            <height>48</height>
                            <aspectratio>keep</aspectratio>
                            <visible>String.IsEqual(ListItem.Property(netType), vpn)</visible>
                            <texture>/usr/share/kodi/addons/service.libreelec.settings/resources/skins/Default/media/vpn.png</texture>
                        </control>
                        <!-- Icon wifi -->
                        <control type="image">
                            <left>40</left>
                            <top>25</top>
                            <width>48</width>
                            <height>48</height>
                            <aspectratio>keep</aspectratio>
                            <visible>String.IsEqual(ListItem.Property(netType), wifi)</visible>
                            <texture>/usr/share/kodi/addons/service.libreelec.settings/resources/skins/Default/media/wlan.png</texture>
                        </control>
                        <!-- Connection Name -->
                        <control type="label">
                            <left>140</left>
                            <top>10</top>
                            <width>300</width>
                            <height>30</height>
                            <font>Small</font>
                            <textcolor>white</textcolor>
                            <info>ListItem.Label</info>
                            <visible>true</visible>
                        </control>
                        <!-- Interface -->
                        <control type="label">
                            <left>140</left>
                            <top>49</top>
                            <width>300</width>
                            <height>20</height>
                            <font>Small</font>
                            <textcolor>PanelWhite30</textcolor>
                            <label>$ADDON[service.libreelec.settings 601]: [COLOR=white]$INFO[ListItem.Property(Interface)][/COLOR]</label>
                            <visible>!String.IsEmpty(ListItem.Property(Interface))</visible>
                        </control>
                        <!-- Connection Address -->
                        <control type="label">
                            <left>740</left>
                            <top>49</top>
                            <width>290</width>
                            <height>20</height>
                            <font>Small</font>
                            <textcolor>PanelWhite30</textcolor>
                            <visible>String.IsEqual(ListItem.Property(State), online) | String.IsEqual(ListItem.Property(State), ready)</visible>
                            <label>$ADDON[service.libreelec.settings 602]: [COLOR=white]$INFO[ListItem.Property(Address)][/COLOR]</label>
                        </control>
                        <!-- Method -->
                        <control type="label">
                            <left>500</left>
                            <top>49</top>
                            <width>200</width>
                            <height>20</height>
                            <font>Small</font>
                            <textcolor>PanelWhite30</textcolor>
                            <label>$ADDON[service.libreelec.settings 603]: [COLOR=white]$INFO[ListItem.Property(Method)][/COLOR]</label>
                        </control>
                        <!-- State -->
                        <control type="label">
                            <left>500</left>
                            <top>20</top>
                            <width>200</width>
                            <height>20</height>
                            <font>Small</font>
                            <textcolor>PanelWhite30</textcolor>
                            <label>$ADDON[service.libreelec.settings 604]: [COLOR=white]$INFO[ListItem.Property(State)][/COLOR]</label>
                        </control>
                        <!-- Signal strength -->
                        <control type="progress">
                            <left>10</left>
                            <top>80</top>
                            <width>1236</width>
                            <height>3</height>
                            <info>ListItem.Property(Strength)</info>
                            <visible>String.IsEqual(ListItem.Property(netType), wifi)</visible>
                            <texturebg />
                            <lefttexture />
                            <righttexture />
                            <overlaytexture />
                            <midtexture colordiffuse="button_focus" border="2">separator-grey.png</midtexture>
                        </control>
                        <!-- Signal strength value -->
                        <control type="label">
                            <left>1100</left>
                            <top>49</top>
                            <width>40</width>
                            <height>10</height>
                            <font>Small</font>
                            <align>right</align>
                            <textcolor>white</textcolor>
                            <info>ListItem.Property(Strength)</info>
                            <visible>String.IsEqual(ListItem.Property(netType), wifi)</visible>
                        </control>
                        <!-- Online Symbol (top right) -->
                        <control type="image">
                            <left>1196</left>
                            <top>10</top>
                            <width>36</width>
                            <height>36</height>
                            <aspectratio>keep</aspectratio>
                            <visible>String.IsEqual(ListItem.Property(State), online)</visible>
                            <texture>/usr/share/kodi/addons/service.libreelec.settings/resources/skins/Default/media/connected.png</texture>
                        </control>
                        <!-- Favorite Symbol (bottom right) -->
                        <control type="image">
                            <left>1210</left>
                            <top>55</top>
                            <width>20</width>
                            <height>20</height>
                            <aspectratio>keep</aspectratio>
                            <visible>String.IsEqual(ListItem.Property(Favorite), 1)</visible>
                            <texture>/usr/share/kodi/addons/service.libreelec.settings/resources/skins/Default/media/Favorite.png</texture>
                        </control>
                        <!-- Secure Symbol (bottom right) -->
                        <control type="image">
                            <left>1140</left>
                            <top>55</top>
                            <width>32</width>
                            <height>20</height>
                            <aspectratio>keep</aspectratio>
                            <visible>Integer.IsGreater(ListItem.Property(Security), 0)</visible>
                            <texture>/usr/share/kodi/addons/service.libreelec.settings/resources/skins/Default/media/Key.png</texture>
                        </control>
                        <!-- Insecure Symbol (bottom right) -->
                        <control type="image">
                            <left>1140</left>
                            <top>55</top>
                            <width>32</width>
                            <height>20</height>
                            <aspectratio>keep</aspectratio>
                            <visible>Integer.IsEqual(ListItem.Property(Security), 0)</visible>
                            <texture>/usr/share/kodi/addons/service.libreelec.settings/resources/skins/Default/media/unlock.png</texture>
                        </control>
                    </focusedlayout>
                </control>
                <!-- Bluetooth Menu Content -->
                <control type="label" id="1301">
                    <align>center</align>
                    <aligny>center</aligny>
                    <width>1316</width>
                    <height>602</height>
                    <info />
                    <align>center</align>
                    <visible>String.IsEqual(Container(1000).ListItem.Property(listTyp), 1300) + String.IsEqual(Container(1300).NumItems, 0)</visible>
                </control>
                <control type="list" id="1300">
                    <left>82</left>
                    <top>22</top>
                    <width>1256</width>
                    <height>614</height>
                    <onleft>1000</onleft>
                    <onright>1500</onright>
                    <pagecontrol>1099</pagecontrol>
                    <scrolltime>300</scrolltime>
                    <visible>String.IsEqual(Container(1000).ListItem.Property(listTyp), 1300)</visible>
                    <itemlayout height="100">
                        <control type="image">
                            <width>1256</width>
                            <height>100</height>
                            <texture border="2">separator.png</texture>
                        </control>
                        <!-- default -->
                        <control type="image">
                            <left>40</left>
                            <top>25</top>
                            <width>48</width>
                            <height>48</height>
                            <aspectratio>keep</aspectratio>
                            <visible>String.IsEqual(ListItem.Property(Icon), default)</visible>
                            <texture>/usr/share/kodi/addons/service.libreelec.settings/resources/skins/Default/media/bt.png</texture>
                        </control>
                        <!-- modem -->
                        <control type="image">
                            <left>40</left>
                            <top>25</top>
                            <width>48</width>
                            <height>48</height>
                            <aspectratio>keep</aspectratio>
                            <visible>String.IsEqual(ListItem.Property(Icon), modem)</visible>
                            <texture>/usr/share/kodi/addons/service.libreelec.settings/resources/skins/Default/media/bt-modem.png</texture>
                        </control>
                        <!-- audio -->
                        <control type="image">
                            <left>40</left>
                            <top>25</top>
                            <width>48</width>
                            <height>48</height>
                            <aspectratio>keep</aspectratio>
                            <visible>String.IsEqual(ListItem.Property(Icon), audio-card)</visible>
                            <texture>/usr/share/kodi/addons/service.libreelec.settings/resources/skins/Default/media/bt-audio-card.png</texture>
                        </control>
                        <!-- Camera Photo -->
                        <control type="image">
                            <left>40</left>
                            <top>25</top>
                            <width>48</width>
                            <height>48</height>
                            <aspectratio>keep</aspectratio>
                            <visible>String.IsEqual(ListItem.Property(Icon), camera-photo)</visible>
                            <texture>/usr/share/kodi/addons/service.libreelec.settings/resources/skins/Default/media/bt-camera-photo.png</texture>
                        </control>
                        <!-- Icon phone -->
                        <control type="image">
                            <left>40</left>
                            <top>25</top>
                            <width>48</width>
                            <height>48</height>
                            <aspectratio>keep</aspectratio>
                            <visible>String.IsEqual(ListItem.Property(Icon), phone)</visible>
                            <texture>/usr/share/kodi/addons/service.libreelec.settings/resources/skins/Default/media/bt-phone.png</texture>
                        </control>
                        <!-- camera-video -->
                        <control type="image">
                            <left>40</left>
                            <top>25</top>
                            <width>48</width>
                            <height>48</height>
                            <aspectratio>keep</aspectratio>
                            <visible>String.IsEqual(ListItem.Property(Icon), camera-video)</visible>
                            <texture>/usr/share/kodi/addons/service.libreelec.settings/resources/skins/Default/media/bt-camera-video.png</texture>
                        </control>
                        <!-- input-mouse -->
                        <control type="image">
                            <left>40</left>
                            <top>25</top>
                            <width>48</width>
                            <height>48</height>
                            <aspectratio>keep</aspectratio>
                            <visible>String.IsEqual(ListItem.Property(Icon), input-mouse)</visible>
                            <texture>/usr/share/kodi/addons/service.libreelec.settings/resources/skins/Default/media/bt-input-mouse.png</texture>
                        </control>
                        <!-- input-gaming -->
                        <control type="image">
                            <left>40</left>
                            <top>25</top>
                            <width>48</width>
                            <height>48</height>
                            <aspectratio>keep</aspectratio>
                            <visible>String.IsEqual(ListItem.Property(Icon), input-gaming)</visible>
                            <texture>/usr/share/kodi/addons/service.libreelec.settings/resources/skins/Default/media/bt-input-gaming.png</texture>
                        </control>
                        <!-- input-keyboard -->
                        <control type="image">
                            <left>40</left>
                            <top>25</top>
                            <width>48</width>
                            <height>48</height>
                            <aspectratio>keep</aspectratio>
                            <visible>String.IsEqual(ListItem.Property(Icon), input-keyboard)</visible>
                            <texture>/usr/share/kodi/addons/service.libreelec.settings/resources/skins/Default/media/bt-input-keyboard.png</texture>
                        </control>
                        <!-- input-tablet -->
                        <control type="image">
                            <left>40</left>
                            <top>25</top>
                            <width>48</width>
                            <height>48</height>
                            <aspectratio>keep</aspectratio>
                            <visible>String.IsEqual(ListItem.Property(Icon), input-tablet)</visible>
                            <texture>/usr/share/kodi/addons/service.libreelec.settings/resources/skins/Default/media/bt-input-tablet.png</texture>
                        </control>
                        <!-- Printer -->
                        <control type="image">
                            <left>40</left>
                            <top>25</top>
                            <width>48</width>
                            <height>48</height>
                            <aspectratio>keep</aspectratio>
                            <visible>String.IsEqual(ListItem.Property(Icon), printer)</visible>
                            <texture>/usr/share/kodi/addons/service.libreelec.settings/resources/skins/Default/media/bt-printer.png</texture>
                        </control>
                        <!-- Computer -->
                        <control type="image">
                            <left>40</left>
                            <top>25</top>
                            <width>48</width>
                            <height>48</height>
                            <aspectratio>keep</aspectratio>
                            <visible>String.IsEqual(ListItem.Property(Icon), computer)</visible>
                            <texture>/usr/share/kodi/addons/service.libreelec.settings/resources/skins/Default/media/bt-computer.png</texture>
                        </control>
                        <!-- Connection Name -->
                        <control type="label">
                            <left>140</left>
                            <top>10</top>
                            <width>490</width>
                            <height>30</height>
                            <font>Small</font>
                            <textcolor>white</textcolor>
                            <info>ListItem.Label</info>
                            <visible>true</visible>
                        </control>
                        <!-- Connection Address -->
                        <control type="label">
                            <left>650</left>
                            <top>49</top>
                            <width>340</width>
                            <height>20</height>
                            <font>Small</font>
                            <textcolor>PanelWhite30</textcolor>
                            <label>$ADDON[service.libreelec.settings 605]: [COLOR=white]$INFO[ListItem.Property(Address)][/COLOR]</label>
                        </control>
                        <!-- Connected State -->
                        <control type="label">
                            <left>650</left>
                            <top>20</top>
                            <width>340</width>
                            <height>20</height>
                            <font>Small</font>
                            <textcolor>PanelWhite30</textcolor>
                            <label>$ADDON[service.libreelec.settings 32333][COLOR=white]$INFO[ListItem.Property(ConnectedState)][/COLOR]</label>
                        </control>
                        <!-- Paired Symbol (bottom right) -->
                        <control type="image">
                            <left>1180</left>
                            <top>50</top>
                            <width>20</width>
                            <height>20</height>
                            <aspectratio>keep</aspectratio>
                            <visible>String.IsEqual(ListItem.Property(PaiPanelWhite30), 1)</visible>
                            <texture>icons/Favorite.png</texture>
                        </control>
                        <!-- Trusted Symbol (bottom right) -->
                        <control type="image">
                            <left>1210</left>
                            <top>50</top>
                            <width>20</width>
                            <height>20</height>
                            <aspectratio>keep</aspectratio>
                            <visible>Integer.IsGreater(ListItem.Property(Trusted), 0)</visible>
                            <texture>/usr/share/kodi/addons/service.libreelec.settings/resources/skins/Default/media/Key.png</texture>
                        </control>
                    </itemlayout>
                    <focusedlayout height="100">
                        <control type="image">
                            <width>1256</width>
                            <height>100</height>
                            <texture border="2">separator.png</texture>
                        </control>
                        <control type="image">
                            <height>100</height>
                            <width>1256</width>
                            <texture colordiffuse="$VAR[ColorSelectOtherBar]" border="5">common/white.png</texture>
                            <visible>Control.HasFocus(1300)</visible>
                        </control>
                        <control type="image">
                            <height>100</height>
                            <width>1256</width>
                            <texture colordiffuse="$VAR[ColorHighlightOtherBar]" border="5">common/gradient-box-wide-cut.png</texture>
                            <visible>Control.HasFocus(1300)</visible>
                        </control>
                        <!-- default -->
                        <control type="image">
                            <left>40</left>
                            <top>25</top>
                            <width>48</width>
                            <height>48</height>
                            <aspectratio>keep</aspectratio>
                            <visible>String.IsEqual(ListItem.Property(Icon), default)</visible>
                            <texture>/usr/share/kodi/addons/service.libreelec.settings/resources/skins/Default/media/bt.png</texture>
                        </control>
                        <!-- modem -->
                        <control type="image">
                            <left>40</left>
                            <top>25</top>
                            <width>48</width>
                            <height>48</height>
                            <aspectratio>keep</aspectratio>
                            <visible>String.IsEqual(ListItem.Property(Icon), modem)</visible>
                            <texture>/usr/share/kodi/addons/service.libreelec.settings/resources/skins/Default/media/bt-modem.png</texture>
                        </control>
                        <!-- audio -->
                        <control type="image">
                            <left>40</left>
                            <top>25</top>
                            <width>48</width>
                            <height>48</height>
                            <aspectratio>keep</aspectratio>
                            <visible>String.IsEqual(ListItem.Property(Icon), audio-card)</visible>
                            <texture>/usr/share/kodi/addons/service.libreelec.settings/resources/skins/Default/media/bt-audio-card.png</texture>
                        </control>
                        <!-- Camera Photo -->
                        <control type="image">
                            <left>40</left>
                            <top>25</top>
                            <width>48</width>
                            <height>48</height>
                            <aspectratio>keep</aspectratio>
                            <visible>String.IsEqual(ListItem.Property(Icon), camera-photo)</visible>
                            <texture>/usr/share/kodi/addons/service.libreelec.settings/resources/skins/Default/media/bt-camera-photo.png</texture>
                        </control>
                        <!-- Icon phone -->
                        <control type="image">
                            <left>40</left>
                            <top>25</top>
                            <width>48</width>
                            <height>48</height>
                            <aspectratio>keep</aspectratio>
                            <visible>String.IsEqual(ListItem.Property(Icon), phone)</visible>
                            <texture>/usr/share/kodi/addons/service.libreelec.settings/resources/skins/Default/media/bt-phone.png</texture>
                        </control>
                        <!-- camera-video -->
                        <control type="image">
                            <left>40</left>
                            <top>25</top>
                            <width>48</width>
                            <height>48</height>
                            <aspectratio>keep</aspectratio>
                            <visible>String.IsEqual(ListItem.Property(Icon), camera-video)</visible>
                            <texture>/usr/share/kodi/addons/service.libreelec.settings/resources/skins/Default/media/bt-camera-video.png</texture>
                        </control>
                        <!-- input-mouse -->
                        <control type="image">
                            <left>40</left>
                            <top>25</top>
                            <width>48</width>
                            <height>48</height>
                            <aspectratio>keep</aspectratio>
                            <visible>String.IsEqual(ListItem.Property(Icon), input-mouse)</visible>
                            <texture>/usr/share/kodi/addons/service.libreelec.settings/resources/skins/Default/media/bt-input-mouse.png</texture>
                        </control>
                        <!-- input-gaming -->
                        <control type="image">
                            <left>40</left>
                            <top>25</top>
                            <width>48</width>
                            <height>48</height>
                            <aspectratio>keep</aspectratio>
                            <visible>String.IsEqual(ListItem.Property(Icon), input-gaming)</visible>
                            <texture>/usr/share/kodi/addons/service.libreelec.settings/resources/skins/Default/media/bt-input-gaming.png</texture>
                        </control>
                        <!-- input-keyboard -->
                        <control type="image">
                            <left>40</left>
                            <top>25</top>
                            <width>48</width>
                            <height>48</height>
                            <aspectratio>keep</aspectratio>
                            <visible>String.IsEqual(ListItem.Property(Icon), input-keyboard)</visible>
                            <texture>/usr/share/kodi/addons/service.libreelec.settings/resources/skins/Default/media/bt-input-keyboard.png</texture>
                        </control>
                        <!-- input-tablet -->
                        <control type="image">
                            <left>40</left>
                            <top>25</top>
                            <width>48</width>
                            <height>48</height>
                            <aspectratio>keep</aspectratio>
                            <visible>String.IsEqual(ListItem.Property(Icon), input-tablet)</visible>
                            <texture>/usr/share/kodi/addons/service.libreelec.settings/resources/skins/Default/media/bt-input-tablet.png</texture>
                        </control>
                        <!-- Printer -->
                        <control type="image">
                            <left>40</left>
                            <top>25</top>
                            <width>48</width>
                            <height>48</height>
                            <aspectratio>keep</aspectratio>
                            <visible>String.IsEqual(ListItem.Property(Icon), printer)</visible>
                            <texture>/usr/share/kodi/addons/service.libreelec.settings/resources/skins/Default/media/bt-printer.png</texture>
                        </control>
                        <!-- Computer -->
                        <control type="image">
                            <left>40</left>
                            <top>25</top>
                            <width>48</width>
                            <height>48</height>
                            <aspectratio>keep</aspectratio>
                            <visible>String.IsEqual(ListItem.Property(Icon), computer)</visible>
                            <texture>/usr/share/kodi/addons/service.libreelec.settings/resources/skins/Default/media/bt-computer.png</texture>
                        </control>
                        <!-- Connection Name -->
                        <control type="label">
                            <left>140</left>
                            <top>10</top>
                            <width>490</width>
                            <height>30</height>
                            <font>Small</font>
                            <textcolor>white</textcolor>
                            <info>ListItem.Label</info>
                            <visible>true</visible>
                        </control>
                        <!-- Connection Address -->
                        <control type="label">
                            <left>650</left>
                            <top>49</top>
                            <width>340</width>
                            <height>20</height>
                            <font>Small</font>
                            <textcolor>PanelWhite30</textcolor>
                            <label>$ADDON[service.libreelec.settings 605]: [COLOR=white]$INFO[ListItem.Property(Address)][/COLOR]</label>
                        </control>
                        <!-- Connected State -->
                        <control type="label">
                            <left>650</left>
                            <top>20</top>
                            <width>340</width>
                            <height>20</height>
                            <font>Small</font>
                            <textcolor>PanelWhite30</textcolor>
                            <label>$ADDON[service.libreelec.settings 32333][COLOR=white]$INFO[ListItem.Property(ConnectedState)][/COLOR]</label>
                        </control>
                        <!-- Paired Symbol (bottom right) -->
                        <control type="image">
                            <left>1180</left>
                            <top>50</top>
                            <width>20</width>
                            <height>20</height>
                            <aspectratio>keep</aspectratio>
                            <visible>String.IsEqual(ListItem.Property(Paired), 1)</visible>
                            <texture>/usr/share/kodi/addons/service.libreelec.settings/resources/skins/Default/media/Favorite.png</texture>
                        </control>
                        <!-- Trusted Symbol (bottom right) -->
                        <control type="image">
                            <left>1210</left>
                            <top>50</top>
                            <width>20</width>
                            <height>20</height>
                            <aspectratio>keep</aspectratio>
                            <visible>Integer.IsGreater(ListItem.Property(Trusted), 0)</visible>
                            <texture>/usr/share/kodi/addons/service.libreelec.settings/resources/skins/Default/media/key.png</texture>
                        </control>
                    </focusedlayout>
                </control>
            </control>
            <control type="textbox" id="1400">
                <left>30</left>
                <top>517</top>
                <width>440</width>
                <height>110</height>
                <label>$INFO[Window.Property(InfoText)]</label>
                <align>left</align>
                <font>Tiny</font>
                <textcolor>white</textcolor>
                <shadowcolor>black</shadowcolor>
            </control>
            <control type="button" id="1501">
                <left>1400</left>
                <top>810</top>
                <width>300</width>
                <height>75</height>
                <visible>true</visible>
                <texturefocus border="40" colordiffuse="button_focus">/usr/share/kodi/addons/service.libreelec.settings/resources/skins/Default/media/button-fo.png</texturefocus>
                <texturenofocus colordiffuse="71FFFFFF" border="40">/usr/share/kodi/addons/service.libreelec.settings/resources/skins/Default/media/button-alt-nofo.png</texturenofocus>
                <label />
                <font>Small</font>
                <textcolor>white</textcolor>
                <align>center</align>
                <onup>1100</onup>
                <ondown>1100</ondown>
                <onleft>1500</onleft>
                <onright>1500</onright>
                <visible>!String.IsEmpty(Control.GetLabel(1501))</visible>
            </control>
            <control type="button" id="1500">
                <left>1100</left>
                <top>810</top>
                <width>300</width>
                <height>75</height>
                <visible>true</visible>
                <texturefocus border="40" colordiffuse="button_focus">/usr/share/kodi/addons/service.libreelec.settings/resources/skins/Default/media/button-fo.png</texturefocus>
                <texturenofocus colordiffuse="71FFFFFF" border="40">/usr/share/kodi/addons/service.libreelec.settings/resources/skins/Default/media/button-alt-nofo.png</texturenofocus>
                <label />
                <font>Small</font>
                <textcolor>white</textcolor>
                <align>center</align>
                <onup>1100</onup>
                <ondown>1100</ondown>
                <onleft>1501</onleft>
                <onright>1501</onright>
                <visible>!String.IsEmpty(Control.GetLabel(1500))</visible>
            </control>
        </control>

        <!-- simple list ( 1100 ) up / down -->
        <!--<control type="button" id="1090">
            <left>1141</left>
            <top>940</top>
            <width>48</width>
            <height>24</height>
            <texturefocus colordiffuse="FF12A0C7">arrowdown.png</texturefocus>
            <texturenofocus colordiffuse="FF12A0C7">arrowdown.png</texturenofocus>
            <animation effect="zoom" start="100,0" end="100,100" center="auto" time="200" delay="10">VisibleChange</animation>
            <animation effect="zoom" start="100,0" end="100,100" delay="500" center="auto" time="200">WindowOpen</animation>
            <animation effect="zoom" start="100,100" end="100,0" center="auto" time="200">WindowClose</animation>
            <onclick>SetFocus(1100)</onclick>
            <onclick>PageDown(1100)</onclick>
            <visible>Container(1100).HasNext + Control.IsVisible(1100)</visible>
        </control>
        <control type="button" id="1091">
            <left>1141</left>
            <top>105</top>
            <width>48</width>
            <height>24</height>
            <texturefocus colordiffuse="FF12A0C7" flipy="true">arrowdown.png</texturefocus>
            <texturenofocus colordiffuse="FF12A0C7" flipy="true">arrowdown.png</texturenofocus>
            <animation effect="zoom" start="100,0" end="100,100" center="auto" time="200" delay="10">VisibleChange</animation>
            <animation effect="zoom" start="100,0" end="100,100" delay="500" center="auto" time="200">WindowOpen</animation>
            <animation effect="zoom" start="100,100" end="100,0" center="auto" time="200">WindowClose</animation>
            <onclick>SetFocus(1100)</onclick>
            <onclick>PageUp(1100)</onclick>
            <visible>Container(1100).HasPrevious + Control.IsVisible(1100)</visible>
        </control>-->

        <!-- network list ( 1200 ) up / down -->
        <!--<control type="button" id="1092">
            <left>1141</left>
            <top>940</top>
            <width>48</width>
            <height>24</height>
            <texturefocus colordiffuse="FF12A0C7">arrowdown.png</texturefocus>
            <texturenofocus colordiffuse="FF12A0C7">arrowdown.png</texturenofocus>
            <animation effect="zoom" start="100,0" end="100,100" center="auto" time="200" delay="10">VisibleChange</animation>
            <animation effect="zoom" start="100,0" end="100,100" delay="500" center="auto" time="200">WindowOpen</animation>
            <animation effect="zoom" start="100,100" end="100,0" center="auto" time="200">WindowClose</animation>
            <onclick>SetFocus(1200)</onclick>
            <onclick>PageDown(1200)</onclick>
            <visible>Container(1200).HasNext + Control.IsVisible(1200)</visible>
        </control>
        <control type="button" id="1093">
            <left>1141</left>
            <top>105</top>
            <width>48</width>
            <height>24</height>
            <texturefocus colordiffuse="FF12A0C7" flipy="true">arrowdown.png</texturefocus>
            <texturenofocus colordiffuse="FF12A0C7" flipy="true">arrowdown.png</texturenofocus>
            <animation effect="zoom" start="100,0" end="100,100" center="auto" time="200" delay="10">VisibleChange</animation>
            <animation effect="zoom" start="100,0" end="100,100" delay="500" center="auto" time="200">WindowOpen</animation>
            <animation effect="zoom" start="100,100" end="100,0" center="auto" time="200">WindowClose</animation>
            <onclick>SetFocus(1200)</onclick>
            <onclick>PageUp(1200)</onclick>
            <visible>Container(1200).HasPrevious + Control.IsVisible(1200)</visible>
        </control>-->

        <!-- bluetooth list ( 1300 ) up / down -->
        <!--<control type="button" id="1092">
            <left>1141</left>
            <top>940</top>
            <width>48</width>
            <height>24</height>
            <texturefocus colordiffuse="FF12A0C7">arrowdown.png</texturefocus>
            <texturenofocus colordiffuse="FF12A0C7">arrowdown.png</texturenofocus>
            <animation effect="zoom" start="100,0" end="100,100" center="auto" time="200" delay="10">VisibleChange</animation>
            <animation effect="zoom" start="100,0" end="100,100" delay="500" center="auto" time="200">WindowOpen</animation>
            <animation effect="zoom" start="100,100" end="100,0" center="auto" time="200">WindowClose</animation>
            <onclick>SetFocus(1300)</onclick>
            <onclick>PageDown(1300)</onclick>
            <visible>Container(1300).HasNext + Control.IsVisible(1300)</visible>
        </control>
        <control type="button" id="1093">
            <left>1141</left>
            <top>105</top>
            <width>48</width>
            <height>24</height>
            <texturefocus colordiffuse="FF12A0C7" flipy="true">arrowdown.png</texturefocus>
            <texturenofocus colordiffuse="FF12A0C7" flipy="true">arrowdown.png</texturenofocus>
            <animation effect="zoom" start="100,0" end="100,100" center="auto" time="200" delay="10">VisibleChange</animation>
            <animation effect="zoom" start="100,0" end="100,100" delay="500" center="auto" time="200">WindowOpen</animation>
            <animation effect="zoom" start="100,100" end="100,0" center="auto" time="200">WindowClose</animation>
            <onclick>SetFocus(1300)</onclick>
            <onclick>PageUp(1300)</onclick>
            <visible>Container(1300).HasPrevious + Control.IsVisible(1300)</visible>
        </control>-->

        <!-- Mouse back button -->
        <control type="button" id="1092">
            <left>1800</left>
            <top>980</top>
            <width>48</width>
            <height>48</height>
            <texturefocus>icon_button_back.png</texturefocus>
            <texturenofocus colordiffuse="71FFFFFF">icon_button_back.png</texturenofocus>
            <onclick>Back</onclick>
            <visible>system.getbool(input.enablemouse)</visible>
            <visible>true</visible>
            <font></font>
        </control>
    </controls>
</window>
