<?xml version="1.0" encoding="UTF-8"?>
<!-- Foundation -->
<window>
    <defaultcontrol always="true" condition="!Skin.HasSetting(disable.startup.window)">9315</defaultcontrol>
    <onload>SetProperty(SkinInitStarted,1,home)</onload>
    <onload condition="!Skin.HasSetting(TMDbHelper.Service)">Skin.ToggleSetting(TMDbHelper.Service)</onload>
    <onload condition="!Skin.HasSetting(SkinHelper.EnableAnimatedPosters)">Skin.SetBool(SkinHelper.EnableAnimatedPosters)</onload>
    <onload condition="Skin.HasSetting(disable.startup.window)">ReplaceWindow($INFO[System.StartupWindow])</onload>
    <onload condition="!Skin.String(colorbox_effect)">Skin.SetString(colorbox_effect,blur)</onload>
    <onload condition="!Skin.String(colorbox_quality)">Skin.SetString(colorbox_quality,4)</onload>
    <onload condition="!Skin.String(colorbox_blend)">Skin.SetString(colorbox_blend,100)</onload>
    <onload condition="!Skin.String(colorbox_blursize)">Skin.SetString(colorbox_blursize,10)</onload>
    <onload condition="!Skin.String(colorbox_bitsize)">Skin.SetString(colorbox_bitsize,1)</onload>
    <onload condition="!Skin.String(colorbox_pixelsize)">Skin.SetString(colorbox_pixelsize,12)</onload>
    <onload condition="!Skin.String(colorbox_desat)">Skin.SetString(colorbox_desat,0.3)</onload>
    <onload condition="!Skin.String(colorbox_black)">Skin.SetString(colorbox_black,000000)</onload>
    <onload condition="!Skin.String(colorbox_white)">Skin.SetString(colorbox_white,ffffff)</onload>
    <onload condition="!Skin.String(colorbox_main)">Skin.SetString(colorbox_main,main:fhls*-;0.45;0.9)</onload>
    <onload condition="!Skin.String(colorbox_comp)">Skin.SetString(colorbox_comp,main:hls*0.75;0;0@fhls*-;0.45;0.9)</onload>
    <onload condition="Skin.HasSetting(blur.use.colorbox) + System.AddonIsEnabled(script.colorbox) + Skin.HasSetting(BlurEnabled)">RunScript(script.colorbox,daemon=True)</onload>
    <onload condition="Skin.HasSetting(blur.use.colorbox) + System.AddonIsEnabled(script.colorbox) + Skin.HasSetting(BlurEnabled)">SetProperty(FIVE_daemon_set,$INFO[Skin.String(colorbox_effect)],home)</onload>
    <onload condition="Skin.HasSetting(blur.use.colorbox) + System.AddonIsEnabled(script.colorbox) + Skin.HasSetting(BlurEnabled)">AlarmClock(nms1,SetProperty(NINE_manual_set,"var=main,set=$INFO[Skin.String(colorbox_main)]|var=comp,set=$INFO[Skin.String(colorbox_comp)]|var=quality,set=$INFO[Skin.String(colorbox_quality)]|var=blursize,set=$INFO[Skin.String(colorbox_blursize)]|var=bitsize,set=$INFO[Skin.String(colorbox_bitsize)]|var=pixelsize,set=$INFO[Skin.String(colorbox_pixelsize)]|var=black,set=$INFO[Skin.String(colorbox_black)]|var=white,set=$INFO[Skin.String(colorbox_white)]|var=blend,set=$INFO[Skin.String(colorbox_blend)]|var=desat,set=$INFO[Skin.String(colorbox_desat)]",home),00:05,true)</onload>
    <onload condition="Skin.HasSetting(lock.skincolors) + !String.IsEqual(Skin.String(skincolors),SKINDEFAULT) + !String.IsEmpty(Skin.String(skincolors))">RunScript(script.embuary.helper,action=setkodisetting,setting=lookandfeel.skincolors,value=$INFO[Skin.String(skincolors)])</onload>
    <onload condition="Skin.HasSetting(lock.skintheme) + !String.IsEqual(Skin.String(skintheme),SKINDEFAULT) + !String.IsEmpty(Skin.String(skintheme))">RunScript(script.embuary.helper,action=setkodisetting,setting=lookandfeel.skintheme,value=$INFO[Skin.String(skintheme)])</onload>
    <controls>
        <control type="group">
            <visible>!Skin.HasSetting(disable.startup.window)</visible>
            <control type="image" description="Background">
                <include>Dimensions_Fullscreen</include>
                <texture colordiffuse="$VAR[StartupDiffuse]">$VAR[StartupFanart]</texture>
                <animation effect="fade" start="100" end="0" time="500" tween="quadratic">WindowClose</animation>
                <visible>String.IsEmpty(Skin.String(StartupPlaylist))</visible>
            </control>
            <control type="button" id="9315">
                <visible allowhiddenfocus="true">false</visible>
                <onfocus condition="System.HasAddon(script.skin.info.service)">RunScript(script.skin.info.service)</onfocus>
                <onfocus condition="String.IsEmpty(Window(home).Property(SkinInitStarted)) + !String.IsEmpty(Skin.String(StartupPlaylist))">PlayMedia($ESCINFO[Skin.String(StartupPlaylist)])</onfocus>
                <onfocus condition="!Player.HasVideo + !String.IsEmpty(Skin.String(StartupPlaylist))">ReplaceWindow(Home)</onfocus>
                <onfocus condition="String.IsEmpty(Skin.String(StartupPlaylist)) + !Skin.HasSetting(disable.startup.window)">AlarmClock(GoHome,ReplaceWindow(home),00:03,silent,false)</onfocus>
            </control>
            <control type="label">
                <description>Loading</description>
                <width>100%</width>
                <height>100%</height>
                <align>center</align>
                <aligny>center</aligny>
                <label>Arctic [COLOR=$VAR[ColorHighlight]]Zephyr[/COLOR]</label>
                <font>EpisodeNumber</font>
                <textcolor>Dark1</textcolor>
                <animation effect="fade" start="100" end="0" time="500" tween="quadratic">WindowClose</animation>
                <visible>String.IsEmpty(Skin.String(StartupPlaylist)) + String.IsEmpty(Skin.String(startupfanart.fallback))</visible>
            </control>
            <control type="image">
                <left>1020</left>
                <top>605</top>
                <width>331</width>
                <height>60</height>
                <centertop>50%</centertop>
                <texture>backg/matrix.png</texture>
                <animation effect="fade" start="0" end="100" time="800" delay="1800" tween="quadratic">WindowOpen</animation>
                <animation effect="fade" start="100" end="0" time="500" tween="quadratic">WindowClose</animation>
                <visible>String.IsEmpty(Skin.String(StartupPlaylist)) + String.IsEmpty(Skin.String(startupfanart.fallback))</visible>
            </control>
        </control>
    </controls>
</window>
