<?xml version="1.0" encoding="UTF-8"?>
<!-- Foundation -->
<includes>

    <include name="521Content">
        <visible>Container.Content(movies) | Container.Content(tvshows) | Container.Content(seasons) | Container.Content(episodes) | Container.Content(sets) | Container.Content(videos)</visible>
        <include content="forced_view" condition="Skin.HasSetting(enable.forcedviews)">
            <param name="string" value="$LOCALIZE[31491]" />
        </include>
        <include content="def_top" condition="!Skin.HasSetting(home.widgets.show.reflections)">
            <param name="top" value="568" />
        </include>
        <include content="def_top" condition="Skin.HasSetting(home.widgets.show.reflections)">
            <param name="top" value="556" />
        </include>
        <left>-151</left>
        <width>2150</width>
        <height>365</height>
        <onup condition="!Skin.HasSetting(global.kioskmode)">9000</onup>
        <ondown>1611</ondown>
        <onunfocus condition="Skin.HasSetting(home.netflix.autoplay.trailer)">ClearProperty(listitem.trailer,home)</onunfocus>
        <onfocus condition="Skin.HasSetting(home.netflix.autoplay.trailer)">ClearProperty(TrailerIsPlayingFullscreen,home)</onfocus>
        <orientation>horizontal</orientation>
        <preloaditems>2</preloaditems>
        <pagecontrol>1611</pagecontrol>
        <include content="def_focusposition" condition="!Skin.HasSetting(521.alternative)">
            <param name="focusposition" value="1" />
        </include>
        <include content="def_focusposition" condition="Skin.HasSetting(521.alternative)">
            <param name="focusposition" value="5" />
        </include>        
        <viewtype label="31491">list</viewtype>
        <include>ScrolltimeViewsList</include>
        <itemlayout height="325" width="222">
            <include content="include.widget.poster">
                <param name="id" value="521"/>
                <param name="reflections" value="Skin.HasSetting(show.reflections)"/>
            </include>
        </itemlayout>
        <focusedlayout height="325" width="222" condition="!Skin.HasSetting(521.alternative)">
            <include content="include.widget.poster.focus">
                <param name="id" value="521"/>
                <param name="reflections" value="Skin.HasSetting(show.reflections)"/>
            </include>
            <include condition="Skin.HasSetting(home.netflix.autoplay.trailer)">SetAutoTrailerControl</include>
        </focusedlayout>
        <focusedlayout height="325" width="222" condition="Skin.HasSetting(521.alternative)">
            <control type="image">
                <left>0</left>
                <top>10</top>
                <width>220</width>
                <height>220</height>
                <texture>$INFO[ListItem.Art(discart)]</texture>
                <animation type="Focus" reversible="false">
                    <effect type="slide" start="0,0" end="0,-140" time="500" tween="cubic" delay="1000" />
                </animation>
            </control>
            <include content="include.widget.poster.focus">
                <param name="id" value="521"/>
                <param name="zoom" value="115"/>
                <param name="zoom_condition" value="Skin.HasSetting(521.alternative)"/>
                <param name="reflections" value="Skin.HasSetting(show.reflections)"/>
            </include>
            <include condition="Skin.HasSetting(home.netflix.autoplay.trailer)">SetAutoTrailerControl</include>
        </focusedlayout>
    </include>

    <include name="521Wrap">
        <control type="wraplist" id="521">
            <include>521Content</include>
        </control>
    </include>

    <include name="521Fixed">
        <control type="fixedlist" id="521">
            <include>521Content</include>
        </control>
    </include>

    <include name="View_521_Minimal_V2">
        <description>List View (id=521)</description>
        <control type="group">
            <include>Animation.Common</include>
            <include>ViewSlideForJumpBar</include>
            <visible>Control.IsVisible(521)</visible>
            <include>View_522_Minimal_V2_Content</include>
            <control type="scrollbar" id="1611">
                <include content="scrollbar_hor">
                    <param name="scrollid" value="1611"/>
                    <param name="jumpbar" value="true"/>
                    <param name="bottom" value="184"/>
                </include>
            </control>
            <include condition="!Skin.HasSetting(53poster.nowrap)">521Wrap</include>
            <include condition="Skin.HasSetting(53poster.nowrap)">521Fixed</include>
        </control>
    </include>

    <include name="View_522_Minimal_V2_Content">
        <control type="group">
            <left>SidePad</left>
            <include content="def_top" condition="!Skin.HasSetting(home.widgets.show.reflections)">
                <param name="top" value="195" />
            </include>
            <include content="def_top" condition="Skin.HasSetting(home.widgets.show.reflections)">
                <param name="top" value="191" />
            </include>
            <include content="def_width" condition="!Skin.HasSetting(home.netflix.autoplay.trailer)">
                <param name="width" value="800" />
            </include>
            <include content="def_width" condition="Skin.HasSetting(home.netflix.autoplay.trailer)">
                <param name="width" value="700" />
            </include>
            <control type="label">
                <textcolor>Dark1</textcolor>
                <font>SmallBold</font>
                <label fallback="19055">$INFO[ListItem.Title]</label>
                <include condition="Skin.HasSetting(labels.autoscroll)">LabelScroll</include>
                <visible>!Skin.HasSetting(view.netflix.clearlogo) | [Skin.HasSetting(view.netflix.clearlogo) + !$EXP[TitleClearlogoAvailable]]</visible>
            </control>
            <control type="grouplist">
                <visible>!Skin.HasSetting(view.netflix.clearlogo) | [Skin.HasSetting(view.netflix.clearlogo) + !$EXP[TitleClearlogoAvailable]]</visible>
                <orientation>vertical</orientation>
                <itemgap>0</itemgap>
                <top>40</top>
                <control type="label">
                    <aligny>center</aligny>
                    <font>Tiny</font>
                    <textcolor>Dark1</textcolor>
                    <selectedcolor>Dark1</selectedcolor>
                    <label>$VAR[LabelSub_1_GenreAlbum]</label>
                </control>
                <control type="textbox">
                    <font>Tiny</font>
                    <height min="36" max="176">auto</height>
                    <textcolor>Dark2</textcolor>
                    <selectedcolor>Dark2</selectedcolor>
                    <label>$INFO[ListItem.Plot]</label>
                </control>
                <control type="label">
                    <aligny>center</aligny>
                    <font>Tiny</font>
                    <textcolor>Dark2</textcolor>
                    <selectedcolor>Dark2</selectedcolor>
                    <label>$VAR[LabelSub_2_YearDurationRating]</label>
                </control>
            </control>
            <control type="grouplist">
                <visible>Skin.HasSetting(view.netflix.clearlogo) + $EXP[TitleClearlogoAvailable]</visible>
                <top>25</top>
                <orientation>vertical</orientation>
                <itemgap>0</itemgap>
                <control type="image" description="clearlogo">
                    <height>102</height>
                    <aspectratio scalediffuse="true" align="left">keep</aspectratio>
                    <texture background="true">$VAR[ClearLogoTopVar]</texture>
                </control>
                <control type="textbox">
                    <font>Tiny</font>
                    <height>15</height>
                    <textcolor>Dark2</textcolor>
                    <selectedcolor>Dark2</selectedcolor>
                </control>
                <control type="textbox">
                    <font>Tiny</font>
                    <height min="36" max="140">auto</height>
                    <textcolor>Dark2</textcolor>
                    <selectedcolor>Dark2</selectedcolor>
                    <label>$INFO[ListItem.Plot]</label>
                </control>
                <control type="label">
                    <aligny>center</aligny>
                    <font>Tiny</font>
                    <textcolor>Dark2</textcolor>
                    <selectedcolor>Dark2</selectedcolor>
                    <label>$VAR[LabelSub_2_YearDurationRating]</label>
                </control>
            </control>
        </control>
    </include>
</includes>