<?xml version="1.0" encoding="UTF-8"?>
<!-- Foundation -->
<includes>

    <include name="View_51_BigWide_Info">
        <description>List View (id=51)</description>
        <control type="group">
            <include>Animation.Common</include>
            <visible>Control.IsVisible(51)</visible>
            <include>ViewSlideForJumpBar</include>
            <control type="group">
                <top>PosterPad</top>
                <left>SidePad</left>
                <right>SidePad</right>
                <height>640</height>
                <control type="image">
                    <left>-8</left>
                    <right>-8</right>
                    <top>-8</top>
                    <bottom>-8</bottom>
                    <texture border="15" colordiffuse="Panel">common/rounded-shadow8.png</texture>
                </control>
                <control type="wraplist" id="51">
                    <visible>String.Contains(Container.FolderPath,plugin://plugin.program.advanced.launcher/,left) | Container.Content(musicvideos) | Container.Content(artists) | Container.Content(movies) | Container.Content(tvshows) | Container.Content(episodes) | Container.Content(sets) | Container.Content(videos) | Container.Content(albums) | Container.Content(songs)</visible>
                    <include content="forced_view" condition="Skin.HasSetting(enable.forcedviews)">
                        <param name="string" value="$LOCALIZE[31422]" />
                    </include>
                    <width>1112</width>
                    <right>0</right>
                    <top>0</top>
                    <bottom>0</bottom>
                    <onup condition="!Skin.HasSetting(global.kioskmode)">9000</onup>
                    <ondown>1639</ondown>
                    <onleft>51</onleft>
                    <onright>51</onright>
                    <preloaditems>0</preloaditems>
                    <pagecontrol>1639</pagecontrol>
                    <orientation>horizontal</orientation>
                    <viewtype label="31422">list</viewtype>
                    <include>ScrolltimeViewsList</include>
                    <itemlayout height="640" width="1112">
                        <control type="image">
                            <top>0</top>
                            <right>0</right>
                            <width>100%</width>
                            <height>100%</height>
                            <aspectratio scalediffuse="false">scale</aspectratio>
                            <texture background="true" diffuse="diffuse/lovefilmthumb.png">$INFO[ListItem.Art(fanart)]</texture>
                        </control>
                    </itemlayout>
                    <focusedlayout height="640" width="1112">
                        <control type="image">
                            <top>0</top>
                            <right>0</right>
                            <width>100%</width>
                            <height>100%</height>
                            <aspectratio scalediffuse="false">scale</aspectratio>
                            <texture background="true" diffuse="diffuse/lovefilmthumb.png">$VAR[FanartImageFanart]</texture>
                        </control>
                    </focusedlayout>
                </control>
                <control type="group">
                    <left>30</left>
                    <right>1142</right>
                    <top>10</top>
                    <bottom>30</bottom>
                    <control type="label">
                        <top>10</top>
                        <aligny>center</aligny>
                        <height>64</height>
                        <font>SmallBold</font>
                        <scroll>true</scroll>
                        <textcolor>PanelWhite100</textcolor>
                        <selectedcolor>PanelWhite100</selectedcolor>
                        <label>$INFO[ListItem.Label]</label>
                        <include condition="Skin.HasSetting(views.label.autoscroll)">LabelScroll</include>
                    </control>
                    <control type="label">
                        <top>50</top>
                        <height>64</height>
                        <aligny>center</aligny>
                        <font>Tiny</font>
                        <textcolor>PanelWhite100</textcolor>
                        <selectedcolor>PanelWhite100</selectedcolor>
                        <label>$VAR[LabelGenre]</label>
                    </control>
                    <control type="textbox">
                        <top>125</top>
                        <height>428</height>
                        <align>justify</align>
                        <font>Tiny</font>
                        <textcolor>PanelWhite100</textcolor>
                        <selectedcolor>PanelWhite100</selectedcolor>
                        <label>$VAR[LabelPlotBox]</label>
                    </control>
                    <control type="label">
                        <bottom>0</bottom>
                        <height>30</height>
                        <aligny>center</aligny>
                        <align>right</align>
                        <font>Tiny</font>
                        <textcolor>PanelWhite70</textcolor>
                        <selectedcolor>PanelWhite70</selectedcolor>
                        <label>$VAR[LabelDuration]$INFO[ListItem.Rating,  •  ]</label>
                        <visible>!Container.Content(movies) + !Container.Content(episodes)</visible>
                    </control>
                    <control type="label">
                        <bottom>0</bottom>
                        <height>30</height>
                        <aligny>center</aligny>
                        <align>right</align>
                        <font>Tiny</font>
                        <textcolor>PanelWhite70</textcolor>
                        <selectedcolor>PanelWhite70</selectedcolor>
                        <label>$VAR[LabelYear]$VAR[LabelDuration,  •  ]$INFO[ListItem.Rating,  •  ]</label>
                        <visible>Container.Content(movies) | Container.Content(episodes)</visible>
                    </control>
                    <control type="label">
                        <align>center</align>
                        <aligny>center</aligny>
                        <width>50</width>
                        <right>-20</right>
                        <top>8</top>
                        <height>50</height>
                        <textcolor>$VAR[WatchedLabelPosterColor]</textcolor>
                        <font>SymbolPoster</font>
                        <label>$VAR[WatchedLabelList]</label>
                        <visible>!String.IsEqual(ListItem.Label,..)</visible>
                    </control>
                </control>
                <control type="image">
                    <left>0</left>
                    <top>0</top>
                    <width>1760</width>
                    <height>640</height>
                    <texture colordiffuse="Box2" border="4" background="true">common/box21.png</texture>
                    <visible>!Skin.HasSetting(thumbnails.white)</visible>
                </control>
            </control>
            <control type="scrollbar" id="1639">
                <include content="scrollbar_hor">
                    <param name="scrollid" value="1639"/>
                </include>
            </control>
        </control>
    </include>

    <include name="View_51_BigWide_Classic">
        <description>List View (id=51)</description>
        <control type="group">
            <include>Animation.Common</include>
            <visible>Control.IsVisible(51)</visible>
            <control type="group">
                <include>BigWideContent</include>
                <control type="group">
                    <left>0</left>
                    <right>0</right>
                    <bottom>0</bottom>
                    <height>70</height>
                    <animation effect="fade" start="0" end="100" time="500">Visible</animation>
                    <animation effect="fade" start="100" end="0" time="300">Hidden</animation>
                    <visible>Skin.HasSetting(51.showplot) + [Container.Content(movies) | Container.Content(episodes)]</visible>
                    <control type="image">
                        <left>0</left>
                        <right>0</right>
                        <bottom>0</bottom>
                        <height>210</height>
                        <texture border="15" colordiffuse="df000000">common/shadowbottom.png</texture>
                    </control>
                    <control type="textbox">
                        <top>-20</top>
                        <left>30</left>
                        <right>30</right>
                        <height>67</height>
                        <align>justify</align>
                        <font>Tiny</font>
                        <textcolor>PanelWhite70</textcolor>
                        <selectedcolor>PanelWhite70</selectedcolor>
                        <label>$VAR[LabelPlotBox]</label>
                    </control>
                    <control type="label">
                        <posx>30</posx>
                        <top>-80</top>
                        <width>200</width>
                        <font>Small</font>
                        <aligny>center</aligny>
                        <height>64</height>
                        <textcolor>PanelWhite70</textcolor>
                        <selectedcolor>PanelWhite70</selectedcolor>
                        <label>$VAR[LabelYear]</label>
                        <visible>Container.Content(movies) | Container.Content(episodes)</visible>
                    </control>
                    <control type="label">
                        <posx>120</posx>
                        <top>-80</top>
                        <width>auto</width>
                        <aligny>center</aligny>
                        <height>64</height>
                        <font>Small</font>
                        <textcolor>PanelWhite70</textcolor>
                        <selectedcolor>PanelWhite70</selectedcolor>
                        <label>$INFO[ListItem.Label]</label>
                        <animation effect="slide" start="0" end="-90" time="0" condition="![Container.Content(movies) | Container.Content(episodes)]">Conditional</animation>
                        <animation effect="slide" start="0" end="70" time="0" condition="Container.Content(episodes)">Conditional</animation>
                    </control>
                    <control type="label">
                        <right>154</right>
                        <width>500</width>
                        <top>-80</top>
                        <aligny>center</aligny>
                        <height>64</height>
                        <align>right</align>
                        <font>Small</font>
                        <textcolor>PanelWhite70</textcolor>
                        <selectedcolor>PanelWhite70</selectedcolor>
                        <label>$VAR[LabelDuration]</label>
                    </control>
                    <control type="label">
                        <align>center</align>
                        <aligny>center</aligny>
                        <width>50</width>
                        <right>83</right>
                        <top>-72</top>
                        <height>50</height>
                        <textcolor>$VAR[WatchedLabelPosterColor]</textcolor>
                        <font>SymbolPoster</font>
                        <label>$VAR[WatchedLabelList]</label>
                        <visible>!String.IsEqual(ListItem.Label,..)</visible>
                        <animation effect="slide" start="0" end="60" time="0" condition="Container.Content(Seasons)">Conditional</animation>
                    </control>
                    <control type="label">
                        <right>30</right>
                        <width>500</width>
                        <aligny>center</aligny>
                        <height>64</height>
                        <top>-80</top>
                        <align>right</align>
                        <font>Small</font>
                        <textcolor>PanelWhite70</textcolor>
                        <selectedcolor>PanelWhite70</selectedcolor>
                        <label>$INFO[ListItem.Rating]</label>
                        <visible>!Container.Content(seasons)</visible>
                    </control>
                </control>
                <control type="group">
                    <left>0</left>
                    <right>0</right>
                    <bottom>0</bottom>
                    <height>70</height>
                    <visible>!Skin.HasSetting(51.showplot) | Window.isVisible(MyMusicNav.xml)</visible>
                    <animation effect="fade" start="0" end="100" time="500">Visible</animation>
                    <animation effect="fade" start="100" end="0" time="300">Hidden</animation>
                    <control type="image">
                        <left>0</left>
                        <right>0</right>
                        <bottom>0</bottom>
                        <height>90</height>
                        <texture border="15" colordiffuse="df000000">common/shadowbottomsmall.png</texture>
                    </control>
                    <control type="label">
                        <posx>30</posx>
                        <width>200</width>
                        <font>Small</font>
                        <aligny>center</aligny>
                        <height>64</height>
                        <textcolor>PanelWhite70</textcolor>
                        <selectedcolor>PanelWhite70</selectedcolor>
                        <label>$VAR[LabelYear]</label>
                        <visible>Container.Content(movies) | Container.Content(episodes)</visible>
                    </control>
                    <control type="label">
                        <posx>120</posx>
                        <width>auto</width>
                        <aligny>center</aligny>
                        <height>64</height>
                        <font>Small</font>
                        <textcolor>PanelWhite70</textcolor>
                        <selectedcolor>PanelWhite70</selectedcolor>
                        <label>$INFO[ListItem.Label]</label>
                        <animation effect="slide" start="0" end="-90" time="0" condition="![Container.Content(movies) | Container.Content(episodes)]">Conditional</animation>
                        <animation effect="slide" start="0" end="70" time="0" condition="Container.Content(episodes)">Conditional</animation>
                    </control>
                    <control type="label">
                        <right>154</right>
                        <width>500</width>
                        <aligny>center</aligny>
                        <height>64</height>
                        <align>right</align>
                        <font>Small</font>
                        <textcolor>PanelWhite70</textcolor>
                        <selectedcolor>PanelWhite70</selectedcolor>
                        <label>$VAR[LabelDuration]</label>
                    </control>
                    <control type="label">
                        <align>center</align>
                        <aligny>center</aligny>
                        <width>50</width>
                        <right>83</right>
                        <top>8</top>
                        <height>50</height>
                        <textcolor>$VAR[WatchedLabelPosterColor]</textcolor>
                        <font>SymbolPoster</font>
                        <label>$VAR[WatchedLabelList]</label>
                        <visible>!String.IsEqual(ListItem.Label,..)</visible>
                        <animation effect="slide" start="0" end="60" time="0" condition="Container.Content(Seasons)">Conditional</animation>
                    </control>
                    <control type="label">
                        <right>30</right>
                        <width>500</width>
                        <aligny>center</aligny>
                        <height>64</height>
                        <align>right</align>
                        <font>Small</font>
                        <textcolor>PanelWhite70</textcolor>
                        <selectedcolor>PanelWhite70</selectedcolor>
                        <label>$INFO[ListItem.Rating]</label>
                        <visible>!Container.Content(seasons)</visible>
                    </control>
                </control>
                <control type="image">
                    <left>0</left>
                    <top>0</top>
                    <width>1760</width>
                    <height>640</height>
                    <texture colordiffuse="Box2" border="4" background="true">common/box21.png</texture>
                    <visible>!Skin.HasSetting(thumbnails.white)</visible>
                </control>
            </control>
            <control type="scrollbar" id="1623">
                <include content="scrollbar_hor">
                    <param name="scrollid" value="1623"/>
                </include>
            </control>
        </control>
    </include>

    <include name="View_51_BigWide">
        <description>List View (id=51)</description>
        <control type="group">
            <include>Animation.Common</include>
            <visible>Control.IsVisible(51)</visible>
            <control type="group">
                <top>206</top>
                <left>70</left>
                <right>70</right>
                <height>660</height>

                <!-- Item -3 -->
                <control type="group">
                    <top>10</top>
                    <bottom>10</bottom>
                    <width>93</width>
                    <left>10</left>
                    <control type="image">
                        <left>-8</left>
                        <right>-8</right>
                        <top>-8</top>
                        <bottom>-8</bottom>
                        <texture border="15" colordiffuse="Panel">common/rounded-shadow8.png</texture>
                    </control>
                    <control type="image">
                        <width>100%</width>
                        <height>100%</height>
                        <aspectratio scalediffuse="false">scale</aspectratio>
                        <fadetime>800</fadetime>
                        <texture background="true" diffuse="diffuse/bigwideside.png" colordiffuse="ff444444">$INFO[ListItem(-3).Art(fanart)]</texture>
                    </control>
                    <control type="image">
                        <width>100%</width>
                        <height>100%</height>
                        <texture colordiffuse="Box2" border="4" background="true">common/box21.png</texture>
                        <visible>!Skin.HasSetting(thumbnails.white)</visible>
                    </control>
                    <control type="label">
                        <posx>30</posx>
                        <posy>550</posy>
                        <width>500</width>
                        <aligny>center</aligny>
                        <height>64</height>
                        <font>Small</font>
                        <textcolor>PanelWhite70</textcolor>
                        <selectedcolor>PanelWhite70</selectedcolor>
                        <label>$INFO[ListItem(-3).Label]</label>
                        <animation effect="rotate" center="60,600" start="0" end="90" condition="true">Conditional</animation>
                        <animation effect="slide" start="0" end="30,2" condition="true">Conditional</animation>
                    </control>
                    <control type="label">
                        <centerleft>64%</centerleft>
                        <centertop>32</centertop>
                        <width>50</width>
                        <height>50</height>
                        <font>SymbolPoster</font>
                        <textcolor>WatchedIconsList</textcolor>
                        <selectedcolor>WatchedIconsList</selectedcolor>
                        <label>$VAR[PercentWatchedN3]</label>
                        <visible>!String.IsEqual(ListItem(-3).Label,..)</visible>
                    </control>
                </control>

                <!-- Item -2 -->
                <control type="group">
                    <top>10</top>
                    <bottom>10</bottom>
                    <width>93</width>
                    <left>113</left>
                    <control type="image">
                        <left>-8</left>
                        <right>-8</right>
                        <top>-8</top>
                        <bottom>-8</bottom>
                        <texture border="15" colordiffuse="Panel">common/rounded-shadow8.png</texture>
                    </control>
                    <control type="image">
                        <width>100%</width>
                        <height>100%</height>
                        <aspectratio scalediffuse="false">scale</aspectratio>
                        <fadetime>800</fadetime>
                        <texture background="true" diffuse="diffuse/bigwideside.png" colordiffuse="ff444444">$INFO[ListItem(-2).Art(fanart)]</texture>
                    </control>
                    <control type="image">
                        <width>100%</width>
                        <height>100%</height>
                        <texture colordiffuse="Box2" border="4" background="true">common/box21.png</texture>
                        <visible>!Skin.HasSetting(thumbnails.white)</visible>
                    </control>
                    <control type="label">
                        <posx>30</posx>
                        <posy>550</posy>
                        <width>500</width>
                        <aligny>center</aligny>
                        <height>64</height>
                        <font>Small</font>
                        <textcolor>PanelWhite70</textcolor>
                        <selectedcolor>PanelWhite70</selectedcolor>
                        <label>$INFO[ListItem(-2).Label]</label>
                        <animation effect="rotate" center="60,600" start="0" end="90" condition="true">Conditional</animation>
                        <animation effect="slide" start="0" end="30,2" condition="true">Conditional</animation>
                    </control>
                    <control type="label">
                        <centerleft>64%</centerleft>
                        <centertop>32</centertop>
                        <width>50</width>
                        <height>50</height>
                        <font>SymbolPoster</font>
                        <textcolor>WatchedIconsList</textcolor>
                        <selectedcolor>WatchedIconsList</selectedcolor>
                        <label>$VAR[PercentWatchedN2]</label>
                        <visible>!String.IsEqual(ListItem(-2).Label,..)</visible>
                    </control>
                </control>

                <!-- Item -1 -->
                <control type="group">
                    <top>10</top>
                    <bottom>10</bottom>
                    <width>93</width>
                    <left>216</left>
                    <control type="image">
                        <left>-8</left>
                        <right>-8</right>
                        <top>-8</top>
                        <bottom>-8</bottom>
                        <texture border="15" colordiffuse="Panel">common/rounded-shadow8.png</texture>
                    </control>
                    <control type="image">
                        <width>100%</width>
                        <height>100%</height>
                        <aspectratio scalediffuse="false">scale</aspectratio>
                        <fadetime>800</fadetime>
                        <texture background="true" colordiffuse="ff444444" diffuse="diffuse/bigwideside.png">$INFO[ListItem(-1).Art(fanart)]</texture>
                    </control>
                    <control type="image">
                        <width>100%</width>
                        <height>100%</height>
                        <texture colordiffuse="Box2" border="4" background="true">common/box21.png</texture>
                        <visible>!Skin.HasSetting(thumbnails.white)</visible>
                    </control>
                    <control type="label">
                        <posx>30</posx>
                        <posy>550</posy>
                        <width>500</width>
                        <aligny>center</aligny>
                        <height>64</height>
                        <font>Small</font>
                        <textcolor>PanelWhite70</textcolor>
                        <selectedcolor>PanelWhite70</selectedcolor>
                        <label>$INFO[ListItem(-1).Label]</label>
                        <animation effect="rotate" center="60,600" start="0" end="90" condition="true">Conditional</animation>
                        <animation effect="slide" start="0" end="30,2" condition="true">Conditional</animation>
                    </control>
                    <control type="label">
                        <centerleft>64%</centerleft>
                        <centertop>32</centertop>
                        <width>50</width>
                        <height>50</height>
                        <font>SymbolPoster</font>
                        <textcolor>WatchedIconsList</textcolor>
                        <selectedcolor>WatchedIconsList</selectedcolor>
                        <label>$VAR[PercentWatchedN1]</label>
                        <visible>!String.IsEqual(ListItem(-1).Label,..)</visible>
                    </control>
                </control>

                <!-- Item 3 -->
                <control type="group">
                    <top>10</top>
                    <bottom>10</bottom>
                    <width>93</width>
                    <right>10</right>
                    <control type="image">
                        <left>-8</left>
                        <right>-8</right>
                        <top>-8</top>
                        <bottom>-8</bottom>
                        <texture border="15" colordiffuse="Panel">common/rounded-shadow8.png</texture>
                    </control>
                    <control type="image">
                        <width>100%</width>
                        <height>100%</height>
                        <aspectratio scalediffuse="false">scale</aspectratio>
                        <fadetime>800</fadetime>
                        <texture background="true" colordiffuse="ff444444" diffuse="diffuse/bigwideside.png">$INFO[ListItem(3).Art(fanart)]</texture>
                    </control>
                    <control type="image">
                        <width>100%</width>
                        <height>100%</height>
                        <texture colordiffuse="Box2" border="4" background="true">common/box21.png</texture>
                        <visible>!Skin.HasSetting(thumbnails.white)</visible>
                    </control>
                    <control type="label">
                        <posx>30</posx>
                        <posy>550</posy>
                        <width>500</width>
                        <aligny>center</aligny>
                        <height>64</height>
                        <font>Small</font>
                        <textcolor>PanelWhite70</textcolor>
                        <selectedcolor>PanelWhite70</selectedcolor>
                        <label>$INFO[ListItem(3).Label]</label>
                        <animation effect="rotate" center="60,600" start="0" end="90" condition="true">Conditional</animation>
                        <animation effect="slide" start="0" end="30,2" condition="true">Conditional</animation>
                    </control>
                    <control type="label">
                        <centerleft>64%</centerleft>
                        <centertop>32</centertop>
                        <width>50</width>
                        <height>50</height>
                        <font>SymbolPoster</font>
                        <textcolor>WatchedIconsList</textcolor>
                        <selectedcolor>WatchedIconsList</selectedcolor>
                        <label>$VAR[PercentWatchedP3]</label>
                        <visible>!String.IsEqual(ListItem(3).Label,..)</visible>
                    </control>
                </control>

                <!-- Item 2 -->
                <control type="group">
                    <top>10</top>
                    <bottom>10</bottom>
                    <width>93</width>
                    <right>113</right>
                    <control type="image">
                        <left>-8</left>
                        <right>-8</right>
                        <top>-8</top>
                        <bottom>-8</bottom>
                        <texture border="15" colordiffuse="Panel">common/rounded-shadow8.png</texture>
                    </control>
                    <control type="image">
                        <width>100%</width>
                        <height>100%</height>
                        <aspectratio scalediffuse="false">scale</aspectratio>
                        <fadetime>800</fadetime>
                        <texture background="true" colordiffuse="ff444444" diffuse="diffuse/bigwideside.png">$INFO[ListItem(2).Art(fanart)]</texture>
                    </control>
                    <control type="image">
                        <width>100%</width>
                        <height>100%</height>
                        <texture colordiffuse="Box2" border="4" background="true">common/box21.png</texture>
                        <visible>!Skin.HasSetting(thumbnails.white)</visible>
                    </control>
                    <control type="label">
                        <posx>30</posx>
                        <posy>550</posy>
                        <width>500</width>
                        <aligny>center</aligny>
                        <height>64</height>
                        <font>Small</font>
                        <textcolor>PanelWhite70</textcolor>
                        <selectedcolor>PanelWhite70</selectedcolor>
                        <label>$INFO[ListItem(2).Label]</label>
                        <animation effect="rotate" center="60,600" start="0" end="90" condition="true">Conditional</animation>
                        <animation effect="slide" start="0" end="30,2" condition="true">Conditional</animation>
                    </control>
                    <control type="label">
                        <centerleft>64%</centerleft>
                        <centertop>32</centertop>
                        <width>50</width>
                        <height>50</height>
                        <font>SymbolPoster</font>
                        <textcolor>WatchedIconsList</textcolor>
                        <selectedcolor>WatchedIconsList</selectedcolor>
                        <label>$VAR[PercentWatchedP2]</label>
                        <visible>!String.IsEqual(ListItem(2).Label,..)</visible>
                    </control>
                </control>

                <!-- Item 1 -->
                <control type="group">
                    <top>10</top>
                    <bottom>10</bottom>
                    <width>93</width>
                    <right>216</right>
                    <control type="image">
                        <left>-8</left>
                        <right>-8</right>
                        <top>-8</top>
                        <bottom>-8</bottom>
                        <texture border="15" colordiffuse="Panel">common/rounded-shadow8.png</texture>
                    </control>
                    <control type="image">
                        <width>100%</width>
                        <height>100%</height>
                        <aspectratio scalediffuse="false">scale</aspectratio>
                        <fadetime>800</fadetime>
                        <texture background="true" colordiffuse="ff444444" diffuse="diffuse/bigwideside.png">$INFO[ListItem(1).Art(fanart)]</texture>
                    </control>
                    <control type="image">
                        <width>100%</width>
                        <height>100%</height>
                        <texture colordiffuse="Box2" border="4" background="true">common/box21.png</texture>
                        <visible>!Skin.HasSetting(thumbnails.white)</visible>
                    </control>
                    <control type="label">
                        <posx>30</posx>
                        <posy>550</posy>
                        <width>500</width>
                        <aligny>center</aligny>
                        <height>64</height>
                        <font>Small</font>
                        <textcolor>PanelWhite70</textcolor>
                        <selectedcolor>PanelWhite70</selectedcolor>
                        <label>$INFO[ListItem(1).Label]</label>
                        <animation effect="rotate" center="60,600" start="0" end="90" condition="true">Conditional</animation>
                        <animation effect="slide" start="0" end="30,2" condition="true">Conditional</animation>
                    </control>
                    <control type="label">
                        <centerleft>64%</centerleft>
                        <centertop>32</centertop>
                        <width>50</width>
                        <height>50</height>
                        <font>SymbolPoster</font>
                        <textcolor>WatchedIconsList</textcolor>
                        <selectedcolor>WatchedIconsList</selectedcolor>
                        <label>$VAR[PercentWatchedP1]</label>
                        <visible>!String.IsEqual(ListItem(1).Label,..)</visible>
                    </control>
                </control>
            </control>
            <control type="group">
                <top>216</top>
                <left>391</left>
                <right>391</right>
                <height>640</height>
                <control type="image">
                    <left>-8</left>
                    <right>-8</right>
                    <top>-8</top>
                    <bottom>-8</bottom>
                    <texture border="15" colordiffuse="Panel">common/rounded-shadow8.png</texture>
                </control>
                <control type="image">
                    <left>0</left>
                    <top>0</top>
                    <right>0</right>
                    <bottom>10</bottom>
                    <texture colordiffuse="Fallback" border="4" background="true">common/box.png</texture>
                </control>
                <control type="wraplist" id="51">
                    <!--<oninfo condition="ListItem.IsCollection">ActivateWindow(1132)</oninfo>-->
                    <visible>String.Contains(Container.FolderPath,plugin://plugin.program.advanced.launcher/,left) | Container.Content(musicvideos) | Container.Content(artists) | Container.Content(movies) | Container.Content(tvshows) | Container.Content(episodes) | Container.Content(sets) | Container.Content(videos) | Container.Content(albums) | Container.Content(songs)</visible>
                    <include content="forced_view" condition="Skin.HasSetting(enable.forcedviews)">
                        <param name="string" value="$LOCALIZE[31422]" />
                    </include>
                    <left>0</left>
                    <right>0</right>
                    <top>0</top>
                    <bottom>0</bottom>
                    <onup condition="!Skin.HasSetting(global.kioskmode)">9000</onup>
                    <ondown>1823</ondown>
                    <onleft>51</onleft>
                    <onright>51</onright>
                    <preloaditems>0</preloaditems>
                    <pagecontrol>1823</pagecontrol>
                    <orientation>horizontal</orientation>
                    <viewtype label="31422">list</viewtype>
                    <include>ScrolltimeViewsList</include>
                    <itemlayout height="640" width="1138">
                        <control type="image">
                            <centerleft>50%</centerleft>
                            <centertop>50%</centertop>
                            <width>100%</width>
                            <height>100%</height>
                            <aspectratio scalediffuse="false">scale</aspectratio>
                            <texture background="true" diffuse="diffuse/bigwiderolodex.png">$VAR[FanartImageFanart]</texture>
                        </control>
                    </itemlayout>
                    <focusedlayout height="640" width="1138">
                        <control type="image">
                            <centerleft>50%</centerleft>
                            <centertop>50%</centertop>
                            <width>100%</width>
                            <height>100%</height>
                            <aspectratio scalediffuse="false">scale</aspectratio>
                            <texture background="true" diffuse="diffuse/bigwiderolodex.png">$VAR[FanartImageFanart]</texture>
                        </control>
                    </focusedlayout>
                </control>
                <control type="group">
                    <left>0</left>
                    <right>0</right>
                    <bottom>0</bottom>
                    <height>70</height>
                    <control type="image">
                        <left>0</left>
                        <right>0</right>
                        <bottom>0</bottom>
                        <height>70</height>
                        <texture border="15" colordiffuse="df000000">common/white.png</texture>
                    </control>
                    <control type="label">
                        <align>center</align>
                        <aligny>center</aligny>
                        <width>50</width>
                        <left>10</left>
                        <top>8</top>
                        <height>50</height>
                        <textcolor>$VAR[WatchedLabelPosterColor]</textcolor>
                        <font>SymbolPoster</font>
                        <label>$VAR[WatchedLabelList]</label>
                        <visible>!String.IsEqual(ListItem.Label,..)</visible>
                        <visible>Container.Content(songs)</visible>
                    </control>
                    <control type="label">
                        <posx>30</posx>
                        <width>200</width>
                        <font>Small</font>
                        <aligny>center</aligny>
                        <height>64</height>
                        <textcolor>PanelWhite70</textcolor>
                        <selectedcolor>PanelWhite70</selectedcolor>
                        <label>$VAR[LabelYear]</label>
                        <visible>Container.Content(movies) | Container.Content(episodes)</visible>
                    </control>
                    <control type="label">
                        <posx>120</posx>
                        <right>370</right>
                        <aligny>center</aligny>
                        <height>64</height>
                        <font>Small</font>
                        <textcolor>PanelWhite70</textcolor>
                        <selectedcolor>PanelWhite70</selectedcolor>
                        <label>$INFO[ListItem.Label]</label>
                        <animation effect="slide" start="0" end="30" time="0" condition="Container.Content(songs) + ListItem.IsPlaying">Conditional</animation>
                        <animation effect="slide" start="0" end="-90" time="0" condition="![Container.Content(movies) | Container.Content(episodes)]">Conditional</animation>
                        <animation effect="slide" start="0" end="70" time="0" condition="Container.Content(episodes)">Conditional</animation>
                    </control>
                    <control type="label">
                        <right>154</right>
                        <width>500</width>
                        <aligny>center</aligny>
                        <height>64</height>
                        <align>right</align>
                        <font>Small</font>
                        <textcolor>PanelWhite70</textcolor>
                        <selectedcolor>PanelWhite70</selectedcolor>
                        <label>$VAR[LabelDuration]</label>
                        <animation effect="slide" start="0" end="120" time="0" condition="Container.Content(songs)">Conditional</animation>
                    </control>
                    <control type="label">
                        <align>center</align>
                        <aligny>center</aligny>
                        <width>50</width>
                        <right>83</right>
                        <top>9</top>
                        <height>50</height>
                        <textcolor>$VAR[WatchedLabelPosterColor]</textcolor>
                        <font>SymbolPoster</font>
                        <label>$VAR[WatchedLabelList]</label>
                        <visible>!String.IsEqual(ListItem.Label,..)</visible>
                        <visible>!Container.Content(songs)</visible>
                        <animation effect="slide" start="0" end="60" time="0" condition="Container.Content(Seasons)">Conditional</animation>
                    </control>
                    <control type="label">
                        <right>30</right>
                        <width>500</width>
                        <aligny>center</aligny>
                        <height>64</height>
                        <align>right</align>
                        <font>Small</font>
                        <textcolor>PanelWhite70</textcolor>
                        <selectedcolor>PanelWhite70</selectedcolor>
                        <label>$INFO[ListItem.Rating]</label>
                        <visible>!Container.Content(seasons)</visible>
                    </control>
                </control>
                <control type="image">
                    <width>100%</width>
                    <height>100%</height>
                    <texture colordiffuse="Box2" border="4" background="true">common/box21.png</texture>
                    <visible>!Skin.HasSetting(thumbnails.white)</visible>
                </control>
            </control>
            <control type="scrollbar" id="1823">
                <include content="scrollbar_hor">
                    <param name="scrollid" value="1823"/>
                </include>
            </control>
        </control>
    </include>

    <include name="BigWideContent">
        <control type="group">
            <top>-215</top>
            <left>-70</left>
        </control>
        <include>ViewSlideForJumpBar</include>
        <top>PosterPad</top>
        <left>SidePad</left>
        <right>SidePad</right>
        <height>640</height>
        <control type="image">
            <left>-8</left>
            <right>-8</right>
            <top>-8</top>
            <bottom>-8</bottom>
            <texture border="15" colordiffuse="Panel">common/rounded-shadow8.png</texture>
        </control>
        <control type="wraplist" id="51">
            <visible>String.Contains(Container.FolderPath,plugin://plugin.program.advanced.launcher/,left) | Container.Content(musicvideos) | Container.Content(artists) | Container.Content(movies) | Container.Content(tvshows) | Container.Content(episodes) | Container.Content(sets) | Container.Content(videos) | Container.Content(albums) | Container.Content(songs)</visible>
            <include content="forced_view" condition="Skin.HasSetting(enable.forcedviews)">
                <param name="string" value="$LOCALIZE[31422]" />
            </include>
            <left>0</left>
            <right>0</right>
            <top>0</top>
            <bottom>0</bottom>
            <onup condition="!Skin.HasSetting(global.kioskmode)">9000</onup>
            <ondown>1623</ondown>
            <onleft>51</onleft>
            <onright>51</onright>
            <preloaditems>0</preloaditems>
            <pagecontrol>1623</pagecontrol>
            <orientation>horizontal</orientation>
            <viewtype label="31422">list</viewtype>
            <include>ScrolltimeViewsList</include>
            <itemlayout height="640" width="1760">
                <control type="image">
                    <centerleft>50%</centerleft>
                    <centertop>50%</centertop>
                    <width>1920</width>
                    <height>1080</height>
                    <aspectratio scalediffuse="false">scale</aspectratio>
                    <texture background="true" diffuse="diffuse/lovefilm.png">$VAR[FanartImageFanart]</texture>
                </control>
            </itemlayout>
            <focusedlayout height="640" width="1760">
                <control type="image">
                    <centerleft>50%</centerleft>
                    <centertop>50%</centertop>
                    <width>1920</width>
                    <height>1080</height>
                    <aspectratio scalediffuse="false">scale</aspectratio>
                    <texture background="true" diffuse="diffuse/lovefilm.png">$VAR[FanartImageFanart]</texture>
                </control>
            </focusedlayout>
        </control>
    </include>
</includes>