<?xml version="1.0" encoding="UTF-8"?>
<!-- Foundation -->
<window id="10140">
    <defaultcontrol always="true">5</defaultcontrol>
    <controls>
        <include>GlobalOverlay</include>
        <control type="group">
            <posx>240</posx>
            <posy>83</posy>
            <include>Animation.FadeIn.Slide</include>
            <control type="image">
                <posx>-30</posx>
                <posy>-30</posy>
                <width>1500</width>
                <height>975</height>
                <texture border="16" colordiffuse="White100">common/rounded-shadow8.png</texture>
            </control>
            <control type="label" id="2">
                <description>Header Label</description>
                <left>70</left>
                <width>1000</width>
                <posy>0</posy>
                <include>FontTop</include>
                <textcolor>Dark2</textcolor>
                <label />
            </control>
            <include>Kodi_Logo</include>

            <!-- Lines -->
            <control type="image">
                <top>70</top>
                <left>15</left>
                <width>1410</width>
                <height>1</height>
                <bottom>10</bottom>
                <colordiffuse>Black12</colordiffuse>
                <texture>common/white.png</texture>
            </control>
            <control type="grouplist" id="3">
                <description>button area</description>
                <posx>15</posx>
                <posy>114</posy>
                <width>387</width>
                <height>342</height>
                <itemgap>3</itemgap>
                <onleft>30</onleft>
                <onright>5</onright>
                <onup>9</onup>
                <ondown>9</ondown>
                <scrolltime>0</scrolltime>
            </control>
            <control type="grouplist" id="5">
                <description>control area</description>
                <posx>458</posx>
                <posy>114</posy>
                <width>969</width>
                <height>687</height>
                <itemgap>3</itemgap>
                <onup>9001</onup>
                <ondown>9001</ondown>
                <onleft>3</onleft>
                <onright>3</onright>
            </control>
            <include content="Def_Gradient_Settings_Image">
                <param name="controlid" value="3"/>
                <param name="left" value="15"/>
                <param name="top" value="114"/>
                <param name="width" value="387"/>
                <param name="height" value="66"/>
                <param name="slide" value="69"/>
                <param name="image" value="common/gradient-box-wide.png"/>
                <param name="colordiffuse" value="$VAR[ColorHighlightOtherBar]"/>
            </include>            
            <control type="togglebutton" id="10">
                <description>Default Category Button</description>
                <width>387</width>
                <align>left</align>
                <texturefocus colordiffuse="$VAR[ColorHighlight]" border="8">common/box.png</texturefocus>
                <alttexturefocus colordiffuse="$VAR[ColorHighlight]" border="8">common/box.png</alttexturefocus>
            </control>
            <control type="button" id="7">
                <description>Default Button</description>
                <align>left</align>
                <texturefocus colordiffuse="$VAR[ColorHighlight]" border="8">common/box.png</texturefocus>
            </control>
            <control type="radiobutton" id="8">
                <description>Default RadioButton</description>
                <align>left</align>
                <radioposx>910</radioposx>
                <texturefocus colordiffuse="$VAR[ColorHighlight]" border="8">common/box.png</texturefocus>
            </control>
            <control type="spincontrolex" id="9">
                <description>Default spincontrolex</description>
                <reverse>yes</reverse>
                <align>left</align>
                <texturefocus colordiffuse="$VAR[ColorHighlight]" border="8">common/box.png</texturefocus>
            </control>
            <control type="label" id="14">
                <label />
                <textcolor>$VAR[ColorHighlight]</textcolor>
            </control>
            <control type="image" id="11">
                <description>Default Seperator</description>
                <height>-3</height>
                <texture />
            </control>
            <control type="sliderex" id="13">
                <description>Default Slider</description>
                <width>969</width>
                <align>left</align>
                <texturefocus colordiffuse="$VAR[ColorHighlight]" border="8">common/box.png</texturefocus>
            </control>
            <control type="image">
                <posx>15</posx>
                <posy>513</posy>
                <width>383</width>
                <height>383</height>
                <texture fallback="DefaultAddon.png">$INFO[ListItem.Icon]</texture>
                <aspectratio align="center" aligny="bottom">keep</aspectratio>
            </control>
            <control type="group" id="9001">
                <posx>458</posx>
                <posy>828</posy>
                <control type="button" id="28">
                    <description>OK Button</description>
                    <posx>0</posx>
                    <posy>0</posy>
                    <width>300</width>
                    <label>186</label>
                    <onleft>5</onleft>
                    <onright>29</onright>
                    <onup>5</onup>
                    <ondown>5</ondown>
                    <texturefocus colordiffuse="$VAR[ColorHighlight]" border="5">common/box.png</texturefocus>
                    <texturenofocus colordiffuse="Black12" border="5">common/box.png</texturenofocus>
                    <include>DefDialogButtons</include>
                </control>
                <control type="button" id="29">
                    <description>Cancel Button</description>
                    <posx>335</posx>
                    <posy>0</posy>
                    <width>300</width>
                    <label>222</label>
                    <onleft>28</onleft>
                    <onright>30</onright>
                    <onup>5</onup>
                    <ondown>5</ondown>
                    <texturefocus colordiffuse="$VAR[ColorHighlight]" border="5">common/box.png</texturefocus>
                    <texturenofocus colordiffuse="Black12" border="5">common/box.png</texturenofocus>
                    <include>DefDialogButtons</include>
                </control>
                <control type="button" id="30">
                    <description>Defaults Button</description>
                    <posx>669</posx>
                    <posy>0</posy>
                    <width>300</width>
                    <label>409</label>
                    <onleft>29</onleft>
                    <onright>28</onright>
                    <onup>5</onup>
                    <ondown>5</ondown>
                    <texturefocus colordiffuse="$VAR[ColorHighlight]" border="5">common/box.png</texturefocus>
                    <texturenofocus colordiffuse="Black12" border="5">common/box.png</texturenofocus>
                    <include>DefDialogButtons</include>
                </control>
            </control>
        </control>
    </controls>
</window>
