<?xml version="1.0" encoding="UTF-8"?>
<overrides>

    <!-- Playlist -->
    <widgetPlaylists>True</widgetPlaylists>
    <groupoverride group="powermenu" condition="Window.IsActive(DialogButtonMenu.xml)">Close</groupoverride>
    <warn heading="37815" message="37816">ActivateWindow(Settings)</warn>
    
    <override action="RebootToAndroid">
        <action>System.ExecWait("/usr/sbin/rebootfromnand")</action>
        <action>Reset()</action>
    </override>

    <!-- Widget 1 Sort by -->
    <propertySettings property="widgetSortby" buttonID="9402" templateonly="True" title="$LOCALIZE[581]"/>
    <property property="widgetSortby" label="369">title</property>
    <property property="widgetSortby" label="345">year</property>
    <property property="widgetSortby" label="558">album</property>
    <property property="widgetSortby" label="554" condition="String.IsEqual(Container(211).ListItem.Property(widgetType),songs)">tracknumber</property>
    <property property="widgetSortby" label="19029">channelnumber</property>
    <property property="widgetSortby" label="570" condition="!String.IsEqual(Container(211).ListItem.Property(widgetType),pvr)">dateadded</property>
    <property property="widgetSortby" label="590">random</property>
    <property property="widgetSortby" label="36902">tvshowtitle</property>
    <property property="widgetSortby" label="552" condition="String.IsEqual(Container(211).ListItem.Property(widgetType),episodes)">date</property>
    <property property="widgetSortby" label="557">artist</property>
    <property property="widgetSortby" label="563">rating</property>
    <property property="widgetSortby" label="38018">userrating</property>
    <property property="widgetSortby" label="568">lastplayed</property>
    <property property="widgetSortby" label="12012">lastused</property>
    <property property="widgetSortby" label="561">file</property>
    
    <!-- Widget 2 Sort by -->
    <propertySettings property="widgetSortby.2" buttonID="9792" templateonly="True" title="$LOCALIZE[581]"/>
    <property property="widgetSortby.2" label="369">title</property>
    <property property="widgetSortby.2" label="345">year</property>
    <property property="widgetSortby.2" label="558">album</property>
    <property property="widgetSortby.2" label="554" condition="String.IsEqual(Container(211).ListItem.Property(widgetType.2),songs)">tracknumber</property>
    <property property="widgetSortby.2" label="19029">channelnumber</property>
    <property property="widgetSortby.2" label="570" condition="!String.IsEqual(Container(211).ListItem.Property(widgetType.2),pvr)">dateadded</property>
    <property property="widgetSortby.2" label="590">random</property>
    <property property="widgetSortby.2" label="36902">tvshowtitle</property>
    <property property="widgetSortby.2" label="552" condition="String.IsEqual(Container(211).ListItem.Property(widgetType.2),episodes)">date</property>
    <property property="widgetSortby.2" label="557">artist</property>
    <property property="widgetSortby.2" label="563">rating</property>
    <property property="widgetSortby.2" label="38018">userrating</property>
    <property property="widgetSortby.2" label="568">lastplayed</property>
    <property property="widgetSortby.2" label="12012">lastused</property>
    <property property="widgetSortby.2" label="561">file</property>
    
    <!-- Widget 3 Sort by -->
    <propertySettings property="widgetSortby.3" buttonID="9602" templateonly="True" title="$LOCALIZE[581]"/>
    <property property="widgetSortby.3" label="369">title</property>
    <property property="widgetSortby.3" label="345">year</property>
    <property property="widgetSortby.3" label="558">album</property>
    <property property="widgetSortby.3" label="554" condition="String.IsEqual(Container(211).ListItem.Property(widgetType.3),songs)">tracknumber</property>
    <property property="widgetSortby.3" label="19029">channelnumber</property>
    <property property="widgetSortby.3" label="570" condition="!String.IsEqual(Container(211).ListItem.Property(widgetType.3),pvr)">dateadded</property>
    <property property="widgetSortby.3" label="590">random</property>
    <property property="widgetSortby.3" label="36902">tvshowtitle</property>
    <property property="widgetSortby.3" label="552" condition="String.IsEqual(Container(211).ListItem.Property(widgetType.3),episodes)">date</property>
    <property property="widgetSortby.3" label="557">artist</property>
    <property property="widgetSortby.3" label="563">rating</property>
    <property property="widgetSortby.3" label="38018">userrating</property>
    <property property="widgetSortby.3" label="568">lastplayed</property>
    <property property="widgetSortby.3" label="12012">lastused</property>
    <property property="widgetSortby.3" label="561">file</property>
    
    <!-- Widget 4 Sort by -->
    <propertySettings property="widgetSortby.4" buttonID="9702" templateonly="True" title="$LOCALIZE[581]"/>
    <property property="widgetSortby.4" label="369">title</property>
    <property property="widgetSortby.4" label="345">year</property>
    <property property="widgetSortby.4" label="558">album</property>
    <property property="widgetSortby.4" label="554" condition="String.IsEqual(Container(211).ListItem.Property(widgetType.4),songs)">tracknumber</property>
    <property property="widgetSortby.4" label="19029">channelnumber</property>
    <property property="widgetSortby.4" label="570" condition="!String.IsEqual(Container(211).ListItem.Property(widgetType.4),pvr)">dateadded</property>
    <property property="widgetSortby.4" label="590">random</property>
    <property property="widgetSortby.4" label="36902">tvshowtitle</property>
    <property property="widgetSortby.4" label="552" condition="String.IsEqual(Container(211).ListItem.Property(widgetType.4),episodes)">date</property>
    <property property="widgetSortby.4" label="557">artist</property>
    <property property="widgetSortby.4" label="563">rating</property>
    <property property="widgetSortby.4" label="38018">userrating</property>
    <property property="widgetSortby.4" label="568">lastplayed</property>
    <property property="widgetSortby.4" label="12012">lastused</property>
    <property property="widgetSortby.4" label="561">file</property>
    
    <!-- Widget 5 Sort by -->
    <propertySettings property="widgetSortby.5" buttonID="9802" templateonly="True" title="$LOCALIZE[581]"/>
    <property property="widgetSortby.5" label="369">title</property>
    <property property="widgetSortby.5" label="345">year</property>
    <property property="widgetSortby.5" label="558">album</property>
    <property property="widgetSortby.5" label="554" condition="String.IsEqual(Container(211).ListItem.Property(widgetType.5),songs)">tracknumber</property>
    <property property="widgetSortby.5" label="19029">channelnumber</property>
    <property property="widgetSortby.5" label="570" condition="!String.IsEqual(Container(211).ListItem.Property(widgetType.5),pvr)">dateadded</property>
    <property property="widgetSortby.5" label="590">random</property>
    <property property="widgetSortby.5" label="36902">tvshowtitle</property>
    <property property="widgetSortby.5" label="552" condition="String.IsEqual(Container(211).ListItem.Property(widgetType.5),episodes)">date</property>
    <property property="widgetSortby.5" label="557">artist</property>
    <property property="widgetSortby.5" label="563">rating</property>
    <property property="widgetSortby.5" label="38018">userrating</property>
    <property property="widgetSortby.5" label="568">lastplayed</property>
    <property property="widgetSortby.5" label="12012">lastused</property>
    <property property="widgetSortby.5" label="561">file</property>
    
    <!-- Widget 6 Sort by -->
    <propertySettings property="widgetSortby.6" buttonID="11009" templateonly="True" title="$LOCALIZE[581]"/>
    <property property="widgetSortby.6" label="369">title</property>
    <property property="widgetSortby.6" label="345">year</property>
    <property property="widgetSortby.6" label="558">album</property>
    <property property="widgetSortby.6" label="554" condition="String.IsEqual(Container(211).ListItem.Property(widgetType.6),songs)">tracknumber</property>
    <property property="widgetSortby.6" label="19029">channelnumber</property>
    <property property="widgetSortby.6" label="570" condition="!String.IsEqual(Container(211).ListItem.Property(widgetType.6),pvr)">dateadded</property>
    <property property="widgetSortby.6" label="590">random</property>
    <property property="widgetSortby.6" label="36902">tvshowtitle</property>
    <property property="widgetSortby.6" label="552" condition="String.IsEqual(Container(211).ListItem.Property(widgetType.6),episodes)">date</property>
    <property property="widgetSortby.6" label="557">artist</property>
    <property property="widgetSortby.6" label="563">rating</property>
    <property property="widgetSortby.6" label="38018">userrating</property>
    <property property="widgetSortby.6" label="568">lastplayed</property>
    <property property="widgetSortby.6" label="12012">lastused</property>
    <property property="widgetSortby.6" label="561">file</property>
    
    <!-- Widget 1 Sorting -->
    <propertySettings property="widgetSort" buttonID="9403" templateonly="True" title="$LOCALIZE[580]"/>
    <property property="widgetSort" label="585">descending</property>
    <property property="widgetSort" label="584">ascending</property>
    
    <!-- Widget 2 Sorting -->
    <propertySettings property="widgetSort.2" buttonID="9793" templateonly="True" title="$LOCALIZE[580]"/>
    <property property="widgetSort.2" label="585">descending</property>
    <property property="widgetSort.2" label="584">ascending</property>
    
    <!-- Widget 3 Sorting -->
    <propertySettings property="widgetSort.3" buttonID="9603" templateonly="True" title="$LOCALIZE[580]"/>
    <property property="widgetSort.3" label="585">descending</property>
    <property property="widgetSort.3" label="584">ascending</property>
    
    <!-- Widget 4 Sorting -->
    <propertySettings property="widgetSort.4" buttonID="9703" templateonly="True" title="$LOCALIZE[580]"/>
    <property property="widgetSort.4" label="585">descending</property>
    <property property="widgetSort.4" label="584">ascending</property>
    
    <!-- Widget 5 Sorting -->
    <propertySettings property="widgetSort.5" buttonID="9803" templateonly="True" title="$LOCALIZE[580]"/>
    <property property="widgetSort.5" label="585">descending</property>
    <property property="widgetSort.5" label="584">ascending</property>
    
    <!-- Widget 6 Sorting -->
    <propertySettings property="widgetSort.6" buttonID="11010" templateonly="True" title="$LOCALIZE[580]"/>
    <property property="widgetSort.6" label="585">descending</property>
    <property property="widgetSort.6" label="584">ascending</property>
    
    <!-- Widget Banner -->
    <propertySettings property="widgetBanner" buttonID="9404" title="$LOCALIZE[37709]"/>
    <property property="widgetBanner" label="107">yes</property>
    <property property="widgetBanner" label="106">no</property>
    <propertySettings property="widgetBanner.2" buttonID="9406" title="$LOCALIZE[37709]"/>
    <property property="widgetBanner.2" label="107">yes</property>
    <property property="widgetBanner.2" label="106">no</property>
    
    <!-- Widget Square Distance -->
    <propertySettings property="widgetEdgeDistance" buttonID="10301" title="$LOCALIZE[37930]"/>
    <property property="widgetEdgeDistance" label="37931">yes</property>
    <propertySettings property="widgetEdgeDistance.2" buttonID="10302" title="$LOCALIZE[37930]"/>
    <property property="widgetEdgeDistance.2" label="37931">yes</property>
    <propertySettings property="widgetEdgeDistance.3" buttonID="10303" title="$LOCALIZE[37930]"/>
    <property property="widgetEdgeDistance.3" label="37931">yes</property>
    <propertySettings property="widgetEdgeDistance.4" buttonID="10304" title="$LOCALIZE[37930]"/>
    <property property="widgetEdgeDistance.4" label="37931">yes</property>
    <propertySettings property="widgetEdgeDistance.5" buttonID="10305" title="$LOCALIZE[37930]"/>
    <property property="widgetEdgeDistance.5" label="37931">yes</property>
    <propertySettings property="widgetEdgeDistance.6" buttonID="11008" title="$LOCALIZE[37930]"/>
    <property property="widgetEdgeDistance.6" label="37931">yes</property>
    
    <!-- Widget Square Aspect Ratio -->
    <propertySettings property="widgetAspectRatio" buttonID="10001" title="$LOCALIZE[37873]"/>
    <property property="widgetAspectRatio" label="$LOCALIZE[37874]">scale</property>
    <propertySettings property="widgetAspectRatio.2" buttonID="10002" title="$LOCALIZE[37873]"/>
    <property property="widgetAspectRatio.2" label="$LOCALIZE[37874]">scale</property>
    <propertySettings property="widgetAspectRatio.3" buttonID="10003" title="$LOCALIZE[37873]"/>
    <property property="widgetAspectRatio.3" label="$LOCALIZE[37874]">scale</property>
    <propertySettings property="widgetAspectRatio.4" buttonID="10004" title="$LOCALIZE[37873]"/>
    <property property="widgetAspectRatio.4" label="$LOCALIZE[37874]">scale</property>
    <propertySettings property="widgetAspectRatio.5" buttonID="10005" title="$LOCALIZE[37873]"/>
    <property property="widgetAspectRatio.5" label="$LOCALIZE[37874]">scale</property>
    <propertySettings property="widgetAspectRatio.6" buttonID="11007" title="$LOCALIZE[37873]"/>
    <property property="widgetAspectRatio.6" label="$LOCALIZE[37874]">scale</property>
    
    <!-- Widget AutoScroll in Seconds -->
    <propertySettings property="widgetAuto.2" buttonID="4195" title="$LOCALIZE[37789]"/>
    <property property="widgetAuto.2" label=" 5">$NUMBER[5000]</property>
    <property property="widgetAuto.2" label=" 7">$NUMBER[7000]</property>
    <property property="widgetAuto.2" label=" 10">$NUMBER[10000]</property>
    <property property="widgetAuto.2" label=" 15">$NUMBER[15000]</property>
    <property property="widgetAuto.2" label=" 20">$NUMBER[20000]</property>
    <property property="widgetAuto.2" label=" 25">$NUMBER[25000]</property>
    
    <propertySettings property="widgetAuto.3" buttonID="4194" title="$LOCALIZE[37789]"/>
    <property property="widgetAuto.3" label=" 5">$NUMBER[5000]</property>
    <property property="widgetAuto.3" label=" 7">$NUMBER[7000]</property>
    <property property="widgetAuto.3" label=" 10">$NUMBER[10000]</property>
    <property property="widgetAuto.3" label=" 15">$NUMBER[15000]</property>
    <property property="widgetAuto.3" label=" 20">$NUMBER[20000]</property>
    <property property="widgetAuto.3" label=" 25">$NUMBER[25000]</property>
    
    <propertySettings property="widgetAuto.4" buttonID="4193" title="$LOCALIZE[37789]"/>
    <property property="widgetAuto.4" label=" 5">$NUMBER[5000]</property>
    <property property="widgetAuto.4" label=" 7">$NUMBER[7000]</property>
    <property property="widgetAuto.4" label=" 10">$NUMBER[10000]</property>
    <property property="widgetAuto.4" label=" 15">$NUMBER[15000]</property>
    <property property="widgetAuto.4" label=" 20">$NUMBER[20000]</property>
    <property property="widgetAuto.4" label=" 25">$NUMBER[25000]</property>
    
    <propertySettings property="widgetAuto.5" buttonID="4593" title="$LOCALIZE[37789]"/>
    <property property="widgetAuto.5" label=" 5">$NUMBER[5000]</property>
    <property property="widgetAuto.5" label=" 7">$NUMBER[7000]</property>
    <property property="widgetAuto.5" label=" 10">$NUMBER[10000]</property>
    <property property="widgetAuto.5" label=" 15">$NUMBER[15000]</property>
    <property property="widgetAuto.5" label=" 20">$NUMBER[20000]</property>
    <property property="widgetAuto.5" label=" 25">$NUMBER[25000]</property>
    
    <propertySettings property="widgetAuto.6" buttonID="11011" title="$LOCALIZE[37789]"/>
    <property property="widgetAuto.6" label=" 5">$NUMBER[5000]</property>
    <property property="widgetAuto.6" label=" 7">$NUMBER[7000]</property>
    <property property="widgetAuto.6" label=" 10">$NUMBER[10000]</property>
    <property property="widgetAuto.6" label=" 15">$NUMBER[15000]</property>
    <property property="widgetAuto.6" label=" 20">$NUMBER[20000]</property>
    <property property="widgetAuto.6" label=" 25">$NUMBER[25000]</property>
    
    <propertySettings property="widgetAuto" buttonID="4196" title="$LOCALIZE[37789]"/>
    <property property="widgetAuto" label=" 5">$NUMBER[5000]</property>
    <property property="widgetAuto" label=" 7">$NUMBER[7000]</property>
    <property property="widgetAuto" label=" 10">$NUMBER[10000]</property>
    <property property="widgetAuto" label=" 15">$NUMBER[15000]</property>
    <property property="widgetAuto" label=" 20">$NUMBER[20000]</property>
    <property property="widgetAuto" label=" 25">$NUMBER[25000]</property>
    
    <!-- Widget List Type? -->
    <propertySettings property="widgetListType" buttonID="4191" title="$LOCALIZE[37791]"/>
    <property property="widgetListType" label="$LOCALIZE[31148]">wraplist</property>
    <property property="widgetListType" label="$LOCALIZE[37792]">list</property>
    <property property="widgetListType" label="$LOCALIZE[37793]">fixedlist</property>
    
    <!-- Override Actions Because Im A Dummy Who Doesnt Know The Correct Window IDs To Use -->
    <override action="ActivateWindow(3201)">
        <condition>true</condition>
        <action>ActivateWindow(1111)</action>
    </override>
    
    <override action="ActivateWindow(3202)">
        <condition>true</condition>
        <action>ActivateWindow(1112)</action>
    </override>
    
    <override action="ActivateWindow(3204)">
        <condition>true</condition>
        <action>ActivateWindow(1104)</action>
    </override>
    
    <override action="ActivateWindow(3205)">
        <condition>true</condition>
        <action>ActivateWindow(1105)</action>
    </override>
    
    <!-- Browse for Backgrounds -->
    <backgroundBrowse>True</backgroundBrowse>
    <background label="::PLAYLIST::">playlistBackground</background>
    
    <!-- Warning to Remove Settings -->
    <warn heading="31176" message="31177">ActivateWindow(Settings)</warn>
    
    <!-- Icon Overrides -->
    <icon labelID="tvhub">special://skin/extras/icons/tv.png</icon>
    <icon labelID="moviehub">special://skin/extras/icons/film.png</icon>
    <icon labelID="livetv">special://skin/extras/icons/livetv.png</icon>
    <icon labelID="radio">special://skin/extras/icons/radio.png</icon>
    <icon labelID="weather">special://skin/extras/icons/sun.png</icon>
    <icon labelID="settings">special://skin/extras/icons/settings.png</icon>
    <icon labelID="13200">special://skin/extras/icons/actor.png</icon>
    <icon labelID="10007">special://skin/extras/icons/sysinfo.png</icon>
    <icon labelID="1036">special://skin/extras/icons/favourites.png</icon>
    <icon labelID="626">special://skin/extras/icons/recentlyadded.png</icon>
    <icon labelID="10504">special://skin/extras/icons/top100.png</icon>
    <icon labelID="10505">special://skin/extras/icons/top100.png</icon>
    <icon labelID="480">special://skin/extras/icons/eye.png</icon>
    <icon labelID="3">special://skin/extras/icons/film.png</icon>
    <icon labelID="19020">special://skin/extras/icons/livetv.png</icon>
    <icon labelID="2">special://skin/extras/icons/songs.png</icon>
    <icon labelID="1">special://skin/extras/icons/pictures.png</icon>
    <icon labelID="8">special://skin/extras/icons/sun.png</icon>
    <icon labelID="24001">special://skin/extras/icons/addons.png</icon>
    <icon labelID="14036">special://skin/extras/icons/network.png</icon>
    <icon labelID="13000">special://skin/extras/icons/configure.png</icon>
    <icon labelID="20077">special://skin/extras/icons/year.png</icon>
    <icon labelID="13013">special://skin/extras/icons/power.png</icon>
    <icon labelID="13005">special://skin/extras/icons/power.png</icon>
    <icon labelID="13016">special://skin/extras/icons/power.png</icon>
    <icon labelID="13009">special://skin/extras/icons/power.png</icon>
    <icon labelID="13010">special://skin/extras/icons/power.png</icon>
    <icon labelID="13011">special://skin/extras/icons/power.png</icon>
    <icon labelID="20126">special://skin/extras/icons/power.png</icon>
    <icon labelID="360">special://skin/extras/icons/eye.png</icon>
    <icon labelID="13014">special://skin/extras/icons/sort-up.png</icon>
    <icon labelID="20045">special://skin/extras/icons/artist.png</icon>
    <icon labelID="600">special://skin/extras/icons/cd.png</icon>
    <icon labelID="32046">special://skin/extras/icons/update.png</icon>
    <icon labelID="32047">special://skin/extras/icons/update.png</icon>
    <icon labelID="32055">special://skin/extras/icons/wand.png</icon>
    <icon labelID="32056">special://skin/extras/icons/wand.png</icon>
    <icon image="DefaultShortcut.png">special://skin/extras/icons/addtile.png</icon>
    <icon image="DefaultVideo.png">special://skin/extras/icons/video.png</icon>
    <icon image="DefaultMovies.png">special://skin/extras/icons/film.png</icon>
    <icon image="DefaultTVShows.png">special://skin/extras/icons/tv.png</icon>
    <icon image="DefaultAudio.png">special://skin/extras/icons/songs.png</icon>
    <icon image="DefaultMusicAlbums.png">special://skin/extras/icons/songs.png</icon>
    <icon image="DefaultMusicVideos.png">special://skin/extras/icons/musicvideo.png</icon>
    <icon image="DefaultPicture.png">special://skin/extras/icons/pictures.png</icon>
    <icon image="DefaultProgram.png">special://skin/extras/icons/addons.png</icon>
    <icon image="DefaultDVDFull.png">special://skin/extras/icons/cd.png</icon>
    <icon image="DefaultFolder.png">special://skin/extras/icons/files.png</icon>
    <icon image="UnknownUser.png">special://skin/extras/icons/actor.png</icon>
    <icon image="DefaultVideoPlaylists.png">special://skin/extras/icons/playlist.png</icon>
    <icon image="DefaultMusicPlaylists.png">special://skin/extras/icons/playlist.png</icon>
    <icon image="DefaultRecentlyAddedMovies.png">special://skin/extras/icons/recentlyadded.png</icon>
    <icon image="DefaultActor.png">special://skin/extras/icons/artist.png</icon>
    <icon image="DefaultCountry.png">special://skin/extras/icons/world.png</icon>
    <icon image="DefaultDirector.png">special://skin/extras/icons/director.png</icon>
    <icon image="DefaultGenre.png">special://skin/extras/icons/genre.png</icon>
    <icon image="DefaultMusicGenre.png">special://skin/extras/icons/audiogenre.png</icon>
    <icon image="DefaultSets.png">special://skin/extras/icons/sets.png</icon>
    <icon image="DefaultStudios.png">special://skin/extras/icons/director.png</icon>
    <icon image="DefaultTags.png">special://skin/extras/icons/tags.png</icon>
    <icon image="DefaultMovieTitle.png">special://skin/extras/icons/film.png</icon>
    <icon image="DefaultTVShowTitle.png">special://skin/extras/icons/tv.png</icon>
    <icon image="DefaultMusicVideoTitle.png">special://skin/extras/icons/musicvideo.png</icon>
    <icon image="DefaultYear.png">special://skin/extras/icons/year.png</icon>
    <icon image="DefaultRecentlyAddedEpisodes.png">special://skin/extras/icons/recentlyadded.png</icon>
    <icon image="DefaultRecentlyAddedMusicVideos.png">special://skin/extras/icons/recentlyadded.png</icon>
    <icon image="DefaultInProgressShows.png">special://skin/extras/icons/recentlyadded.png</icon>
    <icon image="DefaultMusicArtists.png">special://skin/extras/icons/artist.png</icon>
    <icon image="DefaultMusicGenres.png">special://skin/extras/icons/audiogenre.png</icon>
    <icon image="DefaultMusicSongs.png">special://skin/extras/icons/song.png</icon>
    <icon image="DefaultMusicYears.png">special://skin/extras/icons/years.png</icon>
    <icon image="DefaultMusicTop100.png">special://skin/extras/icons/top100.png</icon>
    <icon image="DefaultMusicRecentlyAdded.png">special://skin/extras/icons/recentlyadded.png</icon>
    <icon image="DefaultMusicRecentlyPlayed.png">special://skin/extras/icons/recent.png</icon>
    <icon image="DefaultAddonVideo.png">special://skin/extras/icons/video-addons.png</icon>
    <icon image="DefaultAddonMusic.png">special://skin/extras/icons/songs.png</icon>
    <icon image="DefaultAddonProgram.png">special://skin/extras/icons/addons.png</icon>
    <!-- Thumbs -->
    <thumbnail label="3dtv.png">special://skin/extras/icons/3dtv.png</thumbnail>
    <thumbnail label="actor.png">special://skin/extras/icons/actor.png</thumbnail>
    <thumbnail label="addons.png">special://skin/extras/icons/addons.png</thumbnail>
    <thumbnail label="antenna.png">special://skin/extras/icons/antenna.png</thumbnail>
    <thumbnail label="arcade.png">special://skin/extras/icons/arcade.png</thumbnail>
    <thumbnail label="artist.png">special://skin/extras/icons/artist.png</thumbnail>
    <thumbnail label="audiogenre.png">special://skin/extras/icons/audiogenre.png</thumbnail>
    <thumbnail label="battery.png">special://skin/extras/icons/battery.png</thumbnail>
    <thumbnail label="brightness.png">special://skin/extras/icons/brightness.png</thumbnail>
    <thumbnail label="compass.png">special://skin/extras/icons/compass.png</thumbnail>
    <thumbnail label="configure.png">special://skin/extras/icons/configure.png</thumbnail>
    <thumbnail label="contrast.png">special://skin/extras/icons/contrast.png</thumbnail>
    <thumbnail label="crosshair.png">special://skin/extras/icons/crosshair.png</thumbnail>
    <thumbnail label="database.png">special://skin/extras/icons/database.png</thumbnail>
    <thumbnail label="director.png">special://skin/extras/icons/director.png</thumbnail>
    <thumbnail label="download.png">special://skin/extras/icons/download.png</thumbnail>
    <thumbnail label="equalizer.png">special://skin/extras/icons/equalizer.png</thumbnail>
    <thumbnail label="error.png">special://skin/extras/icons/error.png</thumbnail>
    <thumbnail label="eye.png">special://skin/extras/icons/eye.png</thumbnail>
    <thumbnail label="favourites.png">special://skin/extras/icons/favourites.png</thumbnail>
    <thumbnail label="files.png">special://skin/extras/icons/files.png</thumbnail>
    <thumbnail label="film.png">special://skin/extras/icons/film.png</thumbnail>
    <thumbnail label="flask2.png">special://skin/extras/icons/flask2.png</thumbnail>
    <thumbnail label="flask.png">special://skin/extras/icons/flask.png</thumbnail>
    <thumbnail label="forbidden.png">special://skin/extras/icons/forbidden.png</thumbnail>
    <thumbnail label="fullscreen.png">special://skin/extras/icons/fullscreen.png</thumbnail>
    <thumbnail label="games.png">special://skin/extras/icons/games.png</thumbnail>
    <thumbnail label="genre.png">special://skin/extras/icons/genre.png</thumbnail>
    <thumbnail label="hd.png">special://skin/extras/icons/hd.png</thumbnail>
    <thumbnail label="home.png">special://skin/extras/icons/home.png</thumbnail>
    <thumbnail label="info.png">special://skin/extras/icons/info.png</thumbnail>
    <thumbnail label="keyboard.png">special://skin/extras/icons/keyboard.png</thumbnail>
    <thumbnail label="keys.png">special://skin/extras/icons/keys.png</thumbnail>
    <thumbnail label="lightbulb2.png">special://skin/extras/icons/lightbulb2.png</thumbnail>
    <thumbnail label="lightbulb.png">special://skin/extras/icons/lightbulb.png</thumbnail>
    <thumbnail label="livetv.png">special://skin/extras/icons/livetv.png</thumbnail>
    <thumbnail label="location-star.png">special://skin/extras/icons/location-star.png</thumbnail>
    <thumbnail label="logout.png">special://skin/extras/icons/logout.png</thumbnail>
    <thumbnail label="map.png">special://skin/extras/icons/map.png</thumbnail>
    <thumbnail label="musicvideo.png">special://skin/extras/icons/musicvideo.png</thumbnail>
    <thumbnail label="mute.png">special://skin/extras/icons/mute.png</thumbnail>
    <thumbnail label="network.png">special://skin/extras/icons/network.png</thumbnail>
    <thumbnail label="octo.png">special://skin/extras/icons/octo.png</thumbnail>
    <thumbnail label="pictures.png">special://skin/extras/icons/pictures.png</thumbnail>
    <thumbnail label="play2.png">special://skin/extras/icons/play2.png</thumbnail>
    <thumbnail label="playlist.png">special://skin/extras/icons/playlist.png</thumbnail>
    <thumbnail label="play.png">special://skin/extras/icons/play.png</thumbnail>
    <thumbnail label="power.png">special://skin/extras/icons/power.png</thumbnail>
    <thumbnail label="quote.png">special://skin/extras/icons/quote.png</thumbnail>
    <thumbnail label="radio.png">special://skin/extras/icons/radio.png</thumbnail>
    <thumbnail label="recentlyadded.png">special://skin/extras/icons/recentlyadded.png</thumbnail>
    <thumbnail label="recent.png">special://skin/extras/icons/recent.png</thumbnail>
    <thumbnail label="rocket2.png">special://skin/extras/icons/rocket2.png</thumbnail>
    <thumbnail label="rocket.png">special://skin/extras/icons/rocket.png</thumbnail>
    <thumbnail label="search.png">special://skin/extras/icons/search.png</thumbnail>
    <thumbnail label="settings.png">special://skin/extras/icons/settings.png</thumbnail>
    <thumbnail label="signpost.png">special://skin/extras/icons/signpost.png</thumbnail>
    <thumbnail label="song.png">special://skin/extras/icons/song.png</thumbnail>
    <thumbnail label="songs.png">special://skin/extras/icons/songs.png</thumbnail>
    <thumbnail label="sort-up.png">special://skin/extras/icons/sort-up.png</thumbnail>
    <thumbnail label="soundwave.png">special://skin/extras/icons/soundwave.png</thumbnail>
    <thumbnail label="sun.png">special://skin/extras/icons/sun.png</thumbnail>
    <thumbnail label="swissarmy.png">special://skin/extras/icons/swissarmy.png</thumbnail>
    <thumbnail label="sysinfo.png">special://skin/extras/icons/sysinfo.png</thumbnail>
    <thumbnail label="timer.png">special://skin/extras/icons/timer.png</thumbnail>
    <thumbnail label="title.png">special://skin/extras/icons/title.png</thumbnail>
    <thumbnail label="top100.png">special://skin/extras/icons/top100.png</thumbnail>
    <thumbnail label="tvguide.png">special://skin/extras/icons/tvguide.png</thumbnail>
    <thumbnail label="tv.png">special://skin/extras/icons/tv.png</thumbnail>
    <thumbnail label="update.png">special://skin/extras/icons/update.png</thumbnail>
    <thumbnail label="video-addons.png">special://skin/extras/icons/video-addons.png</thumbnail>
    <thumbnail label="volume.png">special://skin/extras/icons/volume.png</thumbnail>
    <thumbnail label="wand.png">special://skin/extras/icons/wand.png</thumbnail>
    <thumbnail label="warning.png">special://skin/extras/icons/warning.png</thumbnail>
    <thumbnail label="wifi.png">special://skin/extras/icons/wifi.png</thumbnail>
    <thumbnail label="wizard.png">special://skin/extras/icons/wizard.png</thumbnail>
    <thumbnail label="world.png">special://skin/extras/icons/world.png</thumbnail>
    <thumbnail label="year.png">special://skin/extras/icons/year.png</thumbnail>
    <thumbnail label="years.png">special://skin/extras/icons/years.png</thumbnail>
    <thumbnail label="youtube.png">special://skin/extras/icons/youtube.png</thumbnail>
    <thumbnail label="3dtv.png">special://skin/extras/icons/3dtv.png</thumbnail>
    <thumbnail label="3.png">special://skin/extras/icons/3.png</thumbnail>
    <thumbnail label="actor.png">special://skin/extras/icons/actor.png</thumbnail>
    <thumbnail label="addons.png">special://skin/extras/icons/addons.png</thumbnail>
    <thumbnail label="addtile.png">special://skin/extras/icons/addtile.png</thumbnail>
    <thumbnail label="android.png">special://skin/extras/icons/android.png</thumbnail>
    <thumbnail label="antenna.png">special://skin/extras/icons/antenna.png</thumbnail>
    <thumbnail label="apple.png">special://skin/extras/icons/apple.png</thumbnail>
    <thumbnail label="arcade.png">special://skin/extras/icons/arcade.png</thumbnail>
    <thumbnail label="artist.png">special://skin/extras/icons/artist.png</thumbnail>
    <thumbnail label="audiogenre.png">special://skin/extras/icons/audiogenre.png</thumbnail>
    <thumbnail label="battery.png">special://skin/extras/icons/battery.png</thumbnail>
    <thumbnail label="bbc.png">special://skin/extras/icons/bbc.png</thumbnail>
    <thumbnail label="beer.png">special://skin/extras/icons/beer.png</thumbnail>
    <thumbnail label="bookmark.png">special://skin/extras/icons/bookmark.png</thumbnail>
    <thumbnail label="bookmarks.png">special://skin/extras/icons/bookmarks.png</thumbnail>
    <thumbnail label="bookmark-star.png">special://skin/extras/icons/bookmark-star.png</thumbnail>
    <thumbnail label="brightness.png">special://skin/extras/icons/brightness.png</thumbnail>
    <thumbnail label="cloudmusic.png">special://skin/extras/icons/cloudmusic.png</thumbnail>
    <thumbnail label="cloud.png">special://skin/extras/icons/cloud.png</thumbnail>
    <thumbnail label="coins.png">special://skin/extras/icons/coins.png</thumbnail>
    <thumbnail label="compass.png">special://skin/extras/icons/compass.png</thumbnail>
    <thumbnail label="configure.png">special://skin/extras/icons/configure.png</thumbnail>
    <thumbnail label="contrast.png">special://skin/extras/icons/contrast.png</thumbnail>
    <thumbnail label="creditcard.png">special://skin/extras/icons/creditcard.png</thumbnail>
    <thumbnail label="crosshair.png">special://skin/extras/icons/crosshair.png</thumbnail>
    <thumbnail label="dailymotion.png">special://skin/extras/icons/dailymotion.png</thumbnail>
    <thumbnail label="database.png">special://skin/extras/icons/database.png</thumbnail>
    <thumbnail label="director.png">special://skin/extras/icons/director.png</thumbnail>
    <thumbnail label="download.png">special://skin/extras/icons/download.png</thumbnail>
    <thumbnail label="equalizer.png">special://skin/extras/icons/equalizer.png</thumbnail>
    <thumbnail label="error.png">special://skin/extras/icons/error.png</thumbnail>
    <thumbnail label="espn.png">special://skin/extras/icons/espn.png</thumbnail>
    <thumbnail label="eye.png">special://skin/extras/icons/eye.png</thumbnail>
    <thumbnail label="facebook.png">special://skin/extras/icons/facebook.png</thumbnail>
    <thumbnail label="favourites.png">special://skin/extras/icons/favourites.png</thumbnail>
    <thumbnail label="files.png">special://skin/extras/icons/files.png</thumbnail>
    <thumbnail label="film.png">special://skin/extras/icons/film.png</thumbnail>
    <thumbnail label="flask2.png">special://skin/extras/icons/flask2.png</thumbnail>
    <thumbnail label="flask.png">special://skin/extras/icons/flask.png</thumbnail>
    <thumbnail label="forbidden.png">special://skin/extras/icons/forbidden.png</thumbnail>
    <thumbnail label="fullscreen.png">special://skin/extras/icons/fullscreen.png</thumbnail>
    <thumbnail label="games.png">special://skin/extras/icons/games.png</thumbnail>
    <thumbnail label="genre.png">special://skin/extras/icons/genre.png</thumbnail>
    <thumbnail label="grooveshark.png">special://skin/extras/icons/grooveshark.png</thumbnail>
    <thumbnail label="hd.png">special://skin/extras/icons/hd.png</thumbnail>
    <thumbnail label="home.png">special://skin/extras/icons/home.png</thumbnail>
    <thumbnail label="hulu.png">special://skin/extras/icons/hulu.png</thumbnail>
    <thumbnail label="icefilms.png">special://skin/extras/icons/icefilms.png</thumbnail>
    <thumbnail label="infinity.png">special://skin/extras/icons/infinity.png</thumbnail>
    <thumbnail label="info.png">special://skin/extras/icons/info.png</thumbnail>
    <thumbnail label="instagram.png">special://skin/extras/icons/instagram.png</thumbnail>
    <thumbnail label="iview.png">special://skin/extras/icons/iview.png</thumbnail>
    <thumbnail label="keyboard.png">special://skin/extras/icons/keyboard.png</thumbnail>
    <thumbnail label="keys.png">special://skin/extras/icons/keys.png</thumbnail>
    <thumbnail label="lastfm.png">special://skin/extras/icons/lastfm.png</thumbnail>
    <thumbnail label="lazytv.png">special://skin/extras/icons/lazytv.png</thumbnail>
    <thumbnail label="lazytv-words.png">special://skin/extras/icons/lazytv-words.png</thumbnail>
    <thumbnail label="lightbulb2.png">special://skin/extras/icons/lightbulb2.png</thumbnail>
    <thumbnail label="lightbulb.png">special://skin/extras/icons/lightbulb.png</thumbnail>
    <thumbnail label="livetv.png">special://skin/extras/icons/livetv.png</thumbnail>
    <thumbnail label="location-star.png">special://skin/extras/icons/location-star.png</thumbnail>
    <thumbnail label="logout.png">special://skin/extras/icons/logout.png</thumbnail>
    <thumbnail label="mame.png">special://skin/extras/icons/mame.png</thumbnail>
    <thumbnail label="map.png">special://skin/extras/icons/map.png</thumbnail>
    <thumbnail label="musicvideo.png">special://skin/extras/icons/musicvideo.png</thumbnail>
    <thumbnail label="mute.png">special://skin/extras/icons/mute.png</thumbnail>
    <thumbnail label="netflix.png">special://skin/extras/icons/netflix.png</thumbnail>
    <thumbnail label="network.png">special://skin/extras/icons/network.png</thumbnail>
    <thumbnail label="newspaper.png">special://skin/extras/icons/newspaper.png</thumbnail>
    <thumbnail label="nfl.png">special://skin/extras/icons/nfl.png</thumbnail>
    <thumbnail label="octo.png">special://skin/extras/icons/octo.png</thumbnail>
    <thumbnail label="ouya.png">special://skin/extras/icons/ouya.png</thumbnail>
    <thumbnail label="pandora no words.png">special://skin/extras/icons/pandora no words.png</thumbnail>
    <thumbnail label="pandora.png">special://skin/extras/icons/pandora.png</thumbnail>
    <thumbnail label="pictures.png">special://skin/extras/icons/pictures.png</thumbnail>
    <thumbnail label="play2.png">special://skin/extras/icons/play2.png</thumbnail>
    <thumbnail label="playlist.png">special://skin/extras/icons/playlist.png</thumbnail>
    <thumbnail label="play.png">special://skin/extras/icons/play.png</thumbnail>
    <thumbnail label="playstation.png">special://skin/extras/icons/playstation.png</thumbnail>
    <thumbnail label="plex.png">special://skin/extras/icons/plex.png</thumbnail>
    <thumbnail label="plus7.png">special://skin/extras/icons/plus7.png</thumbnail>
    <thumbnail label="power.png">special://skin/extras/icons/power.png</thumbnail>
    <thumbnail label="pseudotv-live.png">special://skin/extras/icons/pseudotv-live.png</thumbnail>
    <thumbnail label="pseudotv.png">special://skin/extras/icons/pseudotv.png</thumbnail>
    <thumbnail label="quote.png">special://skin/extras/icons/quote.png</thumbnail>
    <thumbnail label="radio.png">special://skin/extras/icons/radio.png</thumbnail>
    <thumbnail label="recentlyadded.png">special://skin/extras/icons/recentlyadded.png</thumbnail>
    <thumbnail label="recent.png">special://skin/extras/icons/recent.png</thumbnail>
    <thumbnail label="rocket2.png">special://skin/extras/icons/rocket2.png</thumbnail>
    <thumbnail label="rocket.png">special://skin/extras/icons/rocket.png</thumbnail>
    <thumbnail label="search.png">special://skin/extras/icons/search.png</thumbnail>
    <thumbnail label="sets.png">special://skin/extras/icons/sets.png</thumbnail>
    <thumbnail label="settings.png">special://skin/extras/icons/settings.png</thumbnail>
    <thumbnail label="shipping.png">special://skin/extras/icons/shipping.png</thumbnail>
    <thumbnail label="signpost.png">special://skin/extras/icons/signpost.png</thumbnail>
    <thumbnail label="skype.png">special://skin/extras/icons/skype.png</thumbnail>
    <thumbnail label="song.png">special://skin/extras/icons/song.png</thumbnail>
    <thumbnail label="songs.png">special://skin/extras/icons/songs.png</thumbnail>
    <thumbnail label="songza.png">special://skin/extras/icons/songza.png</thumbnail>
    <thumbnail label="sort-up.png">special://skin/extras/icons/sort-up.png</thumbnail>
    <thumbnail label="soundcloud.png">special://skin/extras/icons/soundcloud.png</thumbnail>
    <thumbnail label="soundwave.png">special://skin/extras/icons/soundwave.png</thumbnail>
    <thumbnail label="spotify.png">special://skin/extras/icons/spotify.png</thumbnail>
    <thumbnail label="stream-music.png">special://skin/extras/icons/stream-music.png</thumbnail>
    <thumbnail label="stream-video.png">special://skin/extras/icons/stream-video.png</thumbnail>
    <thumbnail label="sun.png">special://skin/extras/icons/sun.png</thumbnail>
    <thumbnail label="supernes.png">special://skin/extras/icons/supernes.png</thumbnail>
    <thumbnail label="swissarmy.png">special://skin/extras/icons/swissarmy.png</thumbnail>
    <thumbnail label="sysinfo.png">special://skin/extras/icons/sysinfo.png</thumbnail>
    <thumbnail label="timer.png">special://skin/extras/icons/timer.png</thumbnail>
    <thumbnail label="title.png">special://skin/extras/icons/title.png</thumbnail>
    <thumbnail label="top100.png">special://skin/extras/icons/top100.png</thumbnail>
    <thumbnail label="trakttv.png">special://skin/extras/icons/trakttv.png</thumbnail>
    <thumbnail label="tvguide.png">special://skin/extras/icons/tvguide.png</thumbnail>
    <thumbnail label="tv.png">special://skin/extras/icons/tv.png</thumbnail>
    <thumbnail label="twitch.png">special://skin/extras/icons/twitch.png</thumbnail>
    <thumbnail label="twitter.png">special://skin/extras/icons/twitter.png</thumbnail>
    <thumbnail label="update.png">special://skin/extras/icons/update.png</thumbnail>
    <thumbnail label="ustvnow.png">special://skin/extras/icons/ustvnow.png</thumbnail>
    <thumbnail label="vevo.png">special://skin/extras/icons/vevo.png</thumbnail>
    <thumbnail label="video-addons.png">special://skin/extras/icons/video-addons.png</thumbnail>
    <thumbnail label="vimeo.png">special://skin/extras/icons/vimeo.png</thumbnail>
    <thumbnail label="volume.png">special://skin/extras/icons/volume.png</thumbnail>
    <thumbnail label="wand.png">special://skin/extras/icons/wand.png</thumbnail>
    <thumbnail label="warning.png">special://skin/extras/icons/warning.png</thumbnail>
    <thumbnail label="wifi.png">special://skin/extras/icons/wifi.png</thumbnail>
    <thumbnail label="wii.png">special://skin/extras/icons/wii.png</thumbnail>
    <thumbnail label="windows.png">special://skin/extras/icons/windows.png</thumbnail>
    <thumbnail label="wizard.png">special://skin/extras/icons/wizard.png</thumbnail>
    <thumbnail label="world.png">special://skin/extras/icons/world.png</thumbnail>
    <thumbnail label="xbox.png">special://skin/extras/icons/xbox.png</thumbnail>
    <thumbnail label="year.png">special://skin/extras/icons/year.png</thumbnail>
    <thumbnail label="years.png">special://skin/extras/icons/years.png</thumbnail>
    <thumbnail label="youtube.png">special://skin/extras/icons/youtube.png</thumbnail>
    
    <!-- GROUPINGS -->
    <groupings>        
        <node label="32029">
            <shortcut label="3" type="3" icon="DefaultVideo.png">ActivateWindow(Videos,VideoLibrary)</shortcut>
			<shortcut label="342" type="20342" icon="DefaultMovies.png">ActivateWindow(Videos,videodb://movies/titles/,return)</shortcut>
			<shortcut label="20343" type="20343" icon="DefaultTVShows.png">ActivateWindow(Videos,videodb://tvshows/titles/,return)</shortcut>
			<shortcut label="2" type="2" icon="DefaultAddonMusic.png">ActivateWindow(Music,musicdb://,return)</shortcut>
			<shortcut label="133" type="2" icon="DefaultMusicArtists.png">ActivateWindow(Music,musicdb://artists/,return)</shortcut>
			<shortcut label="132" type="2" icon="DefaultMusicAlbums.png">ActivateWindow(Music,musicdb://albums/,return)</shortcut>
			<shortcut label="20389" type="20389" icon="DefaultMusicVideos.png">ActivateWindow(Videos,videodb://musicvideos/titles/,return)</shortcut>
			<shortcut label="20244" type="10001" icon="DefaultAddonProgram.png" condition="System.Platform.Android">ActivateWindow(Programs,androidapp://sources/apps,return)</shortcut>
			<shortcut label="LibreELEC" type="10001" icon="DefaultLibreELEC.png" condition="System.AddonIsEnabled(service.libreelec.settings)">RunAddon(service.libreelec.settings)</shortcut>
			<shortcut label="CoreELEC" type="10001" icon="DefaultCoreELEC.png" condition="System.AddonIsEnabled(service.coreelec.settings)">RunAddon(service.coreelec.settings)</shortcut>
			<shortcut label="10001" type="10001" icon="DefaultAddonProgram.png">ActivateWindow(Programs,Addons,return)</shortcut>
			<shortcut label="1037" type="1037" icon="DefaultAddonVideo.png">ActivateWindow(Videos,Addons,return)</shortcut>
			<shortcut label="1038" type="1038" icon="DefaultAddonMusic.png">ActivateWindow(MusicLibrary,Addons,return)</shortcut>
			<shortcut label="1039" type="1039" icon="DefaultAddonPicture.png">ActivateWindow(Pictures,Addons,return)</shortcut>
			<shortcut label="10821" type="10821" icon="DefaultAddonGame.png">ActivateWindow(Games)</shortcut>  
            <shortcut label="4" type="4" icon="DefaultAddonTvInfo.png">ActivateWindow(TVGuide)</shortcut>
			<shortcut label="19023" type="19023" icon="DefaultAddonTvInfo.png">ActivateWindow(TVChannels)</shortcut>
			<shortcut label="1" type="1" icon="DefaultPicture.png">ActivateWindow(Pictures)</shortcut>
			<shortcut label="12600" type="12600" icon="DefaultAddonWeather.png">ActivateWindow(Weather)</shortcut>
            <shortcut label="33060" type="33060" icon="DefaultAddonNone.png">ActivateWindow(shutdownmenu)</shortcut>
			<shortcut label="341" type="341" icon="DefaultVCD.png">PlayDisc</shortcut>                     
            <shortcut label="31193" type="TVHub" icon="special://skin/extras/icons/tv.png">ActivateWindow(1112)</shortcut>
            <shortcut label="31192" type="MovieHub" icon="special://skin/extras/icons/film.png">ActivateWindow(1111)</shortcut>
            <shortcut label="Hub 1119" type="Hub 1119" icon="special://skin/extras/icons/addons.png">ActivateWindow(1119)</shortcut>
            <shortcut label="Hub 1118" type="Hub 1118" icon="special://skin/extras/icons/addons.png">ActivateWindow(1118)</shortcut>
            <shortcut label="Hub 1117" type="Hub 1117" icon="special://skin/extras/icons/addons.png">ActivateWindow(1117)</shortcut>
            <shortcut label="Hub 1116" type="Hub 1116" icon="special://skin/extras/icons/addons.png">ActivateWindow(1116)</shortcut>
            <shortcut label="Hub 1115" type="Hub 1115" icon="special://skin/extras/icons/addons.png">ActivateWindow(1115)</shortcut>
            <shortcut label="Hub 1114" type="Hub 1114" icon="special://skin/extras/icons/addons.png">ActivateWindow(1114)</shortcut>
            <shortcut label="Hub 1113" type="Hub 1113" icon="special://skin/extras/icons/addons.png">ActivateWindow(1113)</shortcut>
            <shortcut label="31212" type="themoviedb.org episodes" icon="special://skin/extras/icons/director.png">ActivateWindow(1105)</shortcut>
            <shortcut label="31208" type="themoviedb.org movies" icon="special://skin/extras/icons/director.png">ActivateWindow(1104)</shortcut>
            <shortcut label="$LOCALIZE[37909]" type="32010" icon="special://skin/extras/icons/shipping.png">||BROWSE||script.skin.helper.service/?action=smartshortcuts</shortcut>     
        </node>
        <node label="32030">
            <content>video</content>
            <node label="32040">
                <content>playlist-video</content>
            </node>
            <node label="32010">
                <shortcut label="1037" type="32014" icon="DefaultAddonVideo.png">ActivateWindow(Videos,Addons,return)</shortcut>
                <content>addon-video</content>
            </node>
            <node label="32075">
                <content>videosources</content>
                <content>upnp-video</content>
            </node>
        </node>
        <node label="32031">
            <content>music</content>
            <node label="32040">
                <content>playlist-audio</content>
            </node>
            <node label="32011">
                <shortcut label="1038" type="32019" icon="DefaultAddonMusic.png">ActivateWindow(MusicLibrary,Addons,return)</shortcut>
                <content>addon-audio</content>
            </node>
            <node label="32075">
                <content>musicsources</content>
                <content>upnp-music</content>
            </node>
        </node>	
        <node label="32017" condition="System.GetBool(pvrmanager.enabled)" version="13">
            <content>pvr</content>
            <node label="19023">
                <content>pvr-tv</content>
            </node>
            <node label="19024">
                <content>pvr-radio</content>
            </node>
        </node>
        <node label="32017" condition="PVR.HasTVChannels" version="14">
            <content>pvr</content>
            <node label="19023">
                <content>pvr-tv</content>
            </node>
        </node>
        <node label="32087" condition="PVR.HasRadioChannels" version="14">
            <content>radio</content>
            <node label="19024">
                <content>pvr-radio</content>
            </node>
        </node>
        <node label="32020">
            <content>picturesources</content>
        </node>
        <node label="32007">
            <node label="32009">
                <shortcut label="10001" type="32021" icon="DefaultAddonProgram.png">ActivateWindow(Programs,Addons,return)</shortcut>
                <content>addon-program</content>
            </node>
            <node label="32010">
                <shortcut label="1037" type="32014" icon="DefaultAddonVideo.png">ActivateWindow(Videos,Addons,return)</shortcut>
                <content>addon-video</content>
            </node>
            <node label="32011">
                <shortcut label="1038" type="32019" icon="DefaultAddonMusic.png">ActivateWindow(MusicLibrary,Addons,return)</shortcut>
                <content>addon-audio</content>
            </node>
            <node label="32012">
                <shortcut label="1039" type="32020" icon="DefaultAddonPicture.png">ActivateWindow(Pictures,Addons,return)</shortcut>
                <content>addon-image</content>
            </node>
        </node>
        <node label="1036">
            <shortcut label="1036" type="1036" icon="favourites.png">ActivateWindow(Favourites)</shortcut>
            <content>favourite</content>
        </node>
        <node label="10821">
            <shortcut label="10821" type="32021" icon="DefaultAddonGame.png">ActivateWindow(Games)</shortcut>
        </node>
        <node label="400">
            <shortcut label="400" type="400" icon="DefaultAddonWeather.png">ActivateWindow(Weather)</shortcut>
        </node>
        <node label="10004">
            <content>settings</content>
            <shortcut label="LibreELEC" type="10001" icon="DefaultLibreELEC.png" condition="System.AddonIsEnabled(service.libreelec.settings)">RunAddon(service.libreelec.settings)</shortcut>
			<shortcut label="CoreELEC" type="10001" icon="DefaultCoreELEC.png" condition="System.AddonIsEnabled(service.coreelec.settings)">RunAddon(service.coreelec.settings)</shortcut>
        </node>
        <node label="32054">
            <content>commands</content>
            <shortcut label="37703" type="10001" icon="special://skin/extras/icons/sysinfo.png">RebootToAndroid</shortcut>
            <shortcut label="341" type="427" icon="special://skin/extras/icons/vcd.png">PlayDisc</shortcut>
            <shortcut label="13391" type="427" icon="special://skin/extras/icons/vcd_eject.png">EjectTray()</shortcut>
        </node>
    </groupings>
    
    <widget-groupings>
        <node label="$LOCALIZE[342]">        
            <shortcut widget="MoviesTitles" type="37929" label="10024" icon="DefaultMovies.png" widgetTarget="video">library://video/movies/titles.xml</shortcut>
            <shortcut widget="NewMovies" type="37929" label="37560" icon="DefaultRecentlyAddedMovies.png" widgetTarget="video">special://skin/extras/playlists/NewMovies.xsp</shortcut>
            <shortcut widget="NewUnwatchedMovies" type="37929" label="37769" icon="DefaultRecentlyAddedMovies.png" widgetTarget="video">special://skin/extras/playlists/NewUnwatchedMovies.xsp</shortcut>
            <shortcut widget="RecentMovies" type="37929" label="37561" icon="DefaultMusicRecentlyPlayed.png" widgetTarget="video">special://skin/extras/playlists/RecentMovies.xsp</shortcut>
            <shortcut widget="RandomMovies" type="37929" label="37562" icon="DefaultMovies.png" widgetTarget="video">special://skin/extras/playlists/RandomMovies.xsp</shortcut>
            <shortcut widget="InProgressMovies" type="37929" label="37563" icon="special://skin/extras/icons/timer.png" widgetTarget="video">special://skin/extras/playlists/InProgressMovies.xsp</shortcut>
            <shortcut widget="TopRatedMovies" type="37929" label="37564" icon="special://skin/extras/icons/favourites.png" widgetTarget="video">special://skin/extras/playlists/TopRatedMovies.xsp</shortcut>
            <shortcut widget="Top20UserRatedMovies" type="37929" label="37765" icon="special://skin/extras/icons/favourites.png" widgetTarget="video">special://skin/extras/playlists/Top20UserRatedMovies.xsp</shortcut>
            <shortcut widget="Top250Movies" type="37929" label="37565" icon="special://skin/extras/icons/favourites.png" widgetTarget="video">special://skin/extras/playlists/Top250Movies.xsp</shortcut>
            <shortcut widget="UnwatchedMovies" type="37929" label="37566" icon="DefaultMovies.png" widgetTarget="video">special://skin/extras/playlists/UnwatchedMovies.xsp</shortcut>
            <shortcut widget="MovieSets" type="37929" label="37567" icon="DefaultMovies.png" widgetTarget="video">videodb://movies/sets/</shortcut>
            <shortcut widget="RecommendedMovies" type="37929" label="$ADDON[service.library.data.provider 32006]" icon="DefaultMovies.png" widgetTarget="video" condition="System.AddonIsEnabled(service.library.data.provider)">plugin://service.library.data.provider?type=recommendedmovies&amp;reload=$INFO[Window.Property(recommendedmovies)]</shortcut>
            <shortcut widget="Embuary" type="37929" label="$ADDON[script.embuary.helper 32013]" icon="DefaultMovies.png" widgetTarget="video">plugin://script.embuary.helper/?info=getinprogress&amp;type=movie&amp;reload=$INFO[Window(Home).Property(EmbuaryWidgetUpdate)]</shortcut>
            <shortcut widget="Embuary" type="37929" label="$ADDON[script.embuary.helper 32007]" icon="DefaultMovies.png" widgetTarget="video">plugin://script.embuary.helper/?info=getsimilar&amp;type=movie&amp;reload=$INFO[Window(Home).Property(EmbuaryWidgetUpdate)]</shortcut>
            <shortcut widget="Embuary" type="37929" label="$ADDON[script.embuary.helper 32014]" icon="DefaultMovies.png" widgetTarget="video">plugin://script.embuary.helper/?info=getsimilar&amp;type=movie&amp;pos=0&amp;reload=$INFO[Window(Home).Property(EmbuaryWidgetUpdate)]</shortcut>
            <shortcut widget="Embuary" type="37929" label="$ADDON[script.embuary.helper 32009]" icon="DefaultMovies.png" widgetTarget="video">plugin://script.embuary.helper/?info=getbygenre&amp;type=movie&amp;reload=$INFO[Window(Home).Property(EmbuaryWidgetUpdate)]</shortcut>
            <shortcut widget="Embuary" type="37929" label="$ADDON[script.embuary.helper 32012]" icon="DefaultMovies.png" widgetTarget="video">plugin://script.embuary.helper/?info=getbyargs&amp;sort_args=%7B%22order%22%3A+%22descending%22%2C+%22method%22%3A+%22rating%22%7D&amp;type=movie&amp;limit=50&amp;reload=$INFO[Window(Home).Property(EmbuaryWidgetUpdate)]</shortcut>
            <shortcut widget="Embuary" type="37929" label="$ADDON[script.embuary.info 32042]" icon="DefaultMovies.png" widgetTarget="video">plugin://script.embuary.info/movie/trending </shortcut>
            <shortcut widget="Embuary" type="37929" label="$ADDON[script.embuary.info 32032]" icon="DefaultMovies.png" widgetTarget="video">plugin://script.embuary.info/movie/popular</shortcut> 
            <shortcut widget="Embuary" type="37929" label="$ADDON[script.embuary.info 32029]" icon="DefaultMovies.png" widgetTarget="video">plugin://script.embuary.info/movie/top_rated</shortcut> 
            <shortcut widget="Embuary" type="37929" label="$ADDON[script.embuary.info 32050]" icon="DefaultMovies.png" widgetTarget="video">plugin://script.embuary.info/discover/movie/all</shortcut>           
            <shortcut widget="mysubmenu" type="37929" label="135" icon="special://skin/extras/icons/genre.png" widgetTarget="video">library://video/movies/genres.xml</shortcut>
            <shortcut widget="Embuary" type="37929" label="37914" icon="DefaultGenre.png" widgetTarget="video">plugin://script.embuary.helper/?info=getgenre&amp;type=movie</shortcut>
        </node>
        <node label="20343">
            <node label="20343">
                <shortcut widget="TvShowsTitles" type="37929" label="10024" icon="DefaultMovies.png" widgetTarget="video">library://video/tvshows/titles.xml</shortcut>
                <shortcut widget="NewTvShows" type="37929" label="37568" icon="DefaultRecentlyAddedMovies.png" widgetTarget="video">special://skin/extras/playlists/NewShows.xsp</shortcut>
                <shortcut widget="NewUnwatchedTvShows" type="37929" label="37771" icon="DefaultRecentlyAddedMovies.png" widgetTarget="video">special://skin/extras/playlists/NewUnwatchedShows.xsp</shortcut>
                <shortcut widget="RecentTvShows" type="37929" label="37569" icon="DefaultMusicRecentlyPlayed.png" widgetTarget="video">special://skin/extras/playlists/RecentTvShows.xsp</shortcut>
                <shortcut widget="InProgress" type="37929" label="37570" icon="special://skin/extras/icons/timer.png" widgetTarget="video">special://skin/extras/playlists/InProgressTvShows.xsp</shortcut>
                <shortcut widget="RandomTvShows" type="37929" label="37571" icon="DefaultTVShows.png" widgetTarget="video">special://skin/extras/playlists/RandomTvShows.xsp</shortcut>
                <shortcut widget="TopRatedTvShows" type="37929" label="37572" icon="DefaultTVShows.png" widgetTarget="video">special://skin/extras/playlists/TopRatedTvShows.xsp</shortcut>
                <shortcut widget="Embuary" type="37929" label="$ADDON[script.embuary.helper 32012]" icon="DefaultTVShows.png" widgetTarget="video">plugin://script.embuary.helper/?info=getbyargs&amp;sort_args=%7B%22order%22%3A+%22descending%22%2C+%22method%22%3A+%22rating%22%7D&amp;type=tvshow&amp;limit=50&amp;reload=$INFO[Window(Home).Property(EmbuaryWidgetUpdate)]</shortcut>
                <shortcut widget="Embuary" type="37929" label="$ADDON[script.embuary.info 32043]" icon="DefaultTVShows.png" widgetTarget="video">plugin://script.embuary.info/tv/trending</shortcut>
                <shortcut widget="Embuary" type="37929" label="$ADDON[script.embuary.info 32034]" icon="DefaultTVShows.png" widgetTarget="video">plugin://script.embuary.info/tv/popular</shortcut> 
                <shortcut widget="Embuary" type="37929" label="$ADDON[script.embuary.info 32033]" icon="DefaultTVShows.png" widgetTarget="video">plugin://script.embuary.info/tv/top_rated</shortcut>                
                <shortcut widget="Embuary" type="37929" label="$ADDON[script.embuary.info 32051]" icon="DefaultTVShows.png" widgetTarget="video">plugin://script.embuary.info/discover/tv/all</shortcut>
                <shortcut widget="Embuary" type="37929" label="37914" icon="DefaultGenre.png" widgetTarget="video">plugin://script.embuary.helper/?info=getgenre&amp;type=tvshow</shortcut>
            </node>
            <node label="20360">
                <shortcut widget="NewEpisodes" type="37929" label="37573" icon="DefaultRecentlyAddedMovies.png" widgetTarget="video">special://skin/extras/playlists/NewEpisodes.xsp</shortcut>
                <shortcut widget="NewUnwatchedEpisodes" type="37929" label="37770" icon="DefaultRecentlyAddedMovies.png" widgetTarget="video">special://skin/extras/playlists/NewUnwatchedEpisodes.xsp</shortcut>
                <shortcut widget="Recent Episodes" type="37929" label="37574" icon="DefaultMusicRecentlyPlayed.png" widgetTarget="video">special://skin/extras/playlists/RecentEpisodes.xsp</shortcut>
                <shortcut widget="RandomEpisodes" type="37929" label="37575" icon="DefaultTVShows.png" widgetTarget="video">special://skin/extras/playlists/RandomEpisodes.xsp</shortcut>
                <shortcut widget="UnwatchedEpisodes" type="37929" label="37576" icon="DefaultTVShows.png" widgetTarget="video">special://skin/extras/playlists/UnwatchedEpisodes.xsp</shortcut>
                <shortcut widget="InProgressEpisodes" type="37929" label="37577" icon="special://skin/extras/icons/timer.png" widgetTarget="video">special://skin/extras/playlists/InProgressEpisodes.xsp</shortcut>
                <shortcut widget="TopRatedEpisodes" type="37929" label="37578" icon="DefaultTVShows.png" widgetTarget="video">special://skin/extras/playlists/TopRatedEpisodes.xsp</shortcut>
                <shortcut widget="RecommendedEpisodes" type="37929" label="$ADDON[service.library.data.provider 32010]" icon="DefaultTVShows.png" widgetTarget="video" condition="System.AddonIsEnabled(service.library.data.provider)">plugin://service.library.data.provider?type=recommendedepisodes&amp;reload=$INFO[Window.Property(recommendedepisodes)]</shortcut>                
                <shortcut widget="Embuary" type="37929" label="$ADDON[script.embuary.helper 32013]" icon="DefaultTVShows.png" widgetTarget="video">plugin://script.embuary.helper/?info=getinprogress&amp;type=tvshow&amp;reload=$INFO[Window(Home).Property(EmbuaryWidgetUpdate)]</shortcut>
                <shortcut widget="Embuary" type="37929" label="$ADDON[script.embuary.helper 32008]" icon="DefaultTVShows.png" widgetTarget="video">plugin://script.embuary.helper/?info=getnextup&amp;type=tvshow&amp;reload=$INFO[Window(Home).Property(EmbuaryWidgetUpdate)]</shortcut>
                <shortcut widget="Embuary" type="37929" label="$ADDON[script.embuary.info 32059]" icon="DefaultTVShows.png" widgetTarget="video">plugin://script.embuary.info/nextaired/week</shortcut>
            </node>
        </node>
        <node label="$LOCALIZE[37910]" condition="System.AddonIsEnabled(script.skin.helper.widgets)">			
            <shortcut label="$ADDON[script.skin.helper.widgets 32078]" type="37929" icon="DefaultMovies.png" widget="library" widgetType="mixed" widgetTarget="video">plugin://script.skin.helper.widgets/?action=recentshowsandmovies&amp;mediatype=media&amp;tag=&amp;reload=$INFO[Window(Home).Property(widgetreload-movies)]</shortcut>
            <shortcut label="$ADDON[script.skin.helper.widgets 32079]" type="37929" icon="DefaultMovies.png" widget="library" widgetType="mixed" widgetTarget="video">plugin://script.skin.helper.widgets/?action=randomshowsandmovies&amp;mediatype=media&amp;tag=&amp;reload=$INFO[Window(Home).Property(widgetreload-movies)]</shortcut>
            <shortcut label="$ADDON[script.skin.helper.widgets 32088]" type="37929" icon="DefaultMovies.png" widget="library" widgetType="mixed" widgetTarget="video">plugin://script.skin.helper.widgets/?action=unwatchedshowsandmovies&amp;mediatype=media&amp;tag=&amp;reload=$INFO[Window(Home).Property(widgetreload-movies)]</shortcut>
            <shortcut label="$ADDON[script.skin.helper.widgets 32084]" type="37929" icon="DefaultMovies.png" widget="library" widgetType="mixed" widgetTarget="video">plugin://script.skin.helper.widgets/?action=recommendedmoviesandshows&amp;mediatype=media&amp;tag=&amp;reload=$INFO[Window(Home).Property(widgetreload-movies)]</shortcut>
            <shortcut label="$ADDON[script.skin.helper.widgets 32070]" type="37929" icon="DefaultMovies.png" widget="library" widgetType="mixed" widgetTarget="video">plugin://script.skin.helper.widgets/?action=inprogressshowsandmovies&amp;mediatype=media&amp;tag=&amp;reload=$INFO[Window(Home).Property(widgetreload-movies)]</shortcut>
            <shortcut label="$ADDON[script.skin.helper.widgets 32080]" type="37929" icon="DefaultMovies.png" widget="library" widgetType="mixed" widgetTarget="video">plugin://script.skin.helper.widgets/?action=inprogressepisodesandmovies&amp;mediatype=media&amp;tag=&amp;reload=$INFO[Window(Home).Property(widgetreload-movies)]</shortcut>
		</node>
        <node label="$LOCALIZE[37942]" condition="System.AddonIsEnabled(service.library.data.provider)">
            <shortcut widget="RandomMoviesAndEpisodes" type="37929" label="37943" icon="DefaultMovies.png" widgetTarget="video">plugin://service.library.data.provider?type=randommovies+randomepisodes&amp;reload=$INFO[Window.Property(randommovies)]$INFO[Window.Property(randomepisodes)]</shortcut>            
            <shortcut widget="RecentVideos" type="37929" label="37944" icon="DefaultMovies.png" widgetTarget="video">plugin://service.library.data.provider?type=recentvideos&amp;reload=$INFO[Window.Property(recentvideos)]</shortcut>
        </node>        
        <node label="$LOCALIZE[249]">
            <node label="$LOCALIZE[132]">
                <shortcut widget="NewAlbums" type="37929" label="37580" icon="DefaultMusicRecentlyAdded.png" widgetType="albums" widgetTarget="music">musicdb://recentlyaddedalbums/</shortcut>
                <shortcut widget="RecentAlbums" type="37929" label="37581" icon="DefaultMusicRecentlyPlayed.png" widgetType="albums" widgetTarget="music">musicdb://recentlyplayedalbums/</shortcut>
                <shortcut widget="TopAlbums" type="37929" label="37582" icon="DefaultMusicAlbums.png" widgetType="albums" widgetTarget="music">musicdb://top100/albums/</shortcut>
                <shortcut widget="RandomAlbums" type="37929" label="37583" icon="DefaultMusicAlbums.png" widgetType="albums" widgetTarget="music">special://skin/extras/playlists/RandomAlbums.xsp</shortcut>
                <shortcut widget="RecommendedAlbums" type="37929" label="$ADDON[service.library.data.provider 32018]" icon="DefaultMusicAlbums.png" widgetTarget="music" condition="System.AddonIsEnabled(service.library.data.provider)">plugin://service.library.data.provider?type=recommendedalbums&amp;reload=$INFO[Window.Property(recommendedalbums)]</shortcut> 
            </node>
            <node label="$LOCALIZE[134]">
                <shortcut widget="TopSongs" type="37929" label="37729" icon="DefaultMusicSongs.png" widgetTarget="music">musicdb://top100/songs/</shortcut>
                <shortcut widget="RandomSongs" type="37929" label="37730" icon="DefaultMusicSongs.png" widgetTarget="music">special://skin/extras/playlists/RandomSongs.xsp</shortcut>
                <shortcut widget="RecentlyAddedSongs" type="37929" label="37911" icon="DefaultMusicSongs.png" widgetTarget="music">special://skin/extras/playlists/RecentlyAddedSongs.xsp</shortcut>
                <shortcut widget="MostPlayedSongs.xsp" type="37929" label="37912" icon="DefaultMusicSongs.png" widgetTarget="music">special://skin/extras/playlists/MostPlayedSongs.xsp</shortcut>
            </node>
        </node>
        <node label="37762">
            <node label="133">
                <shortcut widget="RandomArtists" type="37929" label="37584" icon="DefaultMusicArtists.png" widgetType="artists" widgetTarget="music">special://skin/extras/playlists/RandomArtists.xsp</shortcut>
                <shortcut widget="RandomArtistsBiography" type="37929" label="37761" icon="DefaultMusicArtists.png" widgetType="artists" widgetTarget="music">special://skin/extras/playlists/RandomArtistsBiography.xsp</shortcut>
                <shortcut widget="RecentlyAddedArtists" type="37929" label="37763" icon="DefaultMusicArtists.png" widgetType="artists" widgetTarget="music">special://skin/extras/playlists/RecentlyAddedArtists.xsp</shortcut>
                <shortcut widget="RecentlyAddedArtistsBiography" type="37929" label="37764" icon="DefaultMusicArtists.png" widgetType="artists" widgetTarget="music">special://skin/extras/playlists/RecentlyAddedArtistsBiography.xsp</shortcut>
            </node>
            <node label="344">
                <shortcut widget="RandomActors" type="37929" label="344" icon="DefaultMusicArtists.png" widgetType="actors" widgetTarget="video">library://video/movies/actors.xml/</shortcut>
                <shortcut widget="RandomActors" type="37929" label="37768" icon="DefaultMusicArtists.png" widgetType="actors" widgetTarget="video">videodb://movies/actors/</shortcut>
                <shortcut widget="RandomActors" type="37929" label="$ADDON[script.embuary.info 32057]" icon="DefaultMusicArtists.png" widgetTarget="video">plugin://script.embuary.info/discover/person</shortcut>
            </node>
        </node>
        <node label="31103">
            <shortcut widget="LastPlayedChannels" type="37929" label="37558" icon="DefaultTVShows.png" widgetTarget="pvr">pvr://channels/tv/*?view=lastplayed</shortcut>
            <shortcut widget="AllChannels" type="37929" label="37559" icon="DefaultTVShows.png" widgetTarget="pvr">pvr://channels/tv/*</shortcut>
            <shortcut widget="AllChannelGroups" type="37929" label="19173" icon="DefaultTVShows.png" widgetTarget="tvguide">pvr://channels/tv/</shortcut>
            <shortcut widget="GTO" label="37924" type="37929" icon="DefaultTVShows.png" condition="System.AddonIsEnabled(script.service.gto)" widgetTarget="pvr">plugin://script.service.gto?action=getcontent&amp;ts=$INFO[Window(Home).Property(GTO.timestamp)]</shortcut>
        </node>
        <node label="8">
            <shortcut label="$LOCALIZE[37732]" type="37929" icon="sun.png" widget="weatherdaily" condition="!String.IsEmpty(Window(Weather).Property(Daily.IsFetched))" widgetType="widget" widgetTarget="weather">$INCLUDE[skinshortcuts-template-WeatherDailyInfoContent]</shortcut>
            <shortcut label="$LOCALIZE[37733]" type="37929" icon="sun.png" widget="weatherhourly" condition="!String.IsEmpty(Window(Weather).Property(Hourly.IsFetched))" widgetType="widget" widgetTarget="weather">$INCLUDE[skinshortcuts-template-WeatherHourlyInfoContent]</shortcut>
        </node>
        <node label="$LOCALIZE[130]">
            <shortcut widget="systeminfo" type="37929" label="$LOCALIZE[130]" icon="special://skin/extras/icons/sysinfo.png" widgetType="system" widgetTarget="system">$INCLUDE[skinshortcuts-template-SystemInfoContent]</shortcut>
        </node>
        <node label="$LOCALIZE[1034]" condition="String.IsEqual(Window(Home).Property(skinshortcuts-Widget),1)">
            <shortcut widget="mysubmenu" type="37929" label="$LOCALIZE[1034]" icon="DefaultAddon.png" widgetType="addons" widgetTarget="programs">$INCLUDE[skinshortcuts-submenu]</shortcut>
            <shortcut widget="mysubmenu" type="37929" label="135" icon="special://skin/extras/icons/genre.png" widgetTarget="video">library://video/movies/genres.xml</shortcut>
        </node>
        <node label="32020">
            <content>picturesources</content>
        </node>
        <shortcut label="37557" icon="DefaultFolder.png" condition="System.AddonIsEnabled(script.skin.helper.service)">||BROWSE||script.skin.helper.service/?action=widgets&amp;path=skinplaylists,librarydataprovider,scriptwidgets,smartshortcuts,pvr</shortcut>
        <shortcut label="32107" condition="!System.HasAddon(script.skin.helper.service)">::INSTALL::script.skin.helper.service</shortcut>
        <node label="32030">
            <content>video</content>
            <node label="32040">
                <content>playlist-video</content>
            </node>
            <node label="32010">
                <content>addon-video</content>
            </node>
            <node label="32075">
                <content>videosources</content>
            </node>
        </node>
        <node label="32031">
            <content>music</content>
            <node label="32040">
                <content>playlist-audio</content>
            </node>
            <node label="32011">
                <content>addon-audio</content>
            </node>
            <node label="32075">
                <content>musicsources</content>
            </node>
        </node>
        <node label="1036">
            <shortcut label="$LOCALIZE[1036]" type="37929" icon="DefaultFavourites.png" widget="favourites" widgetType="favourite" widgetTarget="video">favourites://</shortcut>
        </node>
        <node label="32007">
            <node label="32010">
                <content>addon-video</content>
            </node>
            <node label="32011">
                <content>addon-audio</content>
            </node>
            <node label="32012">
                <content>addon-image</content>
            </node>
            <node label="32009">
                <content>addon-program-plugin</content>
            </node>
            <shortcut label="10001" type="32021" icon="DefaultAddonProgram.png" widget="addon" widgetType="program" widgetTarget="programs">addons://sources/executable/</shortcut>
            <shortcut label="20244" type="32021" icon="DefaultAddonProgram.png" widget="addon" widgetType="program" widgetTarget="programs" condition="System.Platform.Android">androidapp://sources/apps/</shortcut>
            <shortcut label="1037" type="32014" icon="DefaultAddonVideo.png" widget="addon" widgetType="video" widgetTarget="video">addons://sources/video/</shortcut>
            <shortcut label="1038" type="32019" icon="DefaultAddonMusic.png" widget="addon" widgetType="music" widgetTarget="music">addons://sources/audio/</shortcut>
            <shortcut label="1039" type="32020" icon="DefaultAddonPicture.png" widget="addon" widgetType="picture" widgetTarget="pictures">addons://sources/image/</shortcut>
        </node>
        <node label="$LOCALIZE[37951]">
            <shortcut label="$LOCALIZE[37951]" type="37929" icon="DefaultAddonProgram.png" widget="custom" widgetTarget="video" widgetType="custom" condition="String.IsEqual(Window(Home).Property(skinshortcuts-Widget),1)">$INCLUDE[skinshortcuts-submenu-1]</shortcut>
            <shortcut label="$LOCALIZE[37951]" type="37929" icon="DefaultAddonProgram.png" widget="custom" widgetTarget="video" widgetType="custom" condition="String.IsEqual(Window(Home).Property(skinshortcuts-Widget),2)">$INCLUDE[skinshortcuts-submenu-2]</shortcut>
            <shortcut label="$LOCALIZE[37951]" type="37929" icon="DefaultAddonProgram.png" widget="custom" widgetTarget="video" widgetType="custom" condition="String.IsEqual(Window(Home).Property(skinshortcuts-Widget),3)">$INCLUDE[skinshortcuts-submenu-3]</shortcut>
            <shortcut label="$LOCALIZE[37951]" type="37929" icon="DefaultAddonProgram.png" widget="custom" widgetTarget="video" widgetType="custom" condition="String.IsEqual(Window(Home).Property(skinshortcuts-Widget),4)">$INCLUDE[skinshortcuts-submenu-4]</shortcut>
            <shortcut label="$LOCALIZE[37951]" type="37929" icon="DefaultAddonProgram.png" widget="custom" widgetTarget="video" widgetType="custom" condition="String.IsEqual(Window(Home).Property(skinshortcuts-Widget),5)">$INCLUDE[skinshortcuts-submenu-5]</shortcut>
            <shortcut label="$LOCALIZE[37951]" type="37929" icon="DefaultAddonProgram.png" widget="custom" widgetTarget="video" widgetType="custom" condition="String.IsEqual(Window(Home).Property(skinshortcuts-Widget),6)">$INCLUDE[skinshortcuts-submenu-6]</shortcut>
        </node>
    </widget-groupings>
    
    <!-- OnBack Action Override -->
    <onback to="9101">9451</onback>
    <onback to="9101">9401</onback>
    <onback to="9101">9402</onback>
    <onback to="9101">9403</onback>
    <onback to="9101">9404</onback>
    <onback to="9101">4196</onback>
    <onback to="9101">10030</onback>
    <onback to="9101">10301</onback>
    <onback to="9101">10001</onback>
    <onback to="9102">4197</onback>
    <onback to="9102">9345</onback>
    <onback to="9102">9521</onback>
    <onback to="9102">9572</onback>
    <onback to="9102">9573</onback>
    <onback to="9102">4195</onback>
    <onback to="9102">9792</onback>
    <onback to="9102">9793</onback>
    <onback to="9102">10031</onback>
    <onback to="9102">10302</onback>
    <onback to="9102">10002</onback>
    <onback to="9103">4198</onback>
    <onback to="9103">9346</onback>
    <onback to="9103">9621</onback>
    <onback to="9103">9602</onback>
    <onback to="9103">9603</onback>
    <onback to="9103">4194</onback>
    <onback to="9103">10032</onback>
    <onback to="9103">10303</onback>
    <onback to="9103">10003</onback>
    <onback to="9104">4199</onback>
    <onback to="9104">9358</onback>
    <onback to="9104">9721</onback>
    <onback to="9104">9702</onback>
    <onback to="9104">9703</onback>
    <onback to="9104">4193</onback>
    <onback to="9104">10033</onback>
    <onback to="9104">10304</onback>
    <onback to="9104">10004</onback>
    <onback to="9105">4590</onback>
    <onback to="9105">4591</onback>
    <onback to="9105">9821</onback>
    <onback to="9105">9802</onback>
    <onback to="9105">9803</onback>
    <onback to="9105">4593</onback>
    <onback to="9105">10034</onback>
    <onback to="9105">10305</onback>
    <onback to="9105">10005</onback>    
    <onback to="9101">406</onback>
    <onback to="9102">407</onback>
    <onback to="9103">408</onback>
    <onback to="9104">409</onback>
    <onback to="9105">410</onback>    
    <onback to="9106">11001</onback>
    <onback to="9106">11002</onback>
    <onback to="9106">11003</onback>
    <onback to="9106">11004</onback>
    <onback to="9106">11005</onback>
    <onback to="9106">11006</onback>
    <onback to="9106">11007</onback>
    <onback to="9106">11008</onback>
    <onback to="9106">11009</onback>
    <onback to="9106">11011</onback>
</overrides>