<?xml version="1.0" encoding="UTF-8"?>
<!-- Foundation -->
<includes>

    <include name="View_515_SideCards">
        <description>List View (id=515)</description>
        <control type="group">
            <include>Animation.Common</include>
            <visible>Control.IsVisible(515)</visible>
            <!--<include>JumpBarHorizontal</include>-->
            <include>ViewSlideForJumpBar</include>
            <control type="group">
                <control type="list" id="515">
                    <!--<oninfo condition="ListItem.IsCollection">ActivateWindow(1132)</oninfo>-->
                    <visible>String.Contains(Container.FolderPath,plugin://plugin.program.advanced.launcher/,left) | Container.Content(musicvideos) | Container.Content(movies) | Container.Content(videos) | Container.Content(tvshows) | [Container.Content(episodes) + !String.Contains(Container.FolderPath,plugin://,left)] | Container.Content(sets) | Container.Content(seasons)</visible>
                    <top>206</top>
                    <height>670</height>
                    <left>70</left>
                    <right>70</right>
                    <onleft>515</onleft>
                    <onright>515</onright>
                    <onup condition="!Skin.HasSetting(global.kioskmode)">9000</onup>
                    <ondown>1671</ondown>
                    <orientation>horizontal</orientation>
                    <pagecontrol>1671</pagecontrol>
                    <preloaditems>2</preloaditems>
                    <include content="forced_view" condition="Skin.HasSetting(enable.forcedviews)">
                        <param name="string" value="$LOCALIZE[37773]" />
                    </include>
                    <viewtype label="37773">list</viewtype>
                    <include>ScrolltimeViewsList</include>
                    <itemlayout width="445" height="655">
                        <control type="image">
                            <left>5</left>
                            <top>-2</top>
                            <width>437</width>
                            <height>12</height>
                            <texture background="true">common/$VAR[background_top]</texture>
                        </control>
                        <control type="image">
                            <left>5</left>
                            <bottom>-2</bottom>
                            <width>437</width>
                            <height>12</height>
                            <texture background="true" flipy="true">common/$VAR[background_top]</texture>
                        </control>
                        <control type="image">
                            <left>-10</left>
                            <top>10</top>
                            <width>20</width>
                            <height>635</height>
                            <texture background="true">common/$VAR[background_side]</texture>
                        </control>
                        <control type="image">
                            <right>-10</right>
                            <top>10</top>
                            <width>20</width>
                            <height>635</height>
                            <texture background="true" flipx="true">common/$VAR[background_side]</texture>
                        </control>
                        <control type="image">
                            <left>10</left>
                            <top>10</top>
                            <right>10</right>
                            <bottom>10</bottom>
                            <texture colordiffuse="Dark4" border="5">common/box.png</texture>
                        </control>
                        <control type="image">
                            <left>10</left>
                            <top>10</top>
                            <width>425</width>
                            <height>238</height>
                            <aspectratio scalediffuse="false">scale</aspectratio>
                            <texture background="true">$VAR[FanartImage]</texture>
                            <visible>true</visible><!--default_true-->
                        </control>
                        <control type="image">
                            <left>10</left>
                            <top>10</top>
                            <width>425</width>
                            <height>238</height>
                            <aspectratio scalediffuse="false">keep</aspectratio>
                            <texture background="true">$INFO[ListItem.Icon]</texture>
                            <visible>false</visible><!--default_false-->  
                        </control>
                        <control type="image">
                            <left>9</left>
                            <top>9</top>
                            <right>9</right>
                            <bottom>9</bottom>
                            <texture colordiffuse="Box2" border="4">common/box21.png</texture>
                            <visible>!Skin.HasSetting(thumbnails.white)</visible>
                        </control>
                        <control type="label">
                            <align>center</align>
                            <aligny>center</aligny>
                            <width>50</width>
                            <right>7</right>
                            <top>6</top>
                            <height>50</height>
                            <textcolor>WatchedIconsList</textcolor>
                            <selectedcolor>WatchedIconsList</selectedcolor>
                            <font>SymbolPoster</font>
                            <label>$VAR[WatchedLabelList]</label>
                            <visible>!String.IsEqual(ListItem.Label,..)</visible>
                        </control>
                        <control type="label">
                            <left>40</left>
                            <right>40</right>
                            <top>270</top>
                            <height>50</height>
                            <align>left</align>
                            <font>SmallBold</font>
                            <textcolor>Dark1</textcolor>
                            <selectedcolor>Dark1</selectedcolor>
                            <label>$INFO[ListItem.Label]</label>
                        </control>
                        <control type="textbox">
                            <left>40</left>
                            <right>40</right>
                            <top>340</top>
                            <height>220</height>
                            <align>left</align>
                            <font>Tiny</font>
                            <autoscroll>false</autoscroll>
                            <textcolor>Dark2</textcolor>
                            <selectedcolor>Dark2</selectedcolor>
                            <label>$INFO[ListItem.Plot]</label>
                        </control>
                        <control type="label">
                            <left>40</left>
                            <right>40</right>
                            <bottom>35</bottom>
                            <aligny>center</aligny>
                            <height>38</height>
                            <align>right</align>
                            <font>Tiny</font>
                            <textcolor>Dark1</textcolor>
                            <selectedcolor>Dark1</selectedcolor>
                            <visible>!String.IsEqual(ListItem.Label,..)</visible>
                            <label fallback="19055">$VAR[LabelYear,,  •  ]$VAR[LabelDuration,,  •  ]$INFO[ListItem.Rating]</label>
                        </control>
                    </itemlayout>
                    <focusedlayout width="445" height="655">
                        <control type="image">
                            <left>5</left>
                            <top>-2</top>
                            <width>437</width>
                            <height>12</height>
                            <texture background="true">common/$VAR[background_top]</texture>
                        </control>
                        <control type="image">
                            <left>5</left>
                            <bottom>-2</bottom>
                            <width>437</width>
                            <height>12</height>
                            <texture background="true" flipy="true">common/$VAR[background_top]</texture>
                        </control>
                        <control type="image">
                            <left>-10</left>
                            <top>10</top>
                            <width>20</width>
                            <height>635</height>
                            <texture background="true">common/$VAR[background_side]</texture>
                        </control>
                        <control type="image">
                            <right>-10</right>
                            <top>10</top>
                            <width>20</width>
                            <height>635</height>
                            <texture background="true" flipx="true">common/$VAR[background_side]</texture>
                        </control>
                        <control type="image">
                            <left>10</left>
                            <top>10</top>
                            <right>10</right>
                            <bottom>10</bottom>
                            <texture colordiffuse="Dark1" border="5">common/box.png</texture>
                        </control>
                        <control type="image">
                            <left>10</left>
                            <top>10</top>
                            <width>425</width>
                            <height>238</height>
                            <aspectratio scalediffuse="false">scale</aspectratio>
                            <texture background="true">$VAR[FanartImage]</texture>
                            <visible>true</visible><!--default_true-->
                        </control>
                        <control type="image">
                            <left>10</left>
                            <top>10</top>
                            <width>425</width>
                            <height>238</height>
                            <aspectratio scalediffuse="false">keep</aspectratio>
                            <texture background="true">$INFO[ListItem.Icon]</texture>
                            <visible>false</visible><!--default_false-->  
                        </control>
                        <control type="image">
                            <left>9</left>
                            <top>9</top>
                            <right>9</right>
                            <bottom>9</bottom>
                            <texture colordiffuse="Box2" border="4">common/box21.png</texture>
                            <visible>!Skin.HasSetting(thumbnails.white)</visible>
                        </control>
                        <control type="label">
                            <align>center</align>
                            <aligny>center</aligny>
                            <width>50</width>
                            <right>7</right>
                            <top>6</top>
                            <height>50</height>
                            <textcolor>WatchedIconsList</textcolor>
                            <selectedcolor>WatchedIconsList</selectedcolor>
                            <font>SymbolPoster</font>
                            <label>$VAR[WatchedLabelList]</label>
                            <visible>!String.IsEqual(ListItem.Label,..)</visible>
                        </control>
                        <control type="label">
                            <left>40</left>
                            <right>40</right>
                            <top>270</top>
                            <height>50</height>
                            <align>left</align>
                            <font>SmallBold</font>
                            <textcolor>Light1</textcolor>
                            <selectedcolor>Light1</selectedcolor>
                            <label>$INFO[ListItem.Label]</label>
                        </control>
                        <control type="textbox">
                            <left>40</left>
                            <right>40</right>
                            <top>340</top>
                            <height>220</height>
                            <align>left</align>
                            <font>Tiny</font>
                            <textcolor>Light1</textcolor>
                            <selectedcolor>Light2</selectedcolor>
                            <label>$INFO[ListItem.Plot]</label>
                        </control>
                        <control type="label">
                            <left>40</left>
                            <right>40</right>
                            <bottom>35</bottom>
                            <aligny>center</aligny>
                            <height>38</height>
                            <align>right</align>
                            <font>Tiny</font>
                            <textcolor>Light1</textcolor>
                            <selectedcolor>Light1</selectedcolor>
                            <visible>!String.IsEqual(ListItem.Label,..)</visible>
                            <label fallback="19055">$VAR[LabelYear,,  •  ]$VAR[LabelDuration,,  •  ]$INFO[ListItem.Rating]</label>
                        </control>
                    </focusedlayout>
                </control>
                <control type="scrollbar" id="1671">
                    <include content="scrollbar_hor">
                        <param name="scrollid" value="1671"/>
                    </include>
                </control>
            </control>
        </control>
    </include>
</includes>