<?xml version="1.0" encoding="UTF-8"?>
<!-- Foundation -->
<window id="2003">
    <defaultcontrol always="true">8</defaultcontrol>
    <onload condition="Control.IsVisible(9201)">SetFocus(9201)</onload>
    <onload condition="Control.IsVisible(9078)">SetFocus(9078)</onload>
    <onload>Control.Move(50,$INFO[Container(50).CurrentItem,-])</onload>
    <onload>Control.Move(50,1)</onload>
    <onload>Control.Move(9502,$INFO[Container(9502).CurrentItem,-])</onload>
    <onload>Control.Move(9502,1)</onload>
    <onload>Control.Move(9503,$INFO[Container(9503).CurrentItem,-])</onload>
    <onload>Control.Move(9503,1)</onload>
    <onload>Control.Move(9505,$INFO[Container(9505).CurrentItem,-])</onload>
    <onload>Control.Move(9505,1)</onload>
    <zorder>0</zorder>
    <onload>ClearProperty(videosimilar)</onload>
    <onload>ClearProperty(videostudio)</onload>
    <onload>ClearProperty(videoyoutube)</onload>
    <onload>ClearProperty(ShowDisc)</onload>
    <onunload>ClearProperty(SetUserRating,home)</onunload>
    <onunload>ClearProperty(SetUserRating2,home)</onunload>
    <onunload>ClearProperty(ShowDisc)</onunload>
    <onload>ClearProperty(content)</onload>
    <onload>ClearProperty(down)</onload>
    <onload condition="Skin.HasSetting(showartwork.video.tmdbhelper) + !Skin.HasSetting(hidebutton.video.fanart) + !String.IsEmpty(ListItem.Label)">SetProperty(Item_Title,$INFO[ListItem.Label],home)</onload>
    <onload condition="Skin.HasSetting(showartwork.video.tmdbhelper) + !Skin.HasSetting(hidebutton.video.fanart) + !String.IsEmpty(ListItem.Year)">SetProperty(Item_Year,$INFO[ListItem.Year],home)</onload>
    <onload condition="Skin.HasSetting(showartwork.video.tmdbhelper) + !Skin.HasSetting(hidebutton.video.fanart) + !String.IsEmpty(ListItem.DBTYPE)">SetProperty(Item_DBTYPE,$INFO[ListItem.DBTYPE],home)</onload>
    <onload condition="Skin.HasSetting(home.netflix.autoplay.trailer) + Skin.HasSetting(trailer.stop.on.dialogvideoinfo) + $EXP[TrailerIsPlaying] + Player.Playing">Stop</onload>
    <onload condition="Skin.HasSetting(home.netflix.autoplay.trailer) + Skin.HasSetting(trailer.pause.on.dialogvideoinfo) + $EXP[TrailerIsPlaying] + Player.Playing">Pause</onload>
    <onunload condition="Skin.HasSetting(home.netflix.autoplay.trailer) + Skin.HasSetting(trailer.pause.on.dialogvideoinfo) + $EXP[TrailerIsPlaying] + Player.Paused">Pause</onunload>
    <onunload>ClearProperty(Item_Title,home)</onunload>
    <onunload>ClearProperty(Item_Year,home)</onunload>
    <onunload>ClearProperty(Item_DBTYPE,home)</onunload>
    <controls>
        <include>DialogVideoInfoWIP</include>
        <include content="DialogInfoOverlay">
            <param name="headerinfo" value="$INFO[ListItem.Label]" />
            <param name="plotinfo" value="$INFO[ListItem.Tagline,[B],[/B][CR][CR]]$INFO[ListItem.Plot]" />
        </include>
        <include>Furniture_FlagsFromHome</include>
    </controls>
</window>
