<?xml version="1.0" encoding="UTF-8"?>
<!-- Foundation -->
<includes>

    <include name="514Content">
        <visible>Container.Content(artists) | Container.Content(albums) | Container.Content(movies) | Container.Content(tvshows)</visible>
        <top>306</top>
        <left>70</left>
        <width>1800</width>
        <height>330</height>
        <onup condition="!Skin.HasSetting(global.kioskmode)">9000</onup>
        <ondown>1616</ondown>
        <onleft>514</onleft>
        <onright>514</onright>
        <preloaditems>1</preloaditems>
        <pagecontrol>1616</pagecontrol>
        <orientation>horizontal</orientation>
        <focusposition>1</focusposition>
        <include content="forced_view" condition="Skin.HasSetting(enable.forcedviews)">
            <param name="string" value="$LOCALIZE[37710]" />
        </include>
        <viewtype label="37710">list</viewtype>
        <include>ScrolltimeViewsList</include>
        <itemlayout height="330" width="299.66">
            <control type="group">
                <top>5</top>
                <height>280</height>
                <width>280</width>
                <include content="include.widget.thumb">
                    <param name="id" value="514"/>
                </include>
            </control>
        </itemlayout>
        <focusedlayout height="330" width="299.66">
            <control type="group">
                <top>5</top>
                <height>280</height>
                <width>280</width>
                <include content="include.widget.thumb.focus">
                    <param name="id" value="514"/>
                </include>
            </control>
        </focusedlayout>
    </include>

    <include name="514Wrap">
        <control type="list" id="514">
            <include>514Content</include>
        </control>
    </include>

    <include name="514Fixed">
        <control type="fixedlist" id="514">
            <include>514Content</include>
        </control>
    </include>

    <include name="View_514_Albums">
        <description>List View (id=514)</description>
        <control type="group">
            <include>Animation.Common</include>
            <include>ViewSlideForJumpBar</include>
            <visible>Control.IsVisible(514)</visible>
            <control type="group">
                <control type="label">
                    <visible>[Skin.HasSetting(NotShowClearart514)] | [[String.IsEmpty(ListItem.Art(clearlogo)) + String.IsEmpty(ListItem.Art(artist.clearlogo)) + String.IsEmpty(ListItem.Art(tvshow.clearlogo))] + !Skin.HasSetting(NotShowClearart514)]</visible>
                    <top>220</top>
                    <include condition="!Skin.HasSetting(514NoCenter)">CenterInfo</include>
                    <left>SidePad</left>
                    <description>Header Label</description>
                    <textcolor>Dark1</textcolor>
                    <font>SmallBold</font>
                    <label fallback="19055">$INFO[ListItem.Label]</label>
                </control>
                <control type="image" description="clearlogo">
                    <animation effect="slide" start="0,0" end="-735,0" time="200" condition="Skin.HasSetting(514NoCenter)">Conditional</animation>
                    <visible>!Skin.HasSetting(NotShowClearart514) + [!String.IsEmpty(ListItem.Art(clearlogo)) | !String.IsEmpty(ListItem.Art(artist.clearlogo)) | !String.IsEmpty(ListItem.Art(tvshow.clearlogo))]</visible>
                    <top>180</top>
                    <width>275</width>
                    <left>815</left>
                    <aspectratio align="left" aligny="top">keep</aspectratio>
                    <texture background="true">$VAR[ClearLogoTopVar]</texture>
                    <fadetime>ClearArtFadetime</fadetime>
                </control>
                <control type="grouplist">
                    <visible>!String.IsEqual(ListItem.Label,..)</visible>
                    <left>SidePad</left>
                    <top>620</top>
                    <height>600</height>
                    <itemgap>0</itemgap>
                    <orientation>vertical</orientation>
                    <control type="label">
                        <visible>Container.Content(movies) | Container.Content(tvshows)</visible>
                        <height>36</height>
                        <font>Tiny</font>
                        <animation effect="slide" start="0,0" end="100,0" time="200" condition="!Skin.HasSetting(514NoCenter)">Conditional</animation>
                        <include condition="!Skin.HasSetting(514NoCenter)">CenterInfo</include>
                        <textcolor>Dark2</textcolor>
                        <label fallback="19055">$VAR[LabelTagline514]</label>
                    </control>
                    <control type="label">
                        <visible>Container.Content(movies) | Container.Content(tvshows)</visible>
                        <height>20</height>
                        <font>Tiny</font>
                        <textcolor>Dark2</textcolor>
                        <label/>
                    </control>
                    <control type="textbox">
                        <visible>[!String.IsEmpty(ListItem.Property(Artist_Description)) + Container.Content(artists)] | [!String.IsEmpty(ListItem.Property(Album_Description)) + Container.Content(albums)] | Container.Content(movies) | Container.Content(tvshows)</visible>
                        <left>SidePad</left>
                        <include condition="!Skin.HasSetting(514NoCenter)">CenterInfo</include>
                        <animation effect="slide" start="0,0" end="100,0" time="200" condition="!Skin.HasSetting(514NoCenter)">Conditional</animation>
                        <font>Tiny</font>
                        <height min="72" max="108">auto</height>
                        <textcolor>Dark2</textcolor>
                        <selectedcolor>Dark2</selectedcolor>
                        <label>$VAR[LabelArtistAlbumDescription]</label>
                    </control>
                    <control type="label">
                        <visible>!String.IsEmpty(ListItem.Property(Album_Description)) | !String.IsEmpty(ListItem.Property(Artist_Description)) | Container.Content(movies)| Container.Content(tvshows)</visible>
                        <height>16</height>
                        <font>Tiny</font>
                        <textcolor>Dark2</textcolor>
                        <label/>
                    </control>
                    <control type="label">
                        <height>36</height>
                        <font>Tiny</font>
                        <animation effect="slide" start="0,0" end="100,0" time="200" condition="!Skin.HasSetting(514NoCenter)">Conditional</animation>
                        <include condition="!Skin.HasSetting(514NoCenter)">CenterInfo</include>
                        <textcolor>Dark2</textcolor>
                        <label fallback="19055">$VAR[LabelArtistAlbum]</label>
                    </control>
                </control>
            </control>
            <control type="scrollbar" id="1616">
                <include content="scrollbar_hor">
                    <param name="scrollid" value="1616"/>
                </include>
            </control>
            <include condition="!Skin.HasSetting(514NoCenter)">514Wrap</include>
            <include condition="Skin.HasSetting(514NoCenter)">514Fixed</include>
        </control>
    </include>
</includes>
