<?xml version="1.0" encoding="UTF-8"?>
<!-- Foundation -->
<window type="dialog" id="1281">
    <defaultcontrol always="true">1000</defaultcontrol>
    <zorder>10</zorder>
    <controls>
        <include>GlobalOverlay</include>
        <include>Animation.Common</include>
        <control type="group">
            <posx>790</posx>
            <posy>200</posy>
            <include>Animation.FadeIn</include>
            <include>Animation.FadeOut</include>
            <control type="image">
                <posx>-770</posx>
                <posy>-270</posy>
                <width>1920</width>
                <height>1080</height>
                <texture>common/white.png</texture>
                <colordiffuse>Black</colordiffuse>
                <animation effect="fade" end="75" condition="true">Conditional</animation>
            </control>
            <control type="image">
                <posx>-18</posx>
                <posy>142</posy>
                <width>360</width>
                <height>440</height>
                <texture border="16" colordiffuse="White100">common/rounded-shadow8.png</texture>
            </control>
            <control type="label">
                <description>dialog Heading</description>
                <left>-35</left>
                <top>80</top>
                <width>390</width>
                <height>57</height>
                <aligny>center</aligny>
                <align>center</align>
                <font>SmallBold</font>
                <textcolor>PanelWhite100</textcolor>
                <label>$LOCALIZE[31124] (1-10)</label>
            </control>
            <control type="group" id="1000">
                <posx>12</posx>
                <posy>174</posy>
                <control type="button" id="11">
                    <description>1 button</description>
                    <posx>0</posx>
                    <posy>0</posy>
                    <width>96</width>
                    <height>90</height>
                    <include>DefKeyboardKeys</include>
                    <label>12311</label>
                    <onleft>23</onleft>
                    <onright>12</onright>
                    <onup>20</onup>
                    <ondown>14</ondown>
                    <include content="DefUpdateBlur">
                        <param name="number" value="1" />
                    </include>
                </control>
                <control type="button" id="12">
                    <description>2 button</description>
                    <posx>102</posx>
                    <posy>0</posy>
                    <width>96</width>
                    <height>90</height>
                    <include>DefKeyboardKeys</include>
                    <label>12312</label>
                    <onleft>11</onleft>
                    <onright>13</onright>
                    <onup>10</onup>
                    <ondown>15</ondown>
                    <include content="DefUpdateBlur">
                        <param name="number" value="2" />
                    </include>
                </control>
                <control type="button" id="13">
                    <description>3 button</description>
                    <posx>204</posx>
                    <posy>0</posy>
                    <width>96</width>
                    <height>90</height>
                    <include>DefKeyboardKeys</include>
                    <label>12313</label>
                    <onleft>12</onleft>
                    <onright>23</onright>
                    <onup>22</onup>
                    <ondown>16</ondown>
                    <include content="DefUpdateBlur">
                        <param name="number" value="3" />
                    </include>
                </control>
                <control type="button" id="14">
                    <description>4 button</description>
                    <posx>0</posx>
                    <posy>96</posy>
                    <width>96</width>
                    <height>90</height>
                    <include>DefKeyboardKeys</include>
                    <label>12314</label>
                    <onleft>23</onleft>
                    <onright>15</onright>
                    <onup>11</onup>
                    <ondown>17</ondown>
                    <include content="DefUpdateBlur">
                        <param name="number" value="4" />
                    </include>
                </control>
                <control type="button" id="15">
                    <description>5 button</description>
                    <posx>102</posx>
                    <posy>96</posy>
                    <width>96</width>
                    <height>90</height>
                    <include>DefKeyboardKeys</include>
                    <label>12315</label>
                    <onleft>14</onleft>
                    <onright>16</onright>
                    <onup>12</onup>
                    <ondown>18</ondown>
                    <include content="DefUpdateBlur">
                        <param name="number" value="5" />
                    </include>
                </control>
                <control type="button" id="16">
                    <description>6 button</description>
                    <posx>204</posx>
                    <posy>96</posy>
                    <width>96</width>
                    <height>90</height>
                    <include>DefKeyboardKeys</include>
                    <label>12316</label>
                    <onleft>15</onleft>
                    <onright>23</onright>
                    <onup>13</onup>
                    <ondown>19</ondown>
                    <include content="DefUpdateBlur">
                        <param name="number" value="6" />
                    </include>
                </control>
                <control type="button" id="17">
                    <description>7 button</description>
                    <posx>0</posx>
                    <posy>192</posy>
                    <width>96</width>
                    <height>90</height>
                    <include>DefKeyboardKeys</include>
                    <label>12317</label>
                    <onright>18</onright>
                    <onup>14</onup>
                    <ondown>20</ondown>
                    <include content="DefUpdateBlur">
                        <param name="number" value="7" />
                    </include>
                </control>
                <control type="button" id="18">
                    <description>8 button</description>
                    <posx>102</posx>
                    <posy>192</posy>
                    <width>96</width>
                    <height>90</height>
                    <include>DefKeyboardKeys</include>
                    <label>12318</label>
                    <onleft>17</onleft>
                    <onright>19</onright>
                    <onup>15</onup>
                    <ondown>21</ondown>
                    <include content="DefUpdateBlur">
                        <param name="number" value="8" />
                    </include>
                </control>
                <control type="button" id="19">
                    <description>9 button</description>
                    <posx>204</posx>
                    <posy>192</posy>
                    <width>96</width>
                    <height>90</height>
                    <include>DefKeyboardKeys</include>
                    <label>12319</label>
                    <onleft>18</onleft>
                    <onup>16</onup>
                    <ondown>22</ondown>
                    <include content="DefUpdateBlur">
                        <param name="number" value="9" />
                    </include>
                </control>
                <control type="radiobutton" id="20">
                    <posx>0</posx>
                    <posy>288</posy>
                    <width>96</width>
                    <height>90</height>
                    <radioposx>32</radioposx>
                    <radioposy>30</radioposy>
                    <include>DefKeyboardKeys</include>
                    <include content="buttontexturesnumpad">
                        <param name="icon" value="buttonsdialogs/uninstall.png"/>
                    </include>
                    <onclick>Skin.Reset(BlurRadius)</onclick>
                    <onclick>RunScript(script.embuary.helper,action=blurimg,file='"special://skin/extras/views/cars.jpg"',prop=MyProp)</onclick>
                    <onclick>Close</onclick>
                    <onright>21</onright>
                    <onup>17</onup>
                </control>
                <control type="button" id="21">
                    <posx>102</posx>
                    <posy>288</posy>
                    <width>96</width>
                    <height>90</height>
                    <include>DefKeyboardKeys</include>
                    <label>$NUMBER[10]</label>
                    <onleft>20</onleft>
                    <onright>22</onright>
                    <onup>18</onup>
                    <include content="DefUpdateBlur">
                        <param name="number" value="10" />
                    </include>
                </control>
                <control type="radiobutton" id="22">
                    <posx>204</posx>
                    <posy>288</posy>
                    <width>96</width>
                    <height>90</height>
                    <radioposx>31</radioposx>
                    <radioposy>30</radioposy>
                    <include>DefKeyboardKeys</include>
                    <include content="buttontexturesnumpad">
                        <param name="icon" value="buttonsdialogs/enabled.png"/>
                    </include>
                    <onclick>Close</onclick>
                    <onleft>21</onleft>
                    <onup>19</onup>
                </control>
            </control>
        </control>
    </controls>
</window>
