<?xml version="1.0" encoding="UTF-8"?>
<!-- Foundation -->
<window id="20">
    <defaultcontrol always="true">50</defaultcontrol>
    <allowoverlay>no</allowoverlay>
    <views>50</views>
    <controls>
        <include>GlobalBackground</include>
        <include>Furniture_Header</include>
        <include>Furniture_Clock</include>
        <include>Furniture_NowPlaying</include>
        <include>Furniture_Weather</include>
        <include>View_50_List_Square</include>
        <include>JumpBarHorizontal2</include>
        <control type="group">
            <include>Animation.FadeIn</include>
            <include>Animation.FadeOut</include>
            <visible>ControlGroup(9000).HasFocus()</visible>
            <include>GlobalOverlay</include>
        </control>
        <control type="group">
            <height>481</height>
            <include>Def9000Background</include>
            <control type="group">
                <control type="image">
                    <description>arrow image</description>
                    <centerleft>50%</centerleft>
                    <posy>-16</posy>
                    <width>16</width>
                    <height>16</height>
                    <texture colordiffuse="White70" flipy="true">common/arrow-small.png</texture>
                </control>
                <control type="image">
                    <description>arrow image</description>
                    <centerleft>50%</centerleft>
                    <posy>480</posy>
                    <width>16</width>
                    <height>16</height>
                    <texture colordiffuse="White70" flipy="false">common/arrow-small.png</texture>
                </control>
            </control>
            <control type="group">
                <left>22</left>
                <top>22</top>
                <control type="label">
                    <description>Header Label</description>
                    <left>70</left>
                    <width>1000</width>
                    <posy>0</posy>
                    <include>FontTop</include>
                    <textcolor>Dark2</textcolor>
                    <label>14018</label>
                </control>
                <include>Kodi_Logo</include>

                <!-- Lines -->
                <control type="image">
                    <top>70</top>
                    <left>17</left>
                    <width>385</width>
                    <height>1</height>
                    <bottom>10</bottom>
                    <colordiffuse>Black12</colordiffuse>
                    <texture>common/white.png</texture>
                </control>
            </control>
            <include content="Def_Gradient_Settings_Image">
                <param name="controlid" value="9000"/>
                <param name="left" value="8"/>
                <param name="top" value="110"/>
                <param name="width" value="450"/>
            </include>
            <control type="grouplist" id="9000">
                <top>110</top>
                <scrolltime>0</scrolltime>
                <include>Def9000GroupList</include>
                <control type="button" id="2">
                    <description>View</description>
                    <include>DefContextButtonGradient</include>
                    <align>left</align>
                </control>
                <control type="button" id="3">
                    <description>Sort</description>
                    <include>DefContextButtonGradient</include>
                    <align>left</align>
                </control>
                <control type="togglebutton" id="4">
                    <description>Ascending/Descending</description>
                    <include>DefContextButtonGradient</include>
                    <label>584</label>
                    <align>left</align>
                    <altlabel>585</altlabel>
                </control>
                <control type="button" id="9">
                    <description>Check for updates</description>
                    <label>24034</label>
                    <align>left</align>
                    <include>DefContextButtonGradient</include>
                </control>
                <control type="button" id="5">
                    <description>Update settings</description>
                    <label>5</label>
                    <align>left</align>
                    <include>DefContextButtonGradient</include>
                </control>
                <control type="radiobutton" id="6">
                    <description>No notifications</description>
                    <label>25000</label>
                    <align>left</align>
                    <include>DefContextButtonGradient</include>
                </control>
                <!--<control type="button" id="98">
                    <description>Open Player Controls</description>
                    <include>DefContextButton</include>
                    <align>left</align>
                    <label>31015</label>
                    <onclick>ActivateWindow(playercontrols)</onclick>
                    <visible>Player.HasMedia</visible>
                </control>-->
            </control>
        </control>
    </controls>
</window>
