<?xml version="1.0" encoding="UTF-8"?>
<!-- Foundation -->
<includes>

    <include name="527Content">
        <visible>Container.Content(musicvideos) | Container.Content(movies) | Container.Content(tvshows) | Container.Content(sets) | Container.Content(seasons)</visible>
        <include content="forced_view" condition="Skin.HasSetting(enable.forcedviews)">
            <param name="string" value="$LOCALIZE[535] $LOCALIZE[31591]" />
        </include>
        <top>541</top>
        <width>1500</width>
        <height>PosterH</height>
        <left>530</left>
        <onleft>527</onleft>
        <onright>527</onright>
        <ondown>1727</ondown>
        <onup condition="!Skin.HasSetting(global.kioskmode)">9000</onup>
        <orientation>horizontal</orientation>
        <pagecontrol>1727</pagecontrol>
        <viewtype label="$LOCALIZE[535] $LOCALIZE[31591]">list</viewtype>
        <include>ScrolltimeViewsList</include>
        <itemlayout height="325" width="222">
            <include content="include.widget.poster">
                <param name="id" value="527"/>
                <param name="reflections" value="Skin.HasSetting(show.reflections)"/>
            </include>
        </itemlayout>
        <focusedlayout height="325" width="222">
            <include content="include.widget.poster.focus">
                <param name="id" value="527"/>
                <param name="reflections" value="Skin.HasSetting(show.reflections)"/>
                <param name="glow_height" value="318"/>
                <param name="glow_top" value="3"/>
                <param name="glow_left" value="-1"/>
            </include>
        </focusedlayout>
    </include>
    
    <include name="527Wrap">
        <control type="wraplist" id="527">
            <include>527Content</include>
        </control>
    </include>

    <include name="527Fixed">
        <control type="fixedlist" id="527">
            <include>527Content</include>
        </control>
    </include>
    
    <include name="527List">
        <control type="list" id="527">
            <include>527Content</include>
        </control>
    </include>
    
    <include name="View_527_List_V2">
        <control type="group">
            <include>Animation.Common</include>
            <visible>Control.IsVisible(527)</visible>
            <include condition="!Skin.HasSetting(527.fixedlist) + !Skin.HasSetting(527.wraplist)">527List</include>
            <include condition="Skin.HasSetting(527.wraplist)">527Wrap</include>
            <include condition="Skin.HasSetting(527.fixedlist)">527Fixed</include>
            <control type="group">
                <left>540</left>
                <right>SidePad</right>
                <top>230</top>
                <control type="label">
                    <textcolor>Dark1</textcolor>
                    <font>SmallBold</font>
                    <label fallback="19055">$INFO[ListItem.Title]</label>
                    <include condition="Skin.HasSetting(labels.autoscroll)">LabelScroll</include>
                </control>
                <control type="grouplist">
                    <orientation>vertical</orientation>
                    <itemgap>0</itemgap>
                    <top>40</top>
                    <control type="label">
                        <aligny>center</aligny>
                        <font>Tiny</font>
                        <textcolor>Dark1</textcolor>
                        <selectedcolor>Dark1</selectedcolor>
                        <label>$VAR[LabelSub_1_GenreAlbum]</label>
                    </control>
                    <control type="textbox">
                        <font>Tiny</font>
                        <height>108</height>
                        <textcolor>Dark2</textcolor>
                        <selectedcolor>Dark2</selectedcolor>
                        <label>$INFO[ListItem.Plot]</label>
                    </control>
                    <control type="label">
                        <aligny>center</aligny>
                        <font>Tiny</font>
                        <textcolor>Dark2</textcolor>
                        <selectedcolor>Dark2</selectedcolor>
                        <label>$VAR[LabelSub_2_YearDurationRating]</label>
                    </control>
                </control>
            </control>
            <control type="scrollbar" id="1727">
                <include content="scrollbar_hor">
                    <param name="scrollid" value="1727"/>
                    <param name="jumpbar" value="false"/>
                </include>
            </control>
            <include>View_50_SidePoster</include>
        </control>
    </include>
</includes>