<?xml version='1.0' encoding='UTF-8'?>
<shortcuts>
    <shortcut>
        <label>3</label>
        <label2>Common Shortcut</label2>
        <defaultID>videos</defaultID>
        <icon>special://skin/extras/icons/video-addons.png</icon>
        <action>ActivateWindow(Videos,VideoLibrary)</action>
    </shortcut>
    <shortcut>
        <label>20342</label>
        <label2>Common Shortcut</label2>
        <defaultID>movies</defaultID>
        <icon>special://skin/extras/icons/film.png</icon>
        <action>ActivateWindow(Videos,MovieTitles,return)</action>
    </shortcut>
    <shortcut>
        <label>20343</label>
        <label2>Common Shortcut</label2>
        <defaultID>tvshows</defaultID>
        <icon>special://skin/extras/icons/tv.png</icon>
        <action>ActivateWindow(Videos,TVShowTitles,return)</action>
    </shortcut>
    <shortcut>
        <label>2</label>
        <label2>Common Shortcut</label2>
        <defaultID>music</defaultID>
        <icon>special://skin/extras/icons/songs.png</icon>
        <action>ActivateWindow(Music)</action>
    </shortcut>
    <shortcut>
        <label>31103</label>
        <label2>Common Shortcut</label2>
        <defaultID>livetv</defaultID>
        <icon>special://skin/extras/icons/livetv.png</icon>
        <action>ActivateWindow(Tvchannels)</action>
    </shortcut>
    <shortcut>
        <label>1</label>
        <label2>Common Shortcut</label2>
        <defaultID>pictures</defaultID>
        <icon>special://skin/extras/icons/pictures.png</icon>
        <action>ActivateWindow(Pictures)</action>
    </shortcut>
    <shortcut>
        <label>0</label>
        <label2>Common Shortcut</label2>
        <defaultID>programs</defaultID>
        <icon>special://skin/extras/icons/addons.png</icon>
        <action>ActivateWindow(Programs)</action>
    </shortcut>
    <shortcut>
        <label>341</label>
        <label2>Common Shortcut</label2>
        <defaultID>dvd</defaultID>
        <icon>special://skin/extras/icons/vcd.png</icon>
        <action>PlayDisc</action>
        <visible>System.HasMediaDVD</visible>
    </shortcut>
    <shortcut>
        <label>10004</label>
        <label2>Common Shortcut</label2>
        <defaultID>settings</defaultID>
        <icon>special://skin/extras/icons/settings.png</icon>
        <action>ActivateWindow(Settings)</action>
    </shortcut>
    <shortcut>
        <label>33060</label>
        <label2>Common Shortcut</label2>
        <defaultID>power</defaultID>
        <icon>special://skin/extras/icons/power.png</icon>
        <action>ActivateWindow(shutdownmenu)</action>
    </shortcut>
</shortcuts>
