<?xml version="1.0" encoding="UTF-8"?>
<!-- Foundation -->
<includes>
    <include name="CustomSettings_Items.BackgroundBrightness">
        <item>
            <label>$NUMBER[5]%</label>
            <property name="SettingsName">$LOCALIZE[464]</property>
            <onclick>Skin.SetString(BackgroundBrightness,5)</onclick>
            <onclick>Close</onclick>
            <include condition="String.IsEqual(Skin.String(BackgroundBrightness),5)">Item_Selected</include>
        </item>
        <item>
            <label>$NUMBER[10]%</label>
            <onclick>Skin.SetString(BackgroundBrightness,10)</onclick>
            <onclick>Close</onclick>
            <include condition="String.IsEqual(Skin.String(BackgroundBrightness),10)">Item_Selected</include>
        </item>
        <item>
            <label>$NUMBER[15]% - $LOCALIZE[571]</label>
            <onclick>Skin.SetString(BackgroundBrightness,15)</onclick>
            <onclick>Close</onclick>
            <include condition="String.IsEqual(Skin.String(BackgroundBrightness),15) | String.IsEmpty(Skin.String(BackgroundBrightness))">Item_Selected</include>
        </item>
        <item>
            <label>$NUMBER[20]%</label>
            <onclick>Skin.SetString(BackgroundBrightness,20)</onclick>
            <onclick>Close</onclick>
            <include condition="String.IsEqual(Skin.String(BackgroundBrightness),20)">Item_Selected</include>
        </item>
        <item>
            <label>$NUMBER[25]%</label>
            <onclick>Skin.SetString(BackgroundBrightness,25)</onclick>
            <onclick>Close</onclick>
            <include condition="String.IsEqual(Skin.String(BackgroundBrightness),25)">Item_Selected</include>
        </item>
        <item>
            <label>$NUMBER[30]%</label>
            <onclick>Skin.SetString(BackgroundBrightness,30)</onclick>
            <onclick>Close</onclick>
            <include condition="String.IsEqual(Skin.String(BackgroundBrightness),30)">Item_Selected</include>
        </item>
        <item>
            <label>$NUMBER[35]%</label>
            <onclick>Skin.SetString(BackgroundBrightness,35)</onclick>
            <onclick>Close</onclick>
            <include condition="String.IsEqual(Skin.String(BackgroundBrightness),35)">Item_Selected</include>
        </item>
        <item>
            <label>$NUMBER[40]%</label>
            <onclick>Skin.SetString(BackgroundBrightness,40)</onclick>
            <onclick>Close</onclick>
            <include condition="String.IsEqual(Skin.String(BackgroundBrightness),40)">Item_Selected</include>
        </item>
        <item>
            <label>$NUMBER[45]%</label>
            <onclick>Skin.SetString(BackgroundBrightness,45)</onclick>
            <onclick>Close</onclick>
            <include condition="String.IsEqual(Skin.String(BackgroundBrightness),45)">Item_Selected</include>
        </item>
        <item>
            <label>$NUMBER[50]%</label>
            <onclick>Skin.SetString(BackgroundBrightness,50)</onclick>
            <onclick>Close</onclick>
            <include condition="String.IsEqual(Skin.String(BackgroundBrightness),50)">Item_Selected</include>
        </item>
        <item>
            <label>$NUMBER[55]%</label>
            <onclick>Skin.SetString(BackgroundBrightness,55)</onclick>
            <onclick>Close</onclick>
            <include condition="String.IsEqual(Skin.String(BackgroundBrightness),55)">Item_Selected</include>
        </item>
        <item>
            <label>$NUMBER[60]%</label>
            <onclick>Skin.SetString(BackgroundBrightness,60)</onclick>
            <onclick>Close</onclick>
            <include condition="String.IsEqual(Skin.String(BackgroundBrightness),60)">Item_Selected</include>
        </item>
        <item>
            <label>$NUMBER[65]%</label>
            <onclick>Skin.SetString(BackgroundBrightness,65)</onclick>
            <onclick>Close</onclick>
            <include condition="String.IsEqual(Skin.String(BackgroundBrightness),65)">Item_Selected</include>
        </item>
        <item>
            <label>$NUMBER[70]%</label>
            <onclick>Skin.SetString(BackgroundBrightness,70)</onclick>
            <onclick>Close</onclick>
            <include condition="String.IsEqual(Skin.String(BackgroundBrightness),70)">Item_Selected</include>
        </item>
    </include>

    <include name="CustomSettings_Items.BackgroundBrightnessBlur">
        <item>
            <label>$NUMBER[0]%</label>
            <property name="SettingsName">$LOCALIZE[464]</property>
            <onclick>Skin.SetString(BackgroundBrightnessBlur,0)</onclick>
            <onclick>Close</onclick>
            <include condition="String.IsEqual(Skin.String(BackgroundBrightnessBlur),0)">Item_Selected</include>
        </item>
        <item>
            <label>$NUMBER[5]%</label>
            <onclick>Skin.SetString(BackgroundBrightnessBlur,5)</onclick>
            <onclick>Close</onclick>
            <include condition="String.IsEqual(Skin.String(BackgroundBrightnessBlur),5)">Item_Selected</include>
        </item>
        <item>
            <label>$NUMBER[10]%</label>
            <onclick>Skin.SetString(BackgroundBrightnessBlur,10)</onclick>
            <onclick>Close</onclick>
            <include condition="String.IsEqual(Skin.String(BackgroundBrightnessBlur),10)">Item_Selected</include>
        </item>
        <item>
            <label>$NUMBER[15]%</label>
            <onclick>Skin.SetString(BackgroundBrightnessBlur,15)</onclick>
            <onclick>Close</onclick>
            <include condition="String.IsEqual(Skin.String(BackgroundBrightnessBlur),15)">Item_Selected</include>
        </item>
        <item>
            <label>$NUMBER[20]%</label>
            <onclick>Skin.SetString(BackgroundBrightnessBlur,20)</onclick>
            <onclick>Close</onclick>
            <include condition="String.IsEqual(Skin.String(BackgroundBrightnessBlur),20)">Item_Selected</include>
        </item>
        <item>
            <label>$NUMBER[25]% - $LOCALIZE[571]</label>
            <onclick>Skin.SetString(BackgroundBrightnessBlur,25)</onclick>
            <onclick>Close</onclick>
            <include condition="String.IsEqual(Skin.String(BackgroundBrightnessBlur),25) | String.IsEmpty(Skin.String(BackgroundBrightnessBlur))">Item_Selected</include>
        </item>
        <item>
            <label>$NUMBER[30]%</label>
            <onclick>Skin.SetString(BackgroundBrightnessBlur,30)</onclick>
            <onclick>Close</onclick>
            <include condition="String.IsEqual(Skin.String(BackgroundBrightnessBlur),30)">Item_Selected</include>
        </item>
        <item>
            <label>$NUMBER[35]%</label>
            <onclick>Skin.SetString(BackgroundBrightnessBlur,35)</onclick>
            <onclick>Close</onclick>
            <include condition="String.IsEqual(Skin.String(BackgroundBrightnessBlur),35)">Item_Selected</include>
        </item>
        <item>
            <label>$NUMBER[40]%</label>
            <onclick>Skin.SetString(BackgroundBrightnessBlur,40)</onclick>
            <onclick>Close</onclick>
            <include condition="String.IsEqual(Skin.String(BackgroundBrightnessBlur),40)">Item_Selected</include>
        </item>
        <item>
            <label>$NUMBER[45]%</label>
            <onclick>Skin.SetString(BackgroundBrightnessBlur,45)</onclick>
            <onclick>Close</onclick>
            <include condition="String.IsEqual(Skin.String(BackgroundBrightnessBlur),45)">Item_Selected</include>
        </item>
        <item>
            <label>$NUMBER[50]%</label>
            <onclick>Skin.SetString(BackgroundBrightnessBlur,50)</onclick>
            <onclick>Close</onclick>
            <include condition="String.IsEqual(Skin.String(BackgroundBrightnessBlur),50)">Item_Selected</include>
        </item>
        <item>
            <label>$NUMBER[55]%</label>
            <onclick>Skin.SetString(BackgroundBrightnessBlur,55)</onclick>
            <onclick>Close</onclick>
            <include condition="String.IsEqual(Skin.String(BackgroundBrightnessBlur),55)">Item_Selected</include>
        </item>
        <item>
            <label>$NUMBER[60]%</label>
            <onclick>Skin.SetString(BackgroundBrightnessBlur,60)</onclick>
            <onclick>Close</onclick>
            <include condition="String.IsEqual(Skin.String(BackgroundBrightnessBlur),60)">Item_Selected</include>
        </item>
        <item>
            <label>$NUMBER[65]%</label>
            <onclick>Skin.SetString(BackgroundBrightnessBlur,65)</onclick>
            <onclick>Close</onclick>
            <include condition="String.IsEqual(Skin.String(BackgroundBrightnessBlur),65)">Item_Selected</include>
        </item>
        <item>
            <label>$NUMBER[70]%</label>
            <onclick>Skin.SetString(BackgroundBrightnessBlur,70)</onclick>
            <onclick>Close</onclick>
            <include condition="String.IsEqual(Skin.String(BackgroundBrightnessBlur),70)">Item_Selected</include>
        </item>
    </include>

    <include name="CustomSettings_Items.FadeNetflixPreview">
        <item>
            <label>$NUMBER[50]% - $LOCALIZE[571]</label>
            <property name="SettingsName">$LOCALIZE[464]</property>
            <onclick>Skin.SetString(FadeNetflixPreview,50)</onclick>
            <onclick>Close</onclick>
            <include condition="String.IsEqual(Skin.String(FadeNetflixPreview),50) | String.IsEmpty(Skin.String(FadeNetflixPreview))">Item_Selected</include>
        </item>
        <item>
            <label>$NUMBER[60]%</label>
            <onclick>Skin.SetString(FadeNetflixPreview,60)</onclick>
            <onclick>Close</onclick>
            <include condition="String.IsEqual(Skin.String(FadeNetflixPreview),60)">Item_Selected</include>
        </item>
        <item>
            <label>$NUMBER[70]%</label>
            <onclick>Skin.SetString(FadeNetflixPreview,70)</onclick>
            <onclick>Close</onclick>
            <include condition="String.IsEqual(Skin.String(FadeNetflixPreview),70)">Item_Selected</include>
        </item>
        <item>
            <label>$NUMBER[80]%</label>
            <onclick>Skin.SetString(FadeNetflixPreview,80)</onclick>
            <onclick>Close</onclick>
            <include condition="String.IsEqual(Skin.String(FadeNetflixPreview),80)">Item_Selected</include>
        </item>
        <item>
            <label>$NUMBER[90]%</label>
            <onclick>Skin.SetString(FadeNetflixPreview,90)</onclick>
            <onclick>Close</onclick>
            <include condition="String.IsEqual(Skin.String(FadeNetflixPreview),90)">Item_Selected</include>
        </item>
        <item>
            <label>$NUMBER[100]%</label>
            <onclick>Skin.SetString(FadeNetflixPreview,100)</onclick>
            <onclick>Close</onclick>
            <include condition="String.IsEqual(Skin.String(FadeNetflixPreview),100)">Item_Selected</include>
        </item>
    </include>
    
    <include name="CustomSettings_Items.NetflixTrailerDelay">
        <item>
            <label>$NUMBER[3]</label>
            <property name="SettingsName">$LOCALIZE[303]</property>
            <onclick>Skin.SetString(NetflixTrailerDelay,3)</onclick>
            <onclick>Close</onclick>
            <include condition="String.IsEqual(Skin.String(NetflixTrailerDelay),3)">Item_Selected</include>
        </item>
        <item>
            <label>$NUMBER[5] - $LOCALIZE[571]</label>
            <onclick>Skin.SetString(NetflixTrailerDelay,5)</onclick>
            <onclick>Close</onclick>
            <include condition="String.IsEqual(Skin.String(NetflixTrailerDelay),5) | String.IsEmpty(Skin.String(NetflixTrailerDelay))">Item_Selected</include>
        </item>
        <item>
            <label>$NUMBER[7]</label>
            <onclick>Skin.SetString(NetflixTrailerDelay,7)</onclick>
            <onclick>Close</onclick>
            <include condition="String.IsEqual(Skin.String(NetflixTrailerDelay),7)">Item_Selected</include>
        </item>
        <item>
            <label>$NUMBER[9]</label>
            <onclick>Skin.SetString(NetflixTrailerDelay,9)</onclick>
            <onclick>Close</onclick>
            <include condition="String.IsEqual(Skin.String(NetflixTrailerDelay),9)">Item_Selected</include>
        </item>
        <item>
            <label>$NUMBER[11]</label>
            <onclick>Skin.SetString(NetflixTrailerDelay,11)</onclick>
            <onclick>Close</onclick>
            <include condition="String.IsEqual(Skin.String(NetflixTrailerDelay),11)">Item_Selected</include>
        </item>
        <item>
            <label>$NUMBER[13]</label>
            <onclick>Skin.SetString(NetflixTrailerDelay,13)</onclick>
            <onclick>Close</onclick>
            <include condition="String.IsEqual(Skin.String(NetflixTrailerDelay),13)">Item_Selected</include>
        </item>
        <item>
            <label>$NUMBER[15]</label>
            <onclick>Skin.SetString(NetflixTrailerDelay,15)</onclick>
            <onclick>Close</onclick>
            <include condition="String.IsEqual(Skin.String(NetflixTrailerDelay),15)">Item_Selected</include>
        </item>
    </include>

    <include name="CustomSettings_Items.DefWidgetLimit">
        <item>
            <label>$NUMBER[10]</label>
            <property name="SettingsName">$LOCALIZE[31000]</property>
            <onclick>Skin.SetString(WidgetLimit,10)</onclick>
            <onclick>Close</onclick>
            <include condition="Integer.IsEqual(Skin.String(WidgetLimit),10) | String.IsEmpty(Skin.String(WidgetLimit))">Item_Selected</include>
        </item>
        <item>
            <label>$NUMBER[25] - $LOCALIZE[571]</label>
            <onclick>Skin.SetString(WidgetLimit,25)</onclick>
            <onclick>Close</onclick>
            <include condition="String.IsEqual(Skin.String(WidgetLimit),25)">Item_Selected</include>
        </item>
        <item>
            <label>$NUMBER[50]</label>
            <onclick>Skin.SetString(WidgetLimit,50)</onclick>
            <onclick>Close</onclick>
            <include condition="String.IsEqual(Skin.String(WidgetLimit),50)">Item_Selected</include>
        </item>
        <item>
            <label>$NUMBER[100]</label>
            <onclick>Skin.SetString(WidgetLimit,100)</onclick>
            <onclick>Close</onclick>
            <include condition="String.IsEqual(Skin.String(WidgetLimit),100)">Item_Selected</include>
        </item>
        <item>
            <label>$NUMBER[200]</label>
            <onclick>Skin.SetString(WidgetLimit,200)</onclick>
            <onclick>Close</onclick>
            <include condition="String.IsEqual(Skin.String(WidgetLimit),200)">Item_Selected</include>
        </item>
        <item>
            <label>$LOCALIZE[37030]</label>
            <onclick>Skin.SetString(WidgetLimit,$LOCALIZE[37030])</onclick>
            <onclick>Close</onclick>
            <include condition="String.IsEqual(Skin.String(WidgetLimit),$LOCALIZE[37030])">Item_Selected</include>
        </item>
    </include>

    <include name="CustomSettings_Items.DefHubLimit">
        <item>
            <label>$NUMBER[10]</label>
            <property name="SettingsName">$LOCALIZE[31000]</property>
            <onclick>Skin.SetString(HubLimit,10)</onclick>
            <onclick>Close</onclick>
            <include condition="Integer.IsEqual(Skin.String(HubLimit),10) | String.IsEmpty(Skin.String(HubLimit))">Item_Selected</include>
        </item>
        <item>
            <label>$NUMBER[25] - $LOCALIZE[571]</label>
            <onclick>Skin.SetString(HubLimit,25)</onclick>
            <onclick>Close</onclick>
            <include condition="Integer.IsEqual(Skin.String(HubLimit),25)">Item_Selected</include>
        </item>
        <item>
            <label>$NUMBER[50]</label>
            <onclick>Skin.SetString(HubLimit,50)</onclick>
            <onclick>Close</onclick>
            <include condition="Integer.IsEqual(Skin.String(HubLimit),50)">Item_Selected</include>
        </item>
        <item>
            <label>$LOCALIZE[37030]</label>
            <onclick>Skin.SetString(HubLimit,$LOCALIZE[37030])</onclick>
            <onclick>Close</onclick>
            <include condition="String.IsEqual(Skin.String(HubLimit),$LOCALIZE[37030])">Item_Selected</include>
        </item>
    </include>

    <include name="CustomSettings_Items.TrailerCount">
        <item>
            <label>$LOCALIZE[231] - $LOCALIZE[571]</label>
            <property name="SettingsName">$LOCALIZE[31456]</property>
            <onclick>Skin.Reset(TrailerCount)</onclick>
            <onclick>Close</onclick>
            <include condition="String.IsEmpty(Skin.String(TrailerCount))">Item_Selected</include>
        </item>
        <item>
            <label>$NUMBER[1]</label>
            <onclick>Skin.SetString(TrailerCount,1)</onclick>
            <onclick>Close</onclick>
            <include condition="Integer.IsEqual(Skin.String(TrailerCount),2)">Item_Selected</include>
        </item>
        <item>
            <label>$NUMBER[2]</label>
            <onclick>Skin.SetString(TrailerCount,2)</onclick>
            <onclick>Close</onclick>
            <include condition="Integer.IsEqual(Skin.String(TrailerCount),3)">Item_Selected</include>
        </item>
        <item>
            <label>$NUMBER[3]</label>
            <onclick>Skin.SetString(TrailerCount,3)</onclick>
            <onclick>Close</onclick>
            <include condition="Integer.IsEqual(Skin.String(TrailerCount),3)">Item_Selected</include>
        </item>
        <item>
            <label>$NUMBER[4]</label>
            <onclick>Skin.SetString(TrailerCount,4)</onclick>
            <onclick>Close</onclick>
            <include condition="Integer.IsEqual(Skin.String(TrailerCount),4)">Item_Selected</include>
        </item>
        <item>
            <label>$NUMBER[5]</label>
            <onclick>Skin.SetString(TrailerCount,5)</onclick>
            <onclick>Close</onclick>
            <include condition="Integer.IsEqual(Skin.String(TrailerCount),5)">Item_Selected</include>
        </item>
    </include>

    <include name="CustomSettings_Items.OSD_Timeout">
        <item>
            <label>$LOCALIZE[591] - $LOCALIZE[571]</label>
            <property name="SettingsName">$LOCALIZE[31312]</property>
            <onclick>Skin.Reset(OSD_Timeout)</onclick>
            <onclick>Close</onclick>
            <include condition="String.IsEmpty(Skin.String(OSD_Timeout))">Item_Selected</include>
        </item>
        <item>
            <label>$NUMBER[3]</label>
            <onclick>Skin.SetString(OSD_Timeout,3)</onclick>
            <onclick>Close</onclick>
            <include condition="Integer.IsEqual(Skin.String(OSD_Timeout),3)">Item_Selected</include>
        </item>
        <item>
            <label>$NUMBER[5]</label>
            <onclick>Skin.SetString(OSD_Timeout,5)</onclick>
            <onclick>Close</onclick>
            <include condition="Integer.IsEqual(Skin.String(OSD_Timeout),5)">Item_Selected</include>
        </item>
        <item>
            <label>$NUMBER[10]</label>
            <onclick>Skin.SetString(OSD_Timeout,10)</onclick>
            <onclick>Close</onclick>
            <include condition="Integer.IsEqual(Skin.String(OSD_Timeout),10)">Item_Selected</include>
        </item>
        <item>
            <label>$NUMBER[15]</label>
            <onclick>Skin.SetString(OSD_Timeout,15)</onclick>
            <onclick>Close</onclick>
            <include condition="Integer.IsEqual(Skin.String(OSD_Timeout),15)">Item_Selected</include>
        </item>
        <item>
            <label>$NUMBER[20]</label>
            <onclick>Skin.SetString(OSD_Timeout,20)</onclick>
            <onclick>Close</onclick>
            <include condition="Integer.IsEqual(Skin.String(OSD_Timeout),20)">Item_Selected</include>
        </item>
        <item>
            <label>$NUMBER[25]</label>
            <onclick>Skin.SetString(OSD_Timeout,25)</onclick>
            <onclick>Close</onclick>
            <include condition="Integer.IsEqual(Skin.String(OSD_Timeout),25)">Item_Selected</include>
        </item>
        <item>
            <label>$NUMBER[30]</label>
            <onclick>Skin.SetString(OSD_Timeout,30)</onclick>
            <onclick>Close</onclick>
            <include condition="Integer.IsEqual(Skin.String(OSD_Timeout),30)">Item_Selected</include>
        </item>
    </include>

    <include name="CustomSettings_Items.BlurRadiusLitebox">
        <item>
            <label>$NUMBER[0]</label>
            <property name="SettingsName">$LOCALIZE[31538]</property>
            <onclick>Skin.SetString(colorbox_blursize,0)</onclick>
            <include>UpdateLitebox</include>
            <onclick>Close</onclick>
            <include condition="String.IsEqual(Skin.String(colorbox_blursize),0)">Item_Selected</include>
        </item>
        <item>
            <label>$NUMBER[1]</label>
            <onclick>Skin.SetString(colorbox_blursize,1)</onclick>
            <include>UpdateLitebox</include>
            <onclick>Close</onclick>
            <include condition="String.IsEqual(Skin.String(colorbox_blursize),1)">Item_Selected</include>
        </item>
        <item>
            <label>$NUMBER[2]</label>
            <onclick>Skin.SetString(colorbox_blursize,2)</onclick>
            <include>UpdateLitebox</include>
            <onclick>Close</onclick>
            <include condition="String.IsEqual(Skin.String(colorbox_blursize),2)">Item_Selected</include>
        </item>
        <item>
            <label>$NUMBER[3]</label>
            <onclick>Skin.SetString(colorbox_blursize,3)</onclick>
            <include>UpdateLitebox</include>
            <onclick>Close</onclick>
            <include condition="String.IsEqual(Skin.String(colorbox_blursize),3)">Item_Selected</include>
        </item>
        <item>
            <label>$NUMBER[4]</label>
            <onclick>Skin.SetString(colorbox_blursize,4)</onclick>
            <include>UpdateLitebox</include>
            <onclick>Close</onclick>
            <include condition="String.IsEqual(Skin.String(colorbox_blursize),4)">Item_Selected</include>
        </item>
        <item>
            <label>$NUMBER[5]</label>
            <onclick>Skin.SetString(colorbox_blursize,5)</onclick>
            <include>UpdateLitebox</include>
            <onclick>Close</onclick>
            <include condition="String.IsEqual(Skin.String(colorbox_blursize),5)">Item_Selected</include>
        </item>
        <item>
            <label>$NUMBER[6]</label>
            <onclick>Skin.SetString(colorbox_blursize,6)</onclick>
            <include>UpdateLitebox</include>
            <onclick>Close</onclick>
            <include condition="String.IsEqual(Skin.String(colorbox_blursize),6)">Item_Selected</include>
        </item>
        <item>
            <label>$NUMBER[7]</label>
            <onclick>Skin.SetString(colorbox_blursize,7)</onclick>
            <include>UpdateLitebox</include>
            <onclick>Close</onclick>
            <include condition="String.IsEqual(Skin.String(colorbox_blursize),7)">Item_Selected</include>
        </item>
        <item>
            <label>$NUMBER[8]</label>
            <onclick>Skin.SetString(colorbox_blursize,8)</onclick>
            <include>UpdateLitebox</include>
            <onclick>Close</onclick>
            <include condition="String.IsEqual(Skin.String(colorbox_blursize),8)">Item_Selected</include>
        </item>
        <item>
            <label>$NUMBER[9]</label>
            <onclick>Skin.SetString(colorbox_blursize,9)</onclick>
            <include>UpdateLitebox</include>
            <onclick>Close</onclick>
            <include condition="String.IsEqual(Skin.String(colorbox_blursize),9)">Item_Selected</include>
        </item>
        <item>
            <label>$NUMBER[10]</label>
            <onclick>Skin.SetString(colorbox_blursize,10)</onclick>
            <include>UpdateLitebox</include>
            <onclick>Close</onclick>
            <include condition="String.IsEqual(Skin.String(colorbox_blursize),10)">Item_Selected</include>
        </item>
        <item>
            <label>$NUMBER[11]</label>
            <onclick>Skin.SetString(colorbox_blursize,11)</onclick>
            <include>UpdateLitebox</include>
            <onclick>Close</onclick>
            <include condition="String.IsEqual(Skin.String(colorbox_blursize),11)">Item_Selected</include>
        </item>
        <item>
            <label>$NUMBER[12]</label>
            <onclick>Skin.SetString(colorbox_blursize,12)</onclick>
            <include>UpdateLitebox</include>
            <onclick>Close</onclick>
            <include condition="String.IsEqual(Skin.String(colorbox_blursize),12)">Item_Selected</include>
        </item>
        <item>
            <label>$NUMBER[13]</label>
            <onclick>Skin.SetString(colorbox_blursize,13)</onclick>
            <include>UpdateLitebox</include>
            <onclick>Close</onclick>
            <include condition="String.IsEqual(Skin.String(colorbox_blursize),13)">Item_Selected</include>
        </item>
        <item>
            <label>$NUMBER[14]</label>
            <onclick>Skin.SetString(colorbox_blursize,14)</onclick>
            <include>UpdateLitebox</include>
            <onclick>Close</onclick>
            <include condition="String.IsEqual(Skin.String(colorbox_blursize),14)">Item_Selected</include>
        </item>
        <item>
            <label>$NUMBER[15] - $LOCALIZE[571]</label>
            <onclick>Skin.SetString(colorbox_blursize,15)</onclick>
            <include>UpdateLitebox</include>
            <onclick>Close</onclick>
            <include condition="String.IsEqual(Skin.String(colorbox_blursize),15)">Item_Selected</include>
        </item>
        <item>
            <label>$NUMBER[16]</label>
            <onclick>Skin.SetString(colorbox_blursize,16)</onclick>
            <include>UpdateLitebox</include>
            <onclick>Close</onclick>
            <include condition="String.IsEqual(Skin.String(colorbox_blursize),16)">Item_Selected</include>
        </item>
        <item>
            <label>$NUMBER[17]</label>
            <onclick>Skin.SetString(colorbox_blursize,17)</onclick>
            <include>UpdateLitebox</include>
            <onclick>Close</onclick>
            <include condition="String.IsEqual(Skin.String(colorbox_blursize),17)">Item_Selected</include>
        </item>
        <item>
            <label>$NUMBER[18]</label>
            <onclick>Skin.SetString(colorbox_blursize,18)</onclick>
            <include>UpdateLitebox</include>
            <onclick>Close</onclick>
            <include condition="String.IsEqual(Skin.String(colorbox_blursize),18)">Item_Selected</include>
        </item>
        <item>
            <label>$NUMBER[19]</label>
            <onclick>Skin.SetString(colorbox_blursize,19)</onclick>
            <include>UpdateLitebox</include>
            <onclick>Close</onclick>
            <include condition="String.IsEqual(Skin.String(colorbox_blursize),19)">Item_Selected</include>
        </item>
        <item>
            <label>$NUMBER[20]</label>
            <onclick>Skin.SetString(colorbox_blursize,20)</onclick>
            <include>UpdateLitebox</include>
            <onclick>Close</onclick>
            <include condition="String.IsEqual(Skin.String(colorbox_blursize),20)">Item_Selected</include>
        </item>
        <item>
            <label>$NUMBER[21]</label>
            <onclick>Skin.SetString(colorbox_blursize,21)</onclick>
            <include>UpdateLitebox</include>
            <onclick>Close</onclick>
            <include condition="String.IsEqual(Skin.String(colorbox_blursize),21)">Item_Selected</include>
        </item>
        <item>
            <label>$NUMBER[22]</label>
            <onclick>Skin.SetString(colorbox_blursize,22)</onclick>
            <include>UpdateLitebox</include>
            <onclick>Close</onclick>
            <include condition="String.IsEqual(Skin.String(colorbox_blursize),22)">Item_Selected</include>
        </item>
        <item>
            <label>$NUMBER[23]</label>
            <onclick>Skin.SetString(colorbox_blursize,23)</onclick>
            <include>UpdateLitebox</include>
            <onclick>Close</onclick>
            <include condition="String.IsEqual(Skin.String(colorbox_blursize),23)">Item_Selected</include>
        </item>
        <item>
            <label>$NUMBER[24]</label>
            <onclick>Skin.SetString(colorbox_blursize,24)</onclick>
            <include>UpdateLitebox</include>
            <onclick>Close</onclick>
            <include condition="String.IsEqual(Skin.String(colorbox_blursize),24)">Item_Selected</include>
        </item>
        <item>
            <label>$NUMBER[25]</label>
            <onclick>Skin.SetString(colorbox_blursize,25)</onclick>
            <include>UpdateLitebox</include>
            <onclick>Close</onclick>
            <include condition="String.IsEqual(Skin.String(colorbox_blursize),25)">Item_Selected</include>
        </item>
        <item>
            <label>$NUMBER[26]</label>
            <onclick>Skin.SetString(colorbox_blursize,26)</onclick>
            <include>UpdateLitebox</include>
            <onclick>Close</onclick>
            <include condition="String.IsEqual(Skin.String(colorbox_blursize),26)">Item_Selected</include>
        </item>
        <item>
            <label>$NUMBER[27]</label>
            <onclick>Skin.SetString(colorbox_blursize,27)</onclick>
            <include>UpdateLitebox</include>
            <onclick>Close</onclick>
            <include condition="String.IsEqual(Skin.String(colorbox_blursize),27)">Item_Selected</include>
        </item>
        <item>
            <label>$NUMBER[28]</label>
            <onclick>Skin.SetString(colorbox_blursize,28)</onclick>
            <include>UpdateLitebox</include>
            <onclick>Close</onclick>
            <include condition="String.IsEqual(Skin.String(colorbox_blursize),28)">Item_Selected</include>
        </item>
        <item>
            <label>$NUMBER[29]</label>
            <onclick>Skin.SetString(colorbox_blursize,29)</onclick>
            <include>UpdateLitebox</include>
            <onclick>Close</onclick>
            <include condition="String.IsEqual(Skin.String(colorbox_blursize),29)">Item_Selected</include>
        </item>
        <item>
            <label>$NUMBER[30]</label>
            <onclick>Skin.SetString(colorbox_blursize,30)</onclick>
            <include>UpdateLitebox</include>
            <onclick>Close</onclick>
            <include condition="String.IsEqual(Skin.String(colorbox_blursize),30)">Item_Selected</include>
        </item>
    </include>
    
    <include name="CustomSettings_Items.ImageQualityLitebox">
        <item>
            <label>$NUMBER[1]</label>
            <property name="SettingsName">$LOCALIZE[31540]</property>
            <onclick>Skin.SetString(colorbox_quality,1)</onclick>
            <include>UpdateLitebox</include>
            <onclick>Close</onclick>
            <include condition="String.IsEqual(Skin.String(colorbox_quality),1)">Item_Selected</include>
        </item>
        <item>
            <label>$NUMBER[2]</label>
            <onclick>Skin.SetString(colorbox_quality,2)</onclick>
            <include>UpdateLitebox</include>
            <onclick>Close</onclick>
            <include condition="String.IsEqual(Skin.String(colorbox_quality),2)">Item_Selected</include>
        </item>
        <item>
            <label>$NUMBER[3]</label>
            <onclick>Skin.SetString(colorbox_quality,3)</onclick>
            <include>UpdateLitebox</include>
            <onclick>Close</onclick>
            <include condition="String.IsEqual(Skin.String(colorbox_quality),3)">Item_Selected</include>
        </item>
        <item>
            <label>$NUMBER[4] - $LOCALIZE[571]</label>
            <onclick>Skin.SetString(colorbox_quality,4)</onclick>
            <include>UpdateLitebox</include>
            <onclick>Close</onclick>
            <include condition="String.IsEqual(Skin.String(colorbox_quality),4)">Item_Selected</include>
        </item>
        <item>
            <label>$NUMBER[5]</label>
            <onclick>Skin.SetString(colorbox_quality,5)</onclick>
            <include>UpdateLitebox</include>
            <onclick>Close</onclick>
            <include condition="String.IsEqual(Skin.String(colorbox_quality),5)">Item_Selected</include>
        </item>
        <item>
            <label>$NUMBER[6]</label>
            <onclick>Skin.SetString(colorbox_quality,6)</onclick>
            <include>UpdateLitebox</include>
            <onclick>Close</onclick>
            <include condition="String.IsEqual(Skin.String(colorbox_quality),6)">Item_Selected</include>
        </item>
        <item>
            <label>$NUMBER[7]</label>
            <onclick>Skin.SetString(colorbox_quality,7)</onclick>
            <include>UpdateLitebox</include>
            <onclick>Close</onclick>
            <include condition="String.IsEqual(Skin.String(colorbox_quality),7)">Item_Selected</include>
        </item>
        <item>
            <label>$NUMBER[8]</label>
            <onclick>Skin.SetString(colorbox_quality,8)</onclick>
            <include>UpdateLitebox</include>
            <onclick>Close</onclick>
            <include condition="String.IsEqual(Skin.String(colorbox_quality),8)">Item_Selected</include>
        </item>
    </include>
    
    <include name="CustomSettings_Items.ImageQualityOtherLitebox">
        <item>
            <label>$NUMBER[1] - $LOCALIZE[571]</label>
            <property name="SettingsName">$LOCALIZE[31540]</property>
            <onclick>Skin.SetString(colorbox_quality,1)</onclick>
            <include>UpdateLitebox</include>
            <onclick>Close</onclick>
            <include condition="String.IsEqual(Skin.String(colorbox_quality),1)">Item_Selected</include>
        </item>
        <item>
            <label>$NUMBER[2]</label>
            <onclick>Skin.SetString(colorbox_quality,2)</onclick>
            <include>UpdateLitebox</include>
            <onclick>Close</onclick>
            <include condition="String.IsEqual(Skin.String(colorbox_quality),2)">Item_Selected</include>
        </item>
        <item>
            <label>$NUMBER[3]</label>
            <onclick>Skin.SetString(colorbox_quality,3)</onclick>
            <include>UpdateLitebox</include>
            <onclick>Close</onclick>
            <include condition="String.IsEqual(Skin.String(colorbox_quality),3)">Item_Selected</include>
        </item>
        <item>
            <label>$NUMBER[4]</label>
            <onclick>Skin.SetString(colorbox_quality,4)</onclick>
            <include>UpdateLitebox</include>
            <onclick>Close</onclick>
            <include condition="String.IsEqual(Skin.String(colorbox_quality),4)">Item_Selected</include>
        </item>
        <item>
            <label>$NUMBER[5]</label>
            <onclick>Skin.SetString(colorbox_quality,5)</onclick>
            <include>UpdateLitebox</include>
            <onclick>Close</onclick>
            <include condition="String.IsEqual(Skin.String(colorbox_quality),5)">Item_Selected</include>
        </item>
        <item>
            <label>$NUMBER[6]</label>
            <onclick>Skin.SetString(colorbox_quality,6)</onclick>
            <include>UpdateLitebox</include>
            <onclick>Close</onclick>
            <include condition="String.IsEqual(Skin.String(colorbox_quality),6)">Item_Selected</include>
        </item>
        <item>
            <label>$NUMBER[7]</label>
            <onclick>Skin.SetString(colorbox_quality,7)</onclick>
            <include>UpdateLitebox</include>
            <onclick>Close</onclick>
            <include condition="String.IsEqual(Skin.String(colorbox_quality),7)">Item_Selected</include>
        </item>
        <item>
            <label>$NUMBER[8]</label>
            <onclick>Skin.SetString(colorbox_quality,8)</onclick>
            <include>UpdateLitebox</include>
            <onclick>Close</onclick>
            <include condition="String.IsEqual(Skin.String(colorbox_quality),8)">Item_Selected</include>
        </item>
    </include>

    <include name="CustomSettings_Items.PixelsizeLitebox">
        <item>
            <label>$NUMBER[5]</label>
            <property name="SettingsName">$LOCALIZE[31579]</property>
            <onclick>Skin.SetString(colorbox_pixelsize,5)</onclick>
            <include>UpdateLitebox</include>
            <onclick>Close</onclick>
            <include condition="String.IsEqual(Skin.String(colorbox_pixelsize),5)">Item_Selected</include>
        </item>
        <item>
            <label>$NUMBER[6]</label>
            <onclick>Skin.SetString(colorbox_pixelsize,6)</onclick>
            <include>UpdateLitebox</include>
            <onclick>Close</onclick>
            <include condition="String.IsEqual(Skin.String(colorbox_pixelsize),6)">Item_Selected</include>
        </item>
        <item>
            <label>$NUMBER[7]</label>
            <onclick>Skin.SetString(colorbox_pixelsize,7)</onclick>
            <include>UpdateLitebox</include>
            <onclick>Close</onclick>
            <include condition="String.IsEqual(Skin.String(colorbox_pixelsize),7)">Item_Selected</include>
        </item>
        <item>
            <label>$NUMBER[8]</label>
            <onclick>Skin.SetString(colorbox_pixelsize,8)</onclick>
            <include>UpdateLitebox</include>
            <onclick>Close</onclick>
            <include condition="String.IsEqual(Skin.String(colorbox_pixelsize),8)">Item_Selected</include>
        </item>
        <item>
            <label>$NUMBER[9]</label>
            <onclick>Skin.SetString(colorbox_pixelsize,9)</onclick>
            <include>UpdateLitebox</include>
            <onclick>Close</onclick>
            <include condition="String.IsEqual(Skin.String(colorbox_pixelsize),9)">Item_Selected</include>
        </item>
        <item>
            <label>$NUMBER[10]</label>
            <onclick>Skin.SetString(colorbox_pixelsize,10)</onclick>
            <include>UpdateLitebox</include>
            <onclick>Close</onclick>
            <include condition="String.IsEqual(Skin.String(colorbox_pixelsize),10)">Item_Selected</include>
        </item>
        <item>
            <label>$NUMBER[11]</label>
            <onclick>Skin.SetString(colorbox_pixelsize,11)</onclick>
            <include>UpdateLitebox</include>
            <onclick>Close</onclick>
            <include condition="String.IsEqual(Skin.String(colorbox_pixelsize),11)">Item_Selected</include>
        </item>
        <item>
            <label>$NUMBER[12]</label>
            <onclick>Skin.SetString(colorbox_pixelsize,12)</onclick>
            <include>UpdateLitebox</include>
            <onclick>Close</onclick>
            <include condition="String.IsEqual(Skin.String(colorbox_pixelsize),12)">Item_Selected</include>
        </item>
        <item>
            <label>$NUMBER[13]</label>
            <onclick>Skin.SetString(colorbox_pixelsize,13)</onclick>
            <include>UpdateLitebox</include>
            <onclick>Close</onclick>
            <include condition="String.IsEqual(Skin.String(colorbox_pixelsize),13)">Item_Selected</include>
        </item>
        <item>
            <label>$NUMBER[14]</label>
            <onclick>Skin.SetString(colorbox_pixelsize,14)</onclick>
            <include>UpdateLitebox</include>
            <onclick>Close</onclick>
            <include condition="String.IsEqual(Skin.String(colorbox_pixelsize),14)">Item_Selected</include>
        </item>
        <item>
            <label>$NUMBER[15] - $LOCALIZE[571]</label>
            <onclick>Skin.SetString(colorbox_pixelsize,15)</onclick>
            <include>UpdateLitebox</include>
            <onclick>Close</onclick>
            <include condition="String.IsEqual(Skin.String(colorbox_pixelsize),15)">Item_Selected</include>
        </item>
        <item>
            <label>$NUMBER[16]</label>
            <onclick>Skin.SetString(colorbox_pixelsize,16)</onclick>
            <include>UpdateLitebox</include>
            <onclick>Close</onclick>
            <include condition="String.IsEqual(Skin.String(colorbox_pixelsize),16)">Item_Selected</include>
        </item>
        <item>
            <label>$NUMBER[17]</label>
            <onclick>Skin.SetString(colorbox_pixelsize,17)</onclick>
            <include>UpdateLitebox</include>
            <onclick>Close</onclick>
            <include condition="String.IsEqual(Skin.String(colorbox_pixelsize),17)">Item_Selected</include>
        </item>
        <item>
            <label>$NUMBER[18]</label>
            <onclick>Skin.SetString(colorbox_pixelsize,18)</onclick>
            <include>UpdateLitebox</include>
            <onclick>Close</onclick>
            <include condition="String.IsEqual(Skin.String(colorbox_pixelsize),18)">Item_Selected</include>
        </item>
        <item>
            <label>$NUMBER[19]</label>
            <onclick>Skin.SetString(colorbox_pixelsize,19)</onclick>
            <include>UpdateLitebox</include>
            <onclick>Close</onclick>
            <include condition="String.IsEqual(Skin.String(colorbox_pixelsize),19)">Item_Selected</include>
        </item>
        <item>
            <label>$NUMBER[20]</label>
            <onclick>Skin.SetString(colorbox_pixelsize,20)</onclick>
            <include>UpdateLitebox</include>
            <onclick>Close</onclick>
            <include condition="String.IsEqual(Skin.String(colorbox_pixelsize),20)">Item_Selected</include>
        </item>
        <item>
            <label>$NUMBER[21]</label>
            <onclick>Skin.SetString(colorbox_pixelsize,21)</onclick>
            <include>UpdateLitebox</include>
            <onclick>Close</onclick>
            <include condition="String.IsEqual(Skin.String(colorbox_pixelsize),21)">Item_Selected</include>
        </item>
        <item>
            <label>$NUMBER[22]</label>
            <onclick>Skin.SetString(colorbox_pixelsize,22)</onclick>
            <include>UpdateLitebox</include>
            <onclick>Close</onclick>
            <include condition="String.IsEqual(Skin.String(colorbox_pixelsize),22)">Item_Selected</include>
        </item>
        <item>
            <label>$NUMBER[23]</label>
            <onclick>Skin.SetString(colorbox_pixelsize,23)</onclick>
            <include>UpdateLitebox</include>
            <onclick>Close</onclick>
            <include condition="String.IsEqual(Skin.String(colorbox_pixelsize),23)">Item_Selected</include>
        </item>
        <item>
            <label>$NUMBER[24]</label>
            <onclick>Skin.SetString(colorbox_pixelsize,24)</onclick>
            <include>UpdateLitebox</include>
            <onclick>Close</onclick>
            <include condition="String.IsEqual(Skin.String(colorbox_pixelsize),24)">Item_Selected</include>
        </item>
        <item>
            <label>$NUMBER[25]</label>
            <onclick>Skin.SetString(colorbox_pixelsize,25)</onclick>
            <include>UpdateLitebox</include>
            <onclick>Close</onclick>
            <include condition="String.IsEqual(Skin.String(colorbox_pixelsize),25)">Item_Selected</include>
        </item>
        <item>
            <label>$NUMBER[26]</label>
            <onclick>Skin.SetString(colorbox_pixelsize,26)</onclick>
            <include>UpdateLitebox</include>
            <onclick>Close</onclick>
            <include condition="String.IsEqual(Skin.String(colorbox_pixelsize),26)">Item_Selected</include>
        </item>
        <item>
            <label>$NUMBER[27]</label>
            <onclick>Skin.SetString(colorbox_pixelsize,27)</onclick>
            <include>UpdateLitebox</include>
            <onclick>Close</onclick>
            <include condition="String.IsEqual(Skin.String(colorbox_pixelsize),27)">Item_Selected</include>
        </item>
        <item>
            <label>$NUMBER[28]</label>
            <onclick>Skin.SetString(colorbox_pixelsize,28)</onclick>
            <include>UpdateLitebox</include>
            <onclick>Close</onclick>
            <include condition="String.IsEqual(Skin.String(colorbox_pixelsize),28)">Item_Selected</include>
        </item>
        <item>
            <label>$NUMBER[29]</label>
            <onclick>Skin.SetString(colorbox_pixelsize,29)</onclick>
            <include>UpdateLitebox</include>
            <onclick>Close</onclick>
            <include condition="String.IsEqual(Skin.String(colorbox_pixelsize),29)">Item_Selected</include>
        </item>
        <item>
            <label>$NUMBER[30]</label>
            <onclick>Skin.SetString(colorbox_pixelsize,30)</onclick>
            <include>UpdateLitebox</include>
            <onclick>Close</onclick>
            <include condition="String.IsEqual(Skin.String(colorbox_pixelsize),30)">Item_Selected</include>
        </item>        
        <item>
            <label>$NUMBER[31]</label>
            <onclick>Skin.SetString(colorbox_pixelsize,31)</onclick>
            <include>UpdateLitebox</include>
            <onclick>Close</onclick>
            <include condition="String.IsEqual(Skin.String(colorbox_pixelsize),31)">Item_Selected</include>
        </item>
        <item>
            <label>$NUMBER[32]</label>
            <onclick>Skin.SetString(colorbox_pixelsize,32)</onclick>
            <include>UpdateLitebox</include>
            <onclick>Close</onclick>
            <include condition="String.IsEqual(Skin.String(colorbox_pixelsize),32)">Item_Selected</include>
        </item>
        <item>
            <label>$NUMBER[33]</label>
            <onclick>Skin.SetString(colorbox_pixelsize,33)</onclick>
            <include>UpdateLitebox</include>
            <onclick>Close</onclick>
            <include condition="String.IsEqual(Skin.String(colorbox_pixelsize),33)">Item_Selected</include>
        </item>
        <item>
            <label>$NUMBER[34]</label>
            <onclick>Skin.SetString(colorbox_pixelsize,34)</onclick>
            <include>UpdateLitebox</include>
            <onclick>Close</onclick>
            <include condition="String.IsEqual(Skin.String(colorbox_pixelsize),34)">Item_Selected</include>
        </item>
        <item>
            <label>$NUMBER[35]</label>
            <onclick>Skin.SetString(colorbox_pixelsize,35)</onclick>
            <include>UpdateLitebox</include>
            <onclick>Close</onclick>
            <include condition="String.IsEqual(Skin.String(colorbox_pixelsize),35)">Item_Selected</include>
        </item>
        <item>
            <label>$NUMBER[36]</label>
            <onclick>Skin.SetString(colorbox_pixelsize,36)</onclick>
            <include>UpdateLitebox</include>
            <onclick>Close</onclick>
            <include condition="String.IsEqual(Skin.String(colorbox_pixelsize),36)">Item_Selected</include>
        </item>
        <item>
            <label>$NUMBER[37]</label>
            <onclick>Skin.SetString(colorbox_pixelsize,37)</onclick>
            <include>UpdateLitebox</include>
            <onclick>Close</onclick>
            <include condition="String.IsEqual(Skin.String(colorbox_pixelsize),37)">Item_Selected</include>
        </item>
        <item>
            <label>$NUMBER[38]</label>
            <onclick>Skin.SetString(colorbox_pixelsize,38)</onclick>
            <include>UpdateLitebox</include>
            <onclick>Close</onclick>
            <include condition="String.IsEqual(Skin.String(colorbox_pixelsize),38)">Item_Selected</include>
        </item>
        <item>
            <label>$NUMBER[39]</label>
            <onclick>Skin.SetString(colorbox_pixelsize,39)</onclick>
            <include>UpdateLitebox</include>
            <onclick>Close</onclick>
            <include condition="String.IsEqual(Skin.String(colorbox_pixelsize),39)">Item_Selected</include>
        </item>
        <item>
            <label>$NUMBER[40]</label>
            <onclick>Skin.SetString(colorbox_pixelsize,40)</onclick>
            <include>UpdateLitebox</include>
            <onclick>Close</onclick>
            <include condition="String.IsEqual(Skin.String(colorbox_pixelsize),40)">Item_Selected</include>
        </item>
        <item>
            <label>$NUMBER[41]</label>
            <onclick>Skin.SetString(colorbox_pixelsize,41)</onclick>
            <include>UpdateLitebox</include>
            <onclick>Close</onclick>
            <include condition="String.IsEqual(Skin.String(colorbox_pixelsize),41)">Item_Selected</include>
        </item>
        <item>
            <label>$NUMBER[42]</label>
            <onclick>Skin.SetString(colorbox_pixelsize,42)</onclick>
            <include>UpdateLitebox</include>
            <onclick>Close</onclick>
            <include condition="String.IsEqual(Skin.String(colorbox_pixelsize),42)">Item_Selected</include>
        </item>
        <item>
            <label>$NUMBER[43]</label>
            <onclick>Skin.SetString(colorbox_pixelsize,43)</onclick>
            <include>UpdateLitebox</include>
            <onclick>Close</onclick>
            <include condition="String.IsEqual(Skin.String(colorbox_pixelsize),43)">Item_Selected</include>
        </item>
        <item>
            <label>$NUMBER[44]</label>
            <onclick>Skin.SetString(colorbox_pixelsize,44)</onclick>
            <include>UpdateLitebox</include>
            <onclick>Close</onclick>
            <include condition="String.IsEqual(Skin.String(colorbox_pixelsize),44)">Item_Selected</include>
        </item>
        <item>
            <label>$NUMBER[45]</label>
            <onclick>Skin.SetString(colorbox_pixelsize,45)</onclick>
            <include>UpdateLitebox</include>
            <onclick>Close</onclick>
            <include condition="String.IsEqual(Skin.String(colorbox_pixelsize),45)">Item_Selected</include>
        </item><item>
            <label>$NUMBER[46]</label>
            <onclick>Skin.SetString(colorbox_pixelsize,46)</onclick>
            <include>UpdateLitebox</include>
            <onclick>Close</onclick>
            <include condition="String.IsEqual(Skin.String(colorbox_pixelsize),46)">Item_Selected</include>
        </item>
        <item>
            <label>$NUMBER[47]</label>
            <onclick>Skin.SetString(colorbox_pixelsize,47)</onclick>
            <include>UpdateLitebox</include>
            <onclick>Close</onclick>
            <include condition="String.IsEqual(Skin.String(colorbox_pixelsize),47)">Item_Selected</include>
        </item>
        <item>
            <label>$NUMBER[48]</label>
            <onclick>Skin.SetString(colorbox_pixelsize,48)</onclick>
            <include>UpdateLitebox</include>
            <onclick>Close</onclick>
            <include condition="String.IsEqual(Skin.String(colorbox_pixelsize),48)">Item_Selected</include>
        </item>
        <item>
            <label>$NUMBER[49]</label>
            <onclick>Skin.SetString(colorbox_pixelsize,49)</onclick>
            <include>UpdateLitebox</include>
            <onclick>Close</onclick>
            <include condition="String.IsEqual(Skin.String(colorbox_pixelsize),49)">Item_Selected</include>
        </item>
        <item>
            <label>$NUMBER[50]</label>
            <onclick>Skin.SetString(colorbox_pixelsize,50)</onclick>
            <include>UpdateLitebox</include>
            <onclick>Close</onclick>
            <include condition="String.IsEqual(Skin.String(colorbox_pixelsize),50)">Item_Selected</include>
        </item>
    </include>
</includes>