<?xml version="1.0" encoding="UTF-8"?>
<addon id="skin.arctic.zephyr.mod" version="1.1.47" name="Arctic: Zephyr - Reloaded" provider-name="jurialmunkey, beatmasterrs">
    <requires>
        <import addon="xbmc.gui" version="5.15.0"/>
        <import addon="script.skinshortcuts" version="0.4.0"/>
        <import addon="script.globalsearch" version="5.0.0"/>
        <import addon="script.image.resource.select" version="0.0.5"/>
        <import addon="resource.images.weathericons.white" version="0.0.6"/>
        <import addon="script.skin.helper.colorpicker" version="1.0.11"/>
        <import addon="script.embuary.info" version="0.0.1"/>
        <import addon="script.embuary.helper" version="1.2.14"/>
        <import addon="plugin.video.themoviedb.helper" version="0.0.1"/>
    </requires>
    <extension point="xbmc.gui.skin" defaultthemename="Textures.xbt" debugging="false" effectslowdown="1">
        <res width="1920" height="1080" aspect="16:9" default="true" folder="1080i" />
    </extension>
    <extension point="xbmc.addon.metadata">
        <summary lang="de">Klar, minimalistisch, elegant, einfach, leicht</summary>
        <summary lang="en">Clean, minimal, elegant, simple, light.</summary>
        <summary lang="en_AU">Clean, minimal, elegant, simple, light.</summary>
        <summary lang="en_US">Clean, minimal, elegant, simple, light.</summary>
        <summary lang="es">Limpio, minimalista, elegante, simple, ligero.</summary>
        <summary lang="fr">Clair, minimaliste, élégant, simple et léger.</summary>
        <summary lang="fr_CA">Net, minimal, élégant, simple, léger.</summary>
        <summary lang="lt">Švari, minimali, elegantiška, paprasta, lengva.</summary>
        <summary lang="nl">Schoon, minimaal, elegant, simpel, licht.</summary>
        <summary lang="no">Rent, minimalt, elegant, enkelt, lett.</summary>
        <summary lang="pl">Prosta, minimalista, elegancka i lekka</summary>
        <summary lang="pt_BR">Limpa, simplista, elegante, leve.</summary>
        <summary lang="ro">Curat, minimalist, elegant, simplu, ușor</summary>
        <summary lang="ru">Опрятный, минималистичный, элегантный, простой, светлый.</summary>
        <description lang="de">Arctic: Zephyr ist die dritte Iteration des Arctic Skins von jurialmunkey und ein minimalistisches, klares und simples Interface für deine Medien mit dem gewissen Etwas.</description>
        <description lang="en">Arctic: Zephyr is the third iteration of the Arctic skin created by jurialmunkey. Arctic focuses on being simple, clean and minimalistic with a light spin.</description>
        <description lang="en_AU">Arctic: Zephyr is the third iteration of the Arctic skin created by jurialmunkey. Arctic focuses on being simple, clean and minimalistic with a light spin.</description>
        <description lang="en_US">Arctic: Zephyr is the third iteration of the Arctic skin created by jurialmunkey. Arctic focuses on being simple, clean and minimalistic with a light spin.</description>
        <description lang="es">Arctic: Zephyr es la tercera versión del skin Arctic creado por jurialmunkey. El skin Arctic se centra en ser simple, limpio y minimalista con un ligero giro.</description>
        <description lang="fr">Arctic: Zephyr est la 3ème version du skin Arctic créé par jurialmunkey. Arctic se focalise sur le fait d'être simple, claire et minimaliste.</description>
        <description lang="fr_CA">Arctique : Zéphyr est la troisième version de l'habillage Arctique créé par jurialmunkey. Arctique se veut être simple, net et minimaliste tout en étant léger. </description>
        <description lang="lt">Arctic: Zephyr yra trečia Arctic teminės išvaizdos, kurios autorius yra jurialmunkey, iteracija. Arctic sutelkia dėmesį ties paprastumu, švarumu ir minimalizmu su lengvu veikimu.</description>
        <description lang="nl">Arctic: Zephyr is de derde herhaling van de arctic skin ge creëerd door jurialmunkey. Arctic focust zich op een eenvoudig zeinde, schoon en minimaal met een lichte twist.</description>
        <description lang="no">Arctic: Zephyr er den tredje iterasjonen av Arctic skallet som ble laget av jurialmunkey. Arctic fokuserer på å være enkel, rent og minimalistisk med et snev av letthet.</description>
        <description lang="pl">Arctic: Zephyr jest trzecią wersją oryginalnej skóry Arctic stworzonej przez jurialmunkey. Arctic skupia się na prostocie i minimalizmie z lekką dozą szaleństwa.</description>
        <description lang="pt_BR">Arctic: Zephyr é a terceira iteração da interface Arctic criada por jurialmunkey. Arctic foi criada para ser simples, limpa e minimalistica.</description>
        <description lang="ru">Arctic: Zephyr это третий виток обложки Arctic, созданной jurialmunkey. Arctic старается быть простой, опрятной и минималистичной.</description>
        <platform>all</platform>
        <license>Creative Commons Non Commercial 3.0 License</license>
        <forum>https://forum.kodi.tv/showthread.php?tid=337862</forum>
        <source>https://github.com/beatmasterRS/skin.arctic.zephyr.mod</source>
        <assets>
            <icon>icon.png</icon>
            <fanart>fanart.jpg</fanart>
            <screenshot>resources/screenshot-01.jpg</screenshot>
            <screenshot>resources/screenshot-02.jpg</screenshot>
            <screenshot>resources/screenshot-03.jpg</screenshot>
            <screenshot>resources/screenshot-04.jpg</screenshot>
            <screenshot>resources/screenshot-05.jpg</screenshot>
            <screenshot>resources/screenshot-06.jpg</screenshot>
            <screenshot>resources/screenshot-07.jpg</screenshot>
            <screenshot>resources/screenshot-08.jpg</screenshot>
            <screenshot>resources/screenshot-09.jpg</screenshot>
            <screenshot>resources/screenshot-10.jpg</screenshot>
            <screenshot>resources/screenshot-11.jpg</screenshot>
            <screenshot>resources/screenshot-12.jpg</screenshot>
        </assets>
        <news>1.1.47[CR]-Improved widget animations for netflix and clean/minimal layouts[CR]- Fixed an issue with weather background[CR]- Added playdisc shortcut to home menu[CR]- Added audiostreams info to furniture icons[CR]- Code optimization[CR][CR]1.1.46[CR]- Added new home menu layout[CR]- Fixed issue with background[CR]- Fixed issue with language strings (!thx Nanomani)[CR]- French language update (!thx Nanomani)[CR][CR]1.1.45[CR]- Fixed issue with background (!thx Skyla)[CR][CR]1.1.44[CR]- Added brightness setting for background/blur[CR]- Improved some skin settings[CR]- Added fading time setting for background[CR]- Added option to use thumbnail instead fanart in upnext addon[CR]- Added new viewtypes for widgets[CR]- Fixed issues[CR]- Added view 526 for seasons[CR]- German, italian language update (!thx semool, nanomani)[CR][CR]1.1.43[CR]- Added new viewtype aspect for home menu widgets[CR]- Fixed a lot of issues, e.g. musicvideos flags, strings, ...[CR]- Code improvements[CR]- Minor adjustments[CR][CR]1.1.42[CR]- Added new default mpaa flags[CR]- Improvements to DialogAddonInfo[CR]- Italian language updated (!thx Zurg)[CR]- Added option to enable IMDB position[CR]- Added view 524 for seasons[CR]- Improved views content type (!thx Nanomani)[CR]- Fixed minor issue with background[CR]- Added option to hide background of PVR channel icon[CR]- Improved colorpicker dialog[CR]- French language update (!thx Nanomani)[CR]- Added support for artwork downloader in DialogVideoInfo[CR][CR]1.1.41[CR]- Consistency update[CR]- Performance improvements[CR]- Added netflix clearlogo to netflix homemenu viewtypes[CR]- Italian language update (!thx Zurg)[CR]- German language update (!thx semool)[CR]- Fixed a lot of issues[CR]- Improvements to some views[CR]- Code cleanup[CR]- French language update (!thx Nanomani)[CR]- Added option to set fallback image for music visualisation (!thx for request: hordesprime)[CR]- Improvements to DialogPlayerProcessInfo[CR]- Improvements to Video OSD[CR]- Fixed issues with PVR OSD icons[CR][CR]1.1.40[CR]- Added pvr vertical widgets[CR]- Added tagline option for DialogVideoInfo, improvements (!thx Nanomani)[CR]- Added radio channel widgets[CR]- Cleanup the code[CR]- Added option to enable smaller icons in view 510[CR]- Changed list type option to select list type for each widget[CR]- Updated french language[CR]- Updated italian language strings (!thx Zurg)[CR][CR]1.1.39[CR]- Code improvements[CR]- Minor adjustments[CR][CR]1.1.38[CR]- Improved Skinshortcuts menu[CR]- French language updated[CR]- German language updated (!thx semool)[CR]- Fixed issues in PVR section[CR]- Cleanup the code[CR][CR]1.1.37[CR]- Added widgets content[CR]- Issues fixed[CR]- French language updated[CR]- Autoscroll widgets improvements[CR][CR]1.1.36[CR]- Fixed issue with more-item[CR][CR]1.1.35[CR]- Skin settings and viewtype options improvements[CR]- Minor adjustments[CR]- Fixed navigation issues[CR]- New screenshots added[CR]- French language updated[CR][CR]1.1.34[CR]- French language updated (!thx Nanomani)[CR]- Added support for script.arctic.zephyr.mod.autocolors (!thx semool)[CR]- Added music view 523[CR]- Texture improvements[CR][CR]1.1.33[CR]- Bugfix release[CR][CR]1.1.32[CR]- Code improvements, cleanup[CR]- Added new watched flag indicators[CR]- Language strings updates (!thx semool, Dis90)[CR]- Added by director info to dialogvideoinfo[CR]- Minor adjustments[CR][CR]1.1.31[CR]- Improvements of music OSD[CR]- Added option to disable homemenu items in skinshortcuts[CR]- Fixed issues[CR]- Added new views 521/522[CR]- Hungarian language updated (!thx frodo19)[CR][CR]1.1.30[CR]- Removed unneeded textures[CR]- Code cleanup[CR]- Improved custom blur settings[CR]- Added option for autoscroll widget titles[CR]- Fixed issues[CR]- Minor adjustments[CR][CR]1.1.29[CR]- Improved widget diffuse textures[CR]- Removed unneeded textures[CR]- Added option to disable startup window[CR]- Fixed issues[CR]- Added tvshow provider icons to extended infos[CR]- Code cleanup[CR][CR]1.1.28[CR]- Fixed issues with multi backgrounds and background playlists[CR][CR]1.1.27[CR]- Background code improvements[CR]- Added trakt - add to watchlist button[CR]- Code improvements[CR]- fixed issues (!thx)[CR]- minor adjustements[CR][CR]1.1.26[CR]- Fixed a lot of issues[CR]- Added now playing setting[CR]- Code improvements[CR]- Views adjusted for better consistency[CR][CR]1.1.25[CR]- Fixed weather issue[CR][CR]1.1.24[CR]- Added indicator setting[CR]- Fixed playback issue (!thx)[CR]- Code improvements, cleanup[CR]- Added tmdbhelper fallback labels[CR]- Added setting to diable next aired info[CR][CR]1.1.23[CR]- Code improvements, cleanup[CR]- Fixed a lot of issues[CR]- Added option for widgets fade animation [CR]- Added discart for osd [CR]- Added new HDR, DolbyVision and web-dl flags[CR]- Added option to set spotlight widget path[CR]- Added autoscroll for classic widgets[CR]- Enabled extended infos for episodes[CR][CR]1.1.22[CR]- Improvements on plot overlays[CR]- Code and texture improvements, cleanup[CR]- Language strings updated by several contributors, thx![CR][CR]1.1.21[CR]- Code improvements, cleanup[CR]- ColorPicker dialog improvements[CR]- DialogSelect using poster instead icon, if available[CR]- Scrollbar improvements[CR]- Texture improvements[CR]- Option to select media flags added[CR]- Added homemenu viewtype selector[CR]- Minor adjustments of now playing[CR]- Fixed a lot of issues[CR]- Ultra HD Blu Ray icon added[CR]- Language strings updated by several contributors, thx![CR]- Addon is renamed to Arctic: Zephyr - Reloaded[CR]- Added option to hide all indicators[CR]- Added widget 6[CR]- Added custom powermenu[CR][CR]1.1.20[CR]- Added netflix homemenu layout[CR]- Added custom widgets[CR][CR]1.1.19[CR]- Fixed issues, code cleanup[CR]- Improvements on animations[CR]- Added custom coreelec settings[CR][CR]1.1.18[CR]- Code improvements[CR]- Fixed issues[CR][CR]1.1.17[CR]- Improvements on dialoginfo overlay[CR]- Fixed issue with sets info[CR]- Added support for script.skin.info.service[CR][CR]1.1.16[CR]- Widgets cleanup, improvements on supported addons section[CR][CR]1.1.15[CR]- Fixed a lot of issues, cleaned up the code[CR]- Cinema experience support of embuary.helper addon added[CR]- Widgets added[CR]- Now playing info added[CR]- Dialog settings added[CR]- Fixed rating flags[CR]- Improvements on osd/homemenu/views[CR][CR]1.1.14[CR]- Fixed issues[CR][CR]1.1.13[CR]- Texture improvements[CR]- Fixed a lot of issues[CR]- Rework on filemanager[CR]- Added tempo function[CR]- Added new kodi 19 infolabels[CR]- Added german telecast offers support[CR]- Code improvements[CR][CR]1.1.12[CR]- Cleanup the code[CR]- Only icons version added to vertical multi widget homemenu[CR]- Added header label for hubs[CR]- Improvements on color-settings, blur settings[CR]- Switched to tmdbhelper for next aired info[CR]- More changes for matrix compatibility[CR][CR]1.1.1[CR]- First matrix version</news>
    </extension>
</addon>
