<?xml version="1.0" encoding="UTF-8"?>
<includes>

    <include name="DialogVideoInfoWIP">
        <control type="group">
            <animation type="Conditional" reversible="true" condition="Window.IsVisible(FileBrowser.xml) | Window.IsVisible(DialogProgress.xml) | Window.IsVisible(DialogYesNo.xml) | Window.IsVisible(DialogOK.xml) | Window.IsVisible(DialogSelect.xml) | Window.IsVisible(DialogContextMenu.xml) | Window.IsVisible(DialogButtonMenu.xml)">
                <effect type="zoom" end="95" start="100" time="200" center="auto" tween="quadratic" easing="in"/>
            </animation>

            <!--     Poster     -->
            <control type="group">
                <include>Animation.VideoFadeOut</include>
                <visible>!Window.IsVisible(script-embuary-person.xml)</visible>
                <visible>!Window.IsVisible(script-embuary-video.xml)</visible>
                <visible>!Window.IsVisible(DialogBusy.xml)</visible>
                <include>Animation.SidePoster</include>
                <control type="group">
                    <include>Animation.DelayFadeIn</include>
                    <visible>Control.HasFocus(9001) + !String.IsEqual(Window.Property(ShowDisc),1) + !String.IsEmpty(ListItem.Art(discart))</visible>
                    <centerbottom>1006</centerbottom>
                    <height>16</height>
                    <control type="image">
                        <centerleft>290</centerleft>
                        <top>13</top>
                        <width>16</width>
                        <height>16</height>
                        <texture colordiffuse="Dark1" flipy="true">common/arrow-small.png</texture>
                    </control>
                </control>
                <control type="image">
                    <animation type="Visible">
                        <effect type="slide" start="0,0" end="0,-100" delay="0" time="400" tween="quadratic" easing="out"/>
                    </animation>
                    <animation type="Hidden">
                        <effect type="slide" start="0,0" end="0,100" delay="0" time="200" tween="quadratic" easing="out"/>
                    </animation>
                    <animation type="Conditional" condition="String.IsEqual(Window.Property(ShowDisc),1)">
                        <effect type="slide" start="0,0" end="0,-220" delay="0" time="200" tween="quadratic" easing="out"/>
                    </animation>
                    <visible>!String.IsEmpty(ListItem.Art(discart)) + String.IsEqual(Window.Property(moviecontent),1)</visible>
                    <top>200</top>
                    <left>90</left>
                    <width>405</width>
                    <height>405</height>
                    <texture>$INFO[ListItem.Art(discart)]</texture>
                </control>
                <control type="group">
                    <include>View_50_SidePoster</include>
                </control>
            </control>

            <!--     Rechte Seite     -->
            <control type="group">
                <include>HiddenUpNextEpisode</include>
                <visible>!Window.IsVisible(script-embuary-person.xml)</visible>
                <visible>!Window.IsVisible(script-embuary-video.xml)</visible>
                <visible>!Window.IsVisible(DialogBusy.xml)</visible>
                <include>Animation.RightSide</include>
                <control type="button" id="7011">
                    <width>1</width>
                    <height>1</height>
                    <visible allowhiddenfocus="true">false</visible>
                    <onback>9000</onback>
                    <onup>9000</onup>
                    <ondown>9000</ondown>
                    <onleft>9000</onleft>
                    <onright>9000</onright>
                    <onclick condition="!Skin.HasSetting(Use.IMDB.Trailer) + !String.IsEqual(ListItem.DBType,tvshow)">PlayMedia($INFO[ListItem.Trailer],1)</onclick>
                    <onclick condition="Skin.HasSetting(Use.IMDB.Trailer) + !String.IsEqual(ListItem.DBType,tvshow)">PlayMedia(plugin://plugin.video.imdb.trailers/?action=play_id&amp;imdb=$INFO[ListItem.IMDBNumber],1)</onclick>
                    <onclick condition="String.IsEqual(ListItem.DBType,tvshow) + System.AddonIsEnabled(script.bingie.helper)">RunScript(script.bingie.helper,action=playtrailer,MODE=windowed,title=$INFO[ListItem.Title,, $LOCALIZE[36902]],local=true)</onclick>
                </control>
                <control type="button" id="9607">
                    <width>1</width>
                    <height>1</height>
                    <visible allowhiddenfocus="true">false</visible>
                    <onback>9000</onback>
                    <onup>9000</onup>
                    <ondown>9000</ondown>
                    <onleft>9000</onleft>
                    <onright>9000</onright>
                </control>

                <!-- Control Buttons -->
                <control type="group">
                    <bottom>-80</bottom>
                    <include>Animation.VideoFadeOut</include>
                    <include>DialogVideoInfoNavigationWIP</include>
                    <include content="ArrowsNavigation">
                        <param name="visible" value="Integer.IsGreater(Container(9000).NumItems,8) + ControlGroup(9000).HasFocus()" />
                    </include>
                </control>
                <control type="group">
                    <top>930</top>
                    <right>SidePad</right>
                    <width>1400</width>
                    <control type="label">
                        <left>140</left>
                        <height>50</height>
                        <font>Mini</font>
                        <scroll>true</scroll>
                        <scrollspeed>40</scrollspeed>
                        <scrollsuffix>  ••  </scrollsuffix>
                        <textcolor>Dark3</textcolor>
                        <label>$INFO[ListItem.FileNameAndPath]</label>
                        <aligny>center</aligny>
                        <align>right</align>
                        <visible>ControlGroup(9000).HasFocus() + !Skin.HasSetting(HideFileNameAndPath)</visible>
                        <include>Animation.FadeIn</include>
                        <include>Animation.FadeOut</include>
                        <include>Animation.FileNameAndPath</include>
                    </control>
                    <control type="label">
                        <left>0</left>
                        <height>50</height>
                        <font>Mini</font>
                        <scroll>false</scroll>
                        <textcolor>Dark3</textcolor>
                        <label>$VAR[DialogInfoLabel]</label>
                        <aligny>center</aligny>
                        <align>right</align>
                        <visible>ControlGroup(9000).HasFocus()</visible>
                        <include>Animation.FadeIn</include>
                        <include>Animation.FadeOut</include>
                        <include condition="!Skin.HasSetting(HideFileNameAndPath)">Animation.ButtonLabel</include>
                    </control>
                </control>

                <!-- HEADER with ClearLogo -->
                <control type="group">
                    <include>Animation.VideoFadeOut</include>
                    <visible>Skin.HasSetting(furniture.logo)</visible>
                    <top>90</top>
                    <left>570</left>
                    <width>920</width>
                    <include>DialogVideoInfoHeader</include>
                </control>

                <!-- HEADER -->
                <control type="group">
                    <include>Animation.VideoFadeOut</include>
                    <visible>!Skin.HasSetting(furniture.logo)</visible>
                    <top>90</top>
                    <left>570</left>
                    <width>1250</width>
                    <include>DialogVideoInfoHeader</include>
                </control>

                <!-- ClearLogo -->
                <control type="image" description="clearlogo">
                    <include>Animation.VideoFadeOut</include>
                    <visible>Skin.HasSetting(furniture.logo)</visible>
                    <centertop>140</centertop>
                    <right>SidePad</right>
                    <width>400</width>
                    <height>100</height>
                    <aspectratio align="right" aligny="top">keep</aspectratio>
                    <texture background="true">$VAR[ClearLogoTopVar]</texture>
                </control>

                <!-- Arrows -->                
                <include content="ArrowsNavigation">
                    <param name="visible" value="Control.HasFocus(95051) + Integer.IsGreater(Container(9505).NumItems,1)" />
                    <param name="centerbottom" value="560" />
                </include>

                <!-- FANART -->
                <control type="group">
                    <visible>String.IsEqual(Window.Property(moviecontent),5)</visible>
                    <include>Animation.FadeInDialogInfo</include>
                    <include>Animation.FadeOutDialogInfo</include>
                    <left>570</left>
                    <right>SidePad</right>
                    <bottom>184</bottom>
                    <top>335</top>
                    <control type="image">
                        <left>0</left>
                        <top>-119</top>
                        <right>0</right>
                        <bottom>71</bottom>
                        <texture colordiffuse="Box2" border="4" background="true">common/box21.png</texture>
                    </control>
                    <control type="group">
                        <left>-7</left>
                        <top>-126</top>
                        <right>-7</right>
                        <bottom>64</bottom>
                        <control type="image">
                            <texture border="5" colordiffuse="$VAR[ColorSquares]">common/box.png</texture>
                            <animation condition="Control.HasFocus(95051)" effect="fade" end="100" start="0" time="150">Conditional</animation>
                            <animation condition="!Control.HasFocus(95051)" effect="fade" end="0" start="100" time="100">Conditional</animation>
                        </control>
                        <control type="image">
                            <texture border="5" colordiffuse="$VAR[ColorHighlightSelectbox2]">common/gradient-box-wide.png</texture>
                            <animation condition="Control.HasFocus(95051)" effect="fade" end="100" start="0" time="150">Conditional</animation>
                            <animation condition="!Control.HasFocus(95051)" effect="fade" end="0" start="100" time="100">Conditional</animation>
                        </control>
                    </control>
                    <control type="image">
                        <height>607</height>
                        <width>1268</width>
                        <left>1</left>
                        <top>-118</top>
                        <texture colordiffuse="Background" border="4">common/box.png</texture>
                    </control>
                    <include content="ListInfoUpdating">
                        <param name="visi" value="String.IsEqual(Window.Property(moviecontent),5)"/>
                        <param name="controlid" value="9505"/>
                        <param name="alignleft" value="580"/>
                        <param name="alignbottom" value="235"/>
                    </include>
                    <control type="fixedlist" id="9505">
                        <top>-118</top>
                        <left>1</left>
                        <ondown>9000</ondown>
                        <onback>9000</onback>
                        <onup>9000</onup>
                        <width>1268</width>
                        <preloaditems>2</preloaditems>
                        <autoscroll time="5000">ControlGroup(9000).HasFocus()</autoscroll>
                        <viewtype label="37518">fixedlist</viewtype>
                        <orientation>horizontal</orientation>
                        <include>ScrolltimeDetailsList</include>
                        <itemlayout width="1268" height="607">
                            <control type="image">
                                <aspectratio align="center" aligny="center" scalediffuse="false">scale</aspectratio>
                                <texture diffuse="diffuse/bigwiderolodex.png" fallback="defaultaddonpicture.png">$INFO[ListItem.Label]</texture>
                            </control>
                        </itemlayout>
                        <focusedlayout width="1268" height="607">
                            <control type="image">
                                <aspectratio align="center" aligny="center" scalediffuse="false">scale</aspectratio>
                                <texture diffuse="diffuse/bigwiderolodex.png" fallback="defaultaddonpicture.png">$INFO[ListItem.Label]</texture>
                            </control>
                        </focusedlayout>
                        <content>
                            <item id="0">
                                <label>$INFO[ListItem.Art(fanart)]</label>
                                <visible>!String.IsEmpty(ListItem.Art(fanart)) + !Skin.HasSetting(hideartwork.video.fanart)</visible>
                            </item>
                            <item id="1">
                                <label>$INFO[ListItem.Art(fanart1)]</label>
                                <visible>!String.IsEmpty(ListItem.Art(fanart1)) + !Skin.HasSetting(hideartwork.video.fanart)</visible>
                            </item>
                            <item id="2">
                                <label>$INFO[ListItem.Art(fanart2)]</label>
                                <visible>!String.IsEmpty(ListItem.Art(fanart2)) + !Skin.HasSetting(hideartwork.video.fanart)</visible>
                            </item>
                            <item id="3">
                                <label>$INFO[ListItem.Art(fanart3)]</label>
                                <visible>!String.IsEmpty(ListItem.Art(fanart3)) + !Skin.HasSetting(hideartwork.video.fanart)</visible>
                            </item>
                            <item id="4">
                                <label>$INFO[ListItem.Art(fanart4)]</label>
                                <visible>!String.IsEmpty(ListItem.Art(fanart4)) + !Skin.HasSetting(hideartwork.video.fanart)</visible>
                            </item>
                            <item id="5">
                                <label>$INFO[ListItem.Art(fanart5)]</label>
                                <visible>!String.IsEmpty(ListItem.Art(fanart5)) + !Skin.HasSetting(hideartwork.video.fanart)</visible>
                            </item>
                            <item id="6">
                                <label>$INFO[ListItem.Art(fanart6)]</label>
                                <visible>!String.IsEmpty(ListItem.Art(fanart6)) + !Skin.HasSetting(hideartwork.video.fanart)</visible>
                            </item>
                            <item id="7">
                                <label>$INFO[ListItem.Art(fanart7)]</label>
                                <visible>!String.IsEmpty(ListItem.Art(fanart7)) + !Skin.HasSetting(hideartwork.video.fanart)</visible>
                            </item>
                            <item id="8">
                                <label>$INFO[ListItem.Art(fanart18)]</label>
                                <visible>!String.IsEmpty(ListItem.Art(fanart8)) + !Skin.HasSetting(hideartwork.video.fanart)</visible>
                            </item>
                            <item id="9">
                                <label>$INFO[ListItem.Art(fanart9)]</label>
                                <visible>!String.IsEmpty(ListItem.Art(fanart9)) + !Skin.HasSetting(hideartwork.video.fanart)</visible>
                            </item>
                            <item id="10">
                                <label>$INFO[ListItem.Art(fanart10)]</label>
                                <visible>!String.IsEmpty(ListItem.Art(fanart10)) + !Skin.HasSetting(hideartwork.video.fanart)</visible>
                            </item>
                            <item id="11">
                                <label>$INFO[ListItem.Art(fanart11)]</label>
                                <visible>!String.IsEmpty(ListItem.Art(fanart11)) + !Skin.HasSetting(hideartwork.video.fanart)</visible>
                            </item>
                            <item id="12">
                                <label>$INFO[ListItem.Art(tvshow.fanart)]</label>
                                <visible>!String.IsEmpty(ListItem.Art(tvshow.fanart)) + !Skin.HasSetting(hideartwork.video.fanart)</visible>
                            </item>
                            <item id="13">
                                <label>$INFO[ListItem.Art(tvshow.fanart1)]</label>
                                <visible>!String.IsEmpty(ListItem.Art(tvshow.fanart1)) + !Skin.HasSetting(hideartwork.video.fanart)</visible>
                            </item>
                            <item id="14">
                                <label>$INFO[ListItem.Art(tvshow.fanart2)]</label>
                                <visible>!String.IsEmpty(ListItem.Art(tvshow.fanart2)) + !Skin.HasSetting(hideartwork.video.fanart)</visible>
                            </item>
                            <item id="15">
                                <label>$INFO[ListItem.Art(tvshow.fanart3)]</label>
                                <visible>!String.IsEmpty(ListItem.Art(tvshow.fanart3)) + !Skin.HasSetting(hideartwork.video.fanart)</visible>
                            </item>
                            <item id="16">
                                <label>$INFO[ListItem.Art(tvshow.fanart4)]</label>
                                <visible>!String.IsEmpty(ListItem.Art(tvshow.fanart4)) + !Skin.HasSetting(hideartwork.video.fanart)</visible>
                            </item>
                            <item id="17">
                                <label>$INFO[ListItem.Art(tvshow.fanart5)]</label>
                                <visible>!String.IsEmpty(ListItem.Art(tvshow.fanart5)) + !Skin.HasSetting(hideartwork.video.fanart)</visible>
                            </item>
                            <item id="18">
                                <label>$INFO[ListItem.Art(tvshow.fanart6)]</label>
                                <visible>!String.IsEmpty(ListItem.Art(tvshow.fanart6)) + !Skin.HasSetting(hideartwork.video.fanart)</visible>
                            </item>
                            <item id="19">
                                <label>$INFO[ListItem.Art(tvshow.fanart7)]</label>
                                <visible>!String.IsEmpty(ListItem.Art(tvshow.fanart7)) + !Skin.HasSetting(hideartwork.video.fanart)</visible>
                            </item>
                            <item id="20">
                                <label>$INFO[ListItem.Art(tvshow.fanart8)]</label>
                                <visible>!String.IsEmpty(ListItem.Art(tvshow.fanart8)) + !Skin.HasSetting(hideartwork.video.fanart)</visible>
                            </item>
                            <item id="21">
                                <label>$INFO[ListItem.Art(tvshow.fanart9)]</label>
                                <visible>!String.IsEmpty(ListItem.Art(tvshow.fanart9)) + !Skin.HasSetting(hideartwork.video.fanart)</visible>
                            </item>
                            <item id="22">
                                <label>$INFO[ListItem.Art(tvshow.fanart10)]</label>
                                <visible>!String.IsEmpty(ListItem.Art(tvshow.fanart10)) + !Skin.HasSetting(hideartwork.video.fanart)</visible>
                            </item>
                            <item id="23">
                                <label>$INFO[ListItem.Art(landscape)]</label>
                                <visible>!String.IsEmpty(ListItem.Art(landscape)) + !Skin.HasSetting(hideartwork.video.landscape)</visible>
                            </item>
                        </content>
                    </control>                    
                    <control type="image">
                        <right>40</right>
                        <bottom>100</bottom>
                        <width>50</width>
                        <height>50</height>
                        <aspectratio>keep</aspectratio>
                        <texture colordiffuse="88ffffff">common/lupe.png</texture>
                        <visible>Control.HasFocus(95051)</visible>
                        <include>Animation.DelayFadeIn</include>
                    </control>
                </control>

                <!-- TRAILER SEITE -->
                <control type="group">
                    <visible>String.IsEqual(Window.Property(moviecontent),6)</visible>
                    <include>Animation.FadeInDialogInfo</include>
                    <include>Animation.FadeOutDialogInfo</include>
                    <left>570</left>
                    <right>SidePad</right>
                    <bottom>184</bottom>
                    <top>217</top>
                    <control type="image">
                        <top>-1</top>
                        <bottom>71</bottom>
                        <texture colordiffuse="Box2" border="4" background="true">common/box21.png</texture>
                    </control>
                    <control type="group">
                        <left>-7</left>
                        <top>-8</top>
                        <right>-7</right>
                        <bottom>64</bottom>
                        <control type="image">
                            <texture border="5" colordiffuse="$VAR[ColorSquares]">common/box.png</texture>
                            <animation condition="Control.HasFocus(7011)" effect="fade" end="100" start="0" time="150">Conditional</animation>
                            <animation condition="!Control.HasFocus(7011)" effect="fade" end="0" start="100" time="100">Conditional</animation>
                        </control>
                        <control type="image">
                            <texture border="5" colordiffuse="$VAR[ColorHighlightSelectbox2]">common/gradient-box-wide.png</texture>
                            <animation condition="Control.HasFocus(7011)" effect="fade" end="100" start="0" time="150">Conditional</animation>
                            <animation condition="!Control.HasFocus(7011)" effect="fade" end="0" start="100" time="100">Conditional</animation>
                        </control>
                    </control>
                    <control type="image">
                        <height>607</height>
                        <width>1268</width>
                        <left>1</left>
                        <texture colordiffuse="Background" border="4">common/box.png</texture>
                    </control>
                    <control type="group">
                        <height>607</height>
                        <width>1267</width>
                        <left>1</left>
                        <control type="videowindow">
                            <visible>String.IsEqual(Window.Property(moviecontent),6)</visible>
                            <animation type="Hidden" reversible="false">
                                <effect type="fade" start="100" end="0" time="150" />
                                <effect type="zoom" center="auto" start="100" end="0" time="1" />
                            </animation>
                            <aspectratio align="center" aligny="center" scalediffuse="false">scale</aspectratio>
                        </control>
                    </control>
                    <control type="group">
                        <left>50</left>
                        <top>-120</top>
                        <visible>!Player.HasVideo</visible>
                        <control type="group">
                            <left>560</left>
                            <control type="image" description="Back">
                                <left>0</left>
                                <centertop>55%</centertop>
                                <width>60</width>
                                <height>60</height>
                                <aspectratio align="center" aligny="center">keep</aspectratio>
                                <texture colordiffuse="$VAR[ColorHighlight]">osd/play2.png</texture>
                                <visible>Control.HasFocus(7011)</visible>
                            </control>
                            <control type="image" description="Back">
                                <left>0</left>
                                <centertop>55%</centertop>
                                <width>60</width>
                                <height>60</height>
                                <aspectratio align="center" aligny="center">keep</aspectratio>
                                <texture colordiffuse="Dark2">osd/play2.png</texture>
                                <visible>!Control.HasFocus(7011)</visible>
                            </control>
                        </control>
                    </control>
                </control>

                <!-- INFO SEITE -->
                <control type="group">
                    <visible>String.IsEqual(Window.Property(moviecontent),1)</visible>
                    <include>Animation.FadeInDialogInfo</include>
                    <include>Animation.FadeOutDialogInfo</include>
                    <left>570</left>
                    <right>SidePad</right>
                    <top>555</top>
                    <control type="grouplist">
                        <orientation>vertical</orientation>
                        <itemgap>-30</itemgap>
                        <height>400</height>
                        <width>180</width>
                        <control type="label">
                            <font>Tiny</font>
                            <textcolor>Dark1</textcolor>
                            <label>[B]$LOCALIZE[20417][/B]</label>
                            <aligny>center</aligny>
                            <align>left</align>
                        </control>
                        <control type="label">
                            <font>Tiny</font>
                            <textcolor>Dark1</textcolor>
                            <label>[B]$LOCALIZE[20339][/B]</label>
                            <aligny>center</aligny>
                            <align>left</align>
                        </control>
                        <control type="label">
                            <font>Tiny</font>
                            <textcolor>Dark1</textcolor>
                            <label>[B]$LOCALIZE[572][/B]</label>
                            <aligny>center</aligny>
                            <align>left</align>
                        </control>
                        <control type="label">
                            <font>Tiny</font>
                            <textcolor>Dark1</textcolor>
                            <label>[B]$LOCALIZE[37529][/B]</label>
                            <aligny>center</aligny>
                            <align>left</align>
                        </control>
                        <control type="label">
                            <font>Tiny</font>
                            <textcolor>Dark1</textcolor>
                            <label>[B]$LOCALIZE[37530][/B]</label>
                            <aligny>center</aligny>
                            <align>left</align>
                        </control>
                        <control type="label">
                            <font>Tiny</font>
                            <textcolor>Dark1</textcolor>
                            <label>[B]IMDB 250[/B]</label>
                            <aligny>center</aligny>
                            <align>left</align>
                        </control>
                        <control type="label">
                            <visible>String.IsEqual(ListItem.DBType,movie)</visible>
                            <font>Tiny</font>
                            <textcolor>Dark1</textcolor>
                            <label>[B]$LOCALIZE[445][/B]</label>
                            <aligny>center</aligny>
                            <align>left</align>
                        </control>
                    </control>
                    <control type="grouplist">
                        <orientation>vertical</orientation>
                        <itemgap>-30</itemgap>
                        <height>400</height>
                        <width>650</width>
                        <left>200</left>
                        <control type="label">
                            <font>Tiny</font>
                            <textcolor>Dark2</textcolor>
                            <label fallback="19055">$INFO[ListItem.Writer]</label>
                            <aligny>center</aligny>
                        </control>
                        <control type="label">
                            <font>Tiny</font>
                            <textcolor>Dark2</textcolor>
                            <label fallback="19055">$INFO[ListItem.Director]</label>
                            <aligny>center</aligny>
                        </control>
                        <control type="label">
                            <font>Tiny</font>
                            <textcolor>Dark2</textcolor>
                            <label fallback="19055">$INFO[ListItem.Studio]</label>
                            <aligny>center</aligny>
                        </control>
                        <control type="label">
                            <font>Tiny</font>
                            <textcolor>Dark2</textcolor>
                            <label fallback="19055">$INFO[Window(Home).Property(TMDbHelper.ListItem.Premiered)]</label>
                            <aligny>center</aligny>
                        </control>
                        <control type="label">
                            <font>Tiny</font>
                            <scroll>true</scroll>
                            <textcolor>Dark2</textcolor>
                            <label fallback="19055">$INFO[Window(Home).Property(TMDbHelper.ListItem.Awards)]</label>
                            <aligny>center</aligny>
                        </control>
                        <control type="label">
                            <font>Tiny</font>
                            <textcolor>Dark2</textcolor>
                            <label fallback="19055">$INFO[ListItem.Top250,, / 250]</label>
                            <aligny>center</aligny>
                        </control>
                    </control>
                    <control type="grouplist">
                        <visible>String.IsEqual(ListItem.DBType,movie)</visible>
                        <orientation>horizontal</orientation>
                        <top>237</top>
                        <left>200</left>
                        <height>28</height>
                        <control type="image">
                            <width>28</width>
                            <height>28</height>
                            <texture>$INFO[ListItem.Property(AudioLanguage.1),flags/lang/,.png]</texture>
                            <visible>!String.IsEmpty(ListItem.Property(AudioLanguage.1))</visible>
                        </control>
                        <control type="image">
                            <width>28</width>
                            <height>28</height>
                            <texture>$INFO[ListItem.Property(AudioLanguage.2),flags/lang/,.png]</texture>
                            <visible>!String.IsEmpty(ListItem.Property(AudioLanguage.2))</visible>
                        </control>
                        <control type="image">
                            <width>28</width>
                            <height>28</height>
                            <texture>$INFO[ListItem.Property(AudioLanguage.3),flags/lang/,.png]</texture>
                            <visible>!String.IsEmpty(ListItem.Property(AudioLanguage.3))</visible>
                        </control>
                        <control type="image">
                            <width>28</width>
                            <height>28</height>
                            <texture>$INFO[ListItem.Property(AudioLanguage.4),flags/lang/,.png]</texture>
                            <visible>!String.IsEmpty(ListItem.Property(AudioLanguage.4))</visible>
                        </control>
                        <control type="image">
                            <width>28</width>
                            <height>28</height>
                            <texture>$INFO[ListItem.Property(AudioLanguage.5),flags/lang/,.png]</texture>
                            <visible>!String.IsEmpty(ListItem.Property(AudioLanguage.5))</visible>
                        </control>
                        <control type="image">
                            <width>28</width>
                            <height>28</height>
                            <texture>$INFO[ListItem.Property(SubtitleLanguage.1),flags/lang/,.png]</texture>
                            <visible>!String.IsEmpty(ListItem.Property(SubtitleLanguage.1))</visible>
                            <colordiffuse>ff777777</colordiffuse>
                        </control>
                        <control type="image">
                            <width>28</width>
                            <height>28</height>
                            <texture>$INFO[ListItem.Property(SubtitleLanguage.2),flags/lang/,.png]</texture>
                            <visible>!String.IsEmpty(ListItem.Property(SubtitleLanguage.2))</visible>
                            <colordiffuse>ff777777</colordiffuse>
                        </control>
                        <control type="image">
                            <width>28</width>
                            <height>28</height>
                            <texture>$INFO[ListItem.Property(SubtitleLanguage.3),flags/lang/,.png]</texture>
                            <visible>!String.IsEmpty(ListItem.Property(SubtitleLanguage.3))</visible>
                            <colordiffuse>ff777777</colordiffuse>
                        </control>
                        <control type="image">
                            <width>28</width>
                            <height>28</height>
                            <texture>$INFO[ListItem.Property(SubtitleLanguage.4),flags/lang/,.png]</texture>
                            <visible>!String.IsEmpty(ListItem.Property(SubtitleLanguage.4))</visible>
                            <colordiffuse>ff777777</colordiffuse>
                        </control>
                        <control type="image">
                            <width>28</width>
                            <height>28</height>
                            <texture>$INFO[ListItem.Property(SubtitleLanguage.5),flags/lang/,.png]</texture>
                            <visible>!String.IsEmpty(ListItem.Property(SubtitleLanguage.5))</visible>
                            <colordiffuse>ff777777</colordiffuse>
                        </control>
                    </control>
                    <control type="image" description="clearlogo">
                        <fadetime>250</fadetime>
                        <bottom>260</bottom>
                        <right>5</right>
                        <width>350</width>
                        <aspectratio scalediffuse="true" align="left" aligny="bottom">keep</aspectratio>
                        <texture background="true">$INFO[ListItem.Art(clearart)]</texture>
                        <visible>Skin.HasSetting(show.clearart)</visible>
                    </control>
                    <control type="image" description="Shadow">
                        <width>350</width>
                        <right>5</right>
                        <height>1</height>
                        <bottom>260</bottom>
                        <texture flipy="true" colordiffuse="BoxHomerow">common/sch2.png</texture>
                        <visible>!String.IsEmpty(ListItem.Art(clearart))</visible>
                        <visible>Skin.HasSetting(show.clearart)</visible>
                    </control>
                    <control type="image">
                        <height>109</height>
                        <width>161</width>
                        <bottom>260</bottom>
                        <right>5</right>
                        <texture colordiffuse="Dark1">$VAR[ThumbImageStudiosDialogInfo]</texture>
                        <visible>Skin.HasSetting(show.studiologos)</visible>
                    </control>
                    <control type="image">
                        <height>109</height>
                        <width>240</width>
                        <bottom>260</bottom>
                        <right>5</right>
                        <aspectratio align="right" aligny="bottom">keep</aspectratio>
                        <texture colordiffuse="Dark1" fallback="flags2/mpaa/NR.png">$VAR[RatingFlagVarInfo]</texture>
                        <visible>!Skin.HasSetting(show.studiologos) + !Skin.HasSetting(show.clearart)</visible>
                    </control>
                </control>

                <!-- STARTSEITE -->
                <control type="group">
                    <visible>!String.IsEqual(Window.Property(moviecontent),5) + !String.IsEqual(Window.Property(moviecontent),6)</visible>
                    <include>Animation.VideoFadeOut</include>
                    <include>Furniture_Flags_DialogInfo</include>
                    <include>Animation.FadeInDialogInfo</include>
                    <include>Animation.FadeOutDialogInfo</include>
                    <left>570</left>
                    <right>SidePad</right>
                    <bottom>224</bottom>
                    <top>205</top>
                    <control type="group"> 
                        <control type="grouplist">
                            <visible>String.IsEqual(ListItem.DBType,set)</visible>
                            <orientation>horizontal</orientation>
                            <itemgap>5</itemgap>
                            <top>5</top>    
                            <control type="grouplist">
                                <orientation>vertical</orientation>
                                <itemgap>0</itemgap>                                                            
                                <width>195</width>
                                <control type="label">                                
                                    <font>Tiny</font>
                                    <height>36</height>
                                    <textcolor>Dark1</textcolor>
                                    <label>[B]$LOCALIZE[345][/B]</label>
                                    <aligny>center</aligny>
                                </control>
                                <control type="label">
                                    <font>Tiny</font>
                                    <height>36</height>
                                    <textcolor>Dark1</textcolor>
                                    <label>[B]$LOCALIZE[2050][/B]</label>
                                    <aligny>center</aligny>
                                </control>
                            </control>                            
                            <control type="grouplist">
                                <orientation>vertical</orientation>
                                <itemgap>0</itemgap>                                                           
                                <width>235</width>
                                <control type="label">                                
                                    <height>36</height>
                                    <font>Tiny</font>
                                    <textcolor>Dark2</textcolor>
                                    <label fallback="19055">$INFO[Window(Home).Property(TMDbHelper.ListItem.Set.Years)]</label>
                                    <aligny>center</aligny>
                                </control>
                                <control type="label">
                                    <height>36</height>               
                                    <font>Tiny</font>
                                    <textcolor>Dark2</textcolor>
                                    <label fallback="19055">$VAR[LabelDurationTimeCheckInfo]</label>
                                    <aligny>center</aligny>
                                </control>
                            </control>                            
                            <control type="grouplist">
                                <orientation>vertical</orientation>
                                <itemgap>0</itemgap>                                                            
                                <width>195</width>
                                <control type="label">                                
                                    <font>Tiny</font>
                                    <height>36</height>
                                    <textcolor>Dark1</textcolor>
                                    <label>[B]$LOCALIZE[515][/B]</label>
                                    <aligny>center</aligny>
                                </control>
                                <control type="label">
                                    <font>Tiny</font>
                                    <height>36</height>
                                    <textcolor>Dark1</textcolor>
                                    <label>[B]$VAR[RatingTagsLabel][/B]</label>
                                    <aligny>center</aligny>
                                </control>
                            </control>                            
                            <control type="grouplist">
                                <orientation>vertical</orientation>
                                <itemgap>0</itemgap>                                                           
                                <width>600</width>
                                <control type="label">                                
                                    <height>36</height>
                                    <font>Tiny</font>
                                    <textcolor>Dark2</textcolor>
                                    <label fallback="19055">$VAR[LabelGenreInfo]</label>
                                    <aligny>center</aligny>
                                </control>
                                <control type="label">
                                    <height>36</height>               
                                    <font>Tiny</font>
                                    <textcolor>Dark2</textcolor>
                                    <label fallback="19055">$VAR[RatingTagsInfo]</label>
                                    <aligny>center</aligny>
                                </control>
                            </control>                            
                        </control>                                           
                        <control type="grouplist">
                            <visible>!String.IsEqual(ListItem.DBType,set)</visible>
                            <orientation>horizontal</orientation>
                            <itemgap>5</itemgap>
                            <top>5</top>    
                            <control type="grouplist">
                                <orientation>vertical</orientation>
                                <itemgap>0</itemgap>                                                            
                                <width>195</width>
                                <control type="label">                                
                                    <font>Tiny</font>
                                    <height>36</height>
                                    <textcolor>Dark1</textcolor>
                                    <label>[B]$LOCALIZE[345][/B]</label>
                                    <aligny>center</aligny>
                                </control>
                                <control type="label">
                                    <font>Tiny</font>
                                    <height>36</height>
                                    <textcolor>Dark1</textcolor>
                                    <label>[B]$LOCALIZE[2050][/B]</label>
                                    <aligny>center</aligny>
                                </control>
                            </control>                            
                            <control type="grouplist">
                                <orientation>vertical</orientation>
                                <itemgap>0</itemgap>                                                           
                                <width>235</width>
                                <control type="label">                                
                                    <height>36</height>
                                    <font>Tiny</font>
                                    <textcolor>Dark2</textcolor>
                                    <label fallback="19055">$INFO[ListItem.Year]</label>
                                    <aligny>center</aligny>
                                </control>
                                <control type="label">
                                    <height>36</height>               
                                    <font>Tiny</font>
                                    <textcolor>Dark2</textcolor>
                                    <label fallback="19055">$VAR[LabelDurationTimeCheckInfo]</label>
                                    <aligny>center</aligny>
                                </control>
                            </control>                            
                            <control type="grouplist">
                                <orientation>vertical</orientation>
                                <itemgap>0</itemgap>                                                            
                                <width>195</width>
                                <control type="label">                                
                                    <font>Tiny</font>
                                    <height>36</height>
                                    <textcolor>Dark1</textcolor>
                                    <label>[B]$LOCALIZE[515][/B]</label>
                                    <aligny>center</aligny>
                                </control>
                                <control type="label">
                                    <font>Tiny</font>
                                    <height>36</height>
                                    <textcolor>Dark1</textcolor>
                                    <label>[B]$VAR[RatingTagsLabel][/B]</label>
                                    <aligny>center</aligny>
                                </control>
                            </control>                            
                            <control type="grouplist">
                                <orientation>vertical</orientation>
                                <itemgap>0</itemgap>                                                           
                                <width>600</width>
                                <control type="label">                                
                                    <height>36</height>
                                    <font>Tiny</font>
                                    <textcolor>Dark2</textcolor>
                                    <label fallback="19055">$INFO[ListItem.Genre]</label>
                                    <aligny>center</aligny>
                                </control>
                                <control type="label">
                                    <height>36</height>               
                                    <font>Tiny</font>
                                    <textcolor>Dark2</textcolor>
                                    <label fallback="19055">$VAR[RatingTagsInfo]</label>
                                    <aligny>center</aligny>
                                </control>
                            </control>                            
                        </control>                    
                        <control type="textbox">
                            <visible>[String.IsEqual(Container(50).NumItems,0) | Skin.HasSetting(HideActorImages)] + String.IsEmpty(Window.Property(moviecontent))</visible>
                            <scrolltime>10000</scrolltime>
                            <autoscroll delay="10000" time="4000" repeat="10000">Window.IsVisible(DialogVideoInfo.xml) + System.IdleTime(1)</autoscroll>
                            <right>0</right>
                            <top>180</top>
                            <left>0</left>
                            <height>428</height>
                            <font>Tiny</font>
                            <textcolor>Dark2</textcolor>
                            <align>left</align>
                            <label fallback="19055">$INFO[ListItem.Plot]</label>
                        </control>
                        <control type="textbox">
                            <visible>[[String.IsEqual(Container(50).NumItems,0) | Skin.HasSetting(HideActorImages)] + !String.IsEmpty(Window.Property(moviecontent))] | [!String.IsEqual(Container(50).NumItems,0) + !Skin.HasSetting(HideActorImages)]</visible>
                            <scrolltime>10000</scrolltime>
                            <autoscroll delay="10000" time="4000" repeat="10000">Window.IsVisible(DialogVideoInfo.xml) + System.IdleTime(1)</autoscroll>
                            <right>0</right>
                            <top>180</top>
                            <left>0</left>
                            <height>145</height>
                            <font>Tiny</font>
                            <textcolor>Dark2</textcolor>
                            <align>left</align>
                            <label fallback="19055">$INFO[ListItem.Plot]</label>
                        </control>
                    </control>
                </control>
                <control type="group">
                    <top>200</top>
                    <left>788</left>
    
                    <!-- Cast -->
                    <include content="VideoListCast" condition="!String.IsEqual(ListItem.DBType,set)">
                        <param name="arrowleft" value="-598"/>
                        <param name="arrowtop" value="342"/>
                        <param name="arrowright" value="155"/>
                        <param name="fallbackpicture" value="DefaultActor.png"/>
                        <param name="visi" value="String.IsEmpty(Window.Property(moviecontent)) + !Skin.HasSetting(HideActorImages)"/>
                        <param name="visible.layouts" value="Control.HasFocus(50) | Control.HasFocus(10) | Control.HasFocus(6) | Window.IsVisible(DialogBusy.xml)"/>
                        <param name="storageicon.backgroundlist" value="false"/>
                        <param name="animation" value="Animation.cast.test"/>
                        <param name="controlid" value="50"/>
                        <param name="fallbackpicture" value="defaultactor.png"/>
                        <param name="onup1" value="RunScript(script.embuary.info,call=person,query=$INFO[Container(50).ListItem.Label]))"/>
                        <param name="listleft" value="-840"/>
                        <param name="labeltwovisible" value="true"/>
                    </include>
                    
                    <!-- Sets -->
                    <include content="VideoListCast" condition="String.IsEqual(ListItem.DBType,set)">
                        <param name="arrowleft" value="-598"/>
                        <param name="arrowtop" value="342"/>
                        <param name="arrowright" value="155"/>                        
                        <param name="condition.issets" value="true"/>
                        <param name="condition.isnotsets" value="false"/>
                        <param name="visi" value="String.IsEmpty(Window.Property(moviecontent)) + !Skin.HasSetting(HideActorImages)"/>
                        <param name="visible.layouts" value="Control.HasFocus(50) | Control.HasFocus(10) | Control.HasFocus(6) | Window.IsVisible(DialogBusy.xml)"/>
                        <param name="storageicon.backgroundlist" value="false"/>
                        <param name="animation" value="Animation.cast.test"/>
                        <param name="controlid" value="50"/>
                        <param name="fallbackpicture" value="defaultmovie.png"/>
                        <param name="listleft" value="-840"/>
                        <param name="labeltwovisible" value="true"/>
                    </include>
    
                    <!-- Similar Movies -->
                    <include content="VideoListCast" condition="String.IsEqual(ListItem.DBType,movie) + !String.IsEqual(ListItem.DBType,set)">
                        <param name="arrowleft" value="-598"/>
                        <param name="arrowtop" value="342"/>
                        <param name="arrowright" value="155"/>                        
                        <param name="condition.includecontent" value="true"/>                        
                        <param name="fallbackpicture" value="pbtmdb.png"/>
                        <param name="visi" value="String.IsEqual(Window.Property(moviecontent),2)"/>
                        <param name="animation" value="Animation.cast"/>
                        <param name="controlid" value="9502"/>
                        <param name="ContentToLoad" value="$VAR[ContentVideoSimilar]"/>
                        <param name="visible.layouts" value="Control.HasFocus(9502) | Control.HasFocus(10) | Control.HasFocus(6) | Window.IsVisible(DialogBusy.xml)"/>
                        <param name="storageicon.backgroundlist" value="true"/>
                        <param name="onclick1" value="RunScript(script.embuary.info,call=movie,query=$INFO[Container(9502).ListItem.Label]))"/>
                        <param name="onup1" value="RunScript(script.embuary.info,call=movie,query=$INFO[Container(9502).ListItem.Label]))"/>
                        <param name="listleft" value="-840"/>
                        <param name="labeltwovisible" value="true"/>
                    </include>
    
                    <!-- Similar TV Shows -->
                    <include content="VideoListCast" condition="String.IsEqual(ListItem.DBType,tvshow) + !String.IsEqual(ListItem.DBType,set)">
                        <param name="arrowleft" value="-598"/>
                        <param name="arrowtop" value="342"/>
                        <param name="arrowright" value="155"/>                        
                        <param name="condition.includecontent" value="true"/>                        
                        <param name="fallbackpicture" value="pbtmdb.png"/>
                        <param name="visi" value="String.IsEqual(Window.Property(moviecontent),2)"/>
                        <param name="animation" value="Animation.cast"/>
                        <param name="controlid" value="9502"/>
                        <param name="ContentToLoad" value="$VAR[ContentVideoSimilar]"/>
                        <param name="visible.layouts" value="Control.HasFocus(9502) | Control.HasFocus(10) | Control.HasFocus(6) | Window.IsVisible(DialogBusy.xml)"/>
                        <param name="storageicon.backgroundlist" value="true"/>
                        <param name="onclick1" value="RunScript(script.embuary.info,call=tv,query=$INFO[Container(9502).ListItem.Label]))"/>
                        <param name="onup1" value="RunScript(script.embuary.info,call=tv,query=$INFO[Container(9502).ListItem.Label]))"/>
                        <param name="listleft" value="-840"/>
                        <param name="labeltwovisible" value="true"/>
                    </include>
                    <include content="ListInfoUpdating">
                        <param name="visi" value="String.IsEqual(Window.Property(moviecontent),2)"/>
                        <param name="controlid" value="9502"/>
                        <param name="alignleft" value="450"/>
                    </include>

                    <!-- Studio -->
                    <include content="VideoListCast">
                        <param name="arrowleft" value="-598"/>
                        <param name="arrowtop" value="342"/>
                        <param name="arrowright" value="155"/>                        
                        <param name="condition.includecontent" value="true"/>                        
                        <param name="fallbackpicture" value="pbtmdb.png"/>
                        <param name="visi" value="String.IsEqual(Window.Property(moviecontent),3)"/>
                        <param name="animation" value="Animation.cast"/>
                        <param name="controlid" value="9503"/>
                        <param name="ContentToLoad" value="$VAR[ContentVideoStudio]"/>
                        <param name="visible.layouts" value="Control.HasFocus(9503) | Control.HasFocus(10) | Control.HasFocus(6) | Window.IsVisible(DialogBusy.xml)"/>
                        <param name="storageicon.backgroundlist" value="true"/>
                        <param name="onclick1" value="RunScript(script.embuary.info,call=movie,query=$INFO[Container(9503).ListItem.Label]))"/>
                        <param name="onup1" value="RunScript(script.embuary.info,call=movie,query=$INFO[Container(9503).ListItem.Label]))"/>
                        <param name="listleft" value="-840"/>
                        <param name="labeltwovisible" value="true"/>
                    </include>
                    <include content="ListInfoUpdating">
                        <param name="visi" value="String.IsEqual(Window.Property(moviecontent),3)"/>
                        <param name="controlid" value="9503"/>
                        <param name="alignleft" value="450"/>
                    </include>
    
                    <!-- Youtube -->
                    <include content="VideoListSquare" condition="!String.IsEqual(ListItem.DBType,set)">
                        <param name="arrowleft" value="-748"/>
                        <param name="arrowright" value="384"/>
                        <param name="fallbackpicture" value="defaultvideo.png"/>
                        <param name="visi" value="String.IsEqual(Window.Property(moviecontent),4)"/>
                        <param name="animation.new" value="Animation.CastInfo2"/>
                        <param name="controlid" value="9504"/>
                        <param name="visible.layouts" value="Control.HasFocus(9504) | Control.HasFocus(10) | Control.HasFocus(6) | Window.IsVisible(DialogBusy.xml)"/>
                        <param name="ContentToLoad" value="$VAR[ContentVideoYoutube]"/>
                        <param name="onclick1" value="Dialog.Close(all,force)"/>
                        <param name="onclick2" value="PlayMedia($ESCINFO[Container($PARAM[controlid]).ListItem.FileNameAndPath()])"/>
                        <param name="limit" value="25"/>
                        <param name="sortby" value="file"/>
                        <param name="target" value="videos"/>
                        <param name="leftbackgroundlist" value="-227"/>
                        <param name="alignleft" value="450"/>
                    </include>
                </control>
            </control>
        </control>
        <control type="button" id="95051">
            <include>HiddenButton</include>
            <onback>9000</onback>
            <ondown>SetFocus(9000)</ondown>
            <onback>SetFocus(9000)</onback>
            <onclick>SetFocus(160)</onclick>
            <onleft>SetFocus(9505)</onleft>
            <onleft>LEFT</onleft>
            <onleft>SetFocus(95051)</onleft>
            <onright>SetFocus(9505)</onright>
            <onright>RIGHT</onright>
            <onright>SetFocus(95051)</onright>
        </control>
        <control type="button" id="160">
            <include>HiddenButton</include>
            <ondown>9000</ondown>
            <onback>95051</onback>
            <onleft>SetFocus(9505)</onleft>
            <onleft>LEFT</onleft>
            <onleft>SetFocus(160)</onleft>
            <onright>SetFocus(9505)</onright>
            <onright>RIGHT</onright>
            <onright>SetFocus(160)</onright>
        </control>
        <control type="group">
            <visible>Control.HasFocus(160)</visible>
            <animation effect="fade" end="100" start="20" time="200" tween="sine" easing="in" condition="Control.HasFocus(160)">Conditional</animation>
            <animation effect="fade" end="0" start="100" time="200" tween="sine" easing="in" condition="!Control.HasFocus(160)">Hidden</animation>
            <control type="image">
                <left>0</left>
                <top>0</top>
                <width>1920</width>
                <height>1080</height>
                <texture>common/black.png</texture>
            </control>
            <control type="image">
                <height>1080</height>
                <fadetime>400</fadetime>
                <aspectratio align="center">keep</aspectratio>
                <texture fallback="defaultbrokenimage.png" background="true">$INFO[Container(9505).ListItem.Label]</texture>
            </control>
        </control>
        <include>DialogCustomSettings</include>
    </include>
</includes>
