<?xml version="1.0" encoding="UTF-8"?>
<!-- Foundation -->
<includes>

    <include name="510Content">
        <visible>Container.Content(movies) | Container.Content(tvshows) | Container.Content(seasons) | Container.Content(episodes)</visible>
        <include content="forced_view" condition="Skin.HasSetting(enable.forcedviews)">
            <param name="string" value="$LOCALIZE[37590]" />
        </include>
        <top>550</top>
        <left>-225</left>
        <width>2200</width>
        <height>395</height>
        <onup condition="!Skin.HasSetting(global.kioskmode)">9000</onup>
        <ondown>1651</ondown>
        <orientation>horizontal</orientation>
        <preloaditems>2</preloaditems>
        <pagecontrol>1651</pagecontrol>
        <focusposition>2</focusposition>
        <viewtype label="37590">list</viewtype>
        <include>ScrolltimeViewsList</include>
        <itemlayout height="325" width="222">
            <include content="include.widget.poster">
                <param name="id" value="510"/>
            </include>
        </itemlayout>
        <focusedlayout height="325" width="222">
            <control type="group">
                <animation center="127,168" easing="inout" effect="zoom" end="120" start="100" time="300" tween="sine">Focus</animation>
                <animation center="127,168" easing="inout" effect="zoom" end="100" start="120" time="300" tween="sine">UnFocus</animation>
                <control type="image">
                    <left>0</left>
                    <top>0</top>
                    <right>0</right>
                    <bottom>0</bottom>
                    <texture border="11">common/$VAR[nofocus-shadow10]</texture>
                </control>
                <control type="image">
                    <left>10</left>
                    <top>10</top>
                    <right>10</right>
                    <bottom>10</bottom>
                    <texture colordiffuse="Fallback" border="4" background="true">common/diffuse_box.png</texture>
                </control>
                <control type="image">
                    <left>9</left>
                    <top>9</top>
                    <right>9</right>
                    <bottom>9</bottom>
                    <texture colordiffuse="BoxWidget" border="4" background="true">common/box21.png</texture>
                    <visible>!Skin.HasSetting(thumbnails.white)</visible>
                </control>
                <control type="image">
                    <left>7</left>
                    <top>7</top>
                    <right>7</right>
                    <bottom>7</bottom>
                    <texture colordiffuse="$VAR[ColorSquares]" border="20">common/selectbox.png</texture>
                    <visible>Control.HasFocus(510)</visible>
                    <include>Animation.SelectBoxHome</include>
                </control>
                <control type="image">
                    <left>7</left>
                    <top>7</top>
                    <right>7</right>
                    <bottom>7</bottom>
                    <texture colordiffuse="$VAR[ColorHighlightSelectbox2]" border="20">common/gradient-selectbox.png</texture>
                    <visible>Control.HasFocus(510)</visible>
                    <include>Animation.SelectBoxHome</include>
                </control>
                <control type="image">
                    <left>10</left>
                    <top>10</top>
                    <right>10</right>
                    <bottom>10</bottom>
                    <aspectratio scalediffuse="false">scale</aspectratio>
                    <texture diffuse="diffuse/widgetposter_new.png" background="true" fallback="DefaultMovies.png">$VAR[PosterImage]</texture>
                </control>
                <include content="IndicatorPoster">
                    <param name="right" value="1" />
                    <param name="top" value="1" />
                </include>
             </control>
        </focusedlayout>
    </include>

    <include name="510Wrap">
        <control type="wraplist" id="510">
            <include>510Content</include>
        </control>
    </include>

    <include name="510Fixed">
        <control type="fixedlist" id="510">
            <include>510Content</include>
        </control>
    </include>

    <include name="View_510_Minimal">
        <description>List View (id=510)</description>
        <control type="group">
            <include>Animation.Common</include>
            <visible>Control.IsVisible(510)</visible>
            <control type="group">
                <left>210</left>
                <top>40</top>
                <width>520</width>
                <control type="image" description="clearlogo">
                    <visible>Skin.HasSetting(ShowClearart510) + !String.IsEmpty(ListItem.Art(clearlogo))</visible>
                    <top>-670</top>
                    <width>275</width>
                    <aspectratio scalediffuse="true" align="left">keep</aspectratio>
                    <texture background="true">$INFO[ListItem.Art(clearlogo)]</texture>
                    <include>Animation.ViHi</include>
                    <fadetime>ClearArtFadetime</fadetime>
                </control>
                <control type="label">
                    <visible>!Skin.HasSetting(ShowClearart510) | [Skin.HasSetting(ShowClearart510) + String.IsEmpty(ListItem.Art(clearlogo))]</visible>
                    <top>180</top>
                    <description>Header Label</description>
                    <textcolor>Dark1</textcolor>
                    <font>SmallBold</font>
                    <label fallback="19055">$INFO[ListItem.Title]</label>
                    <include condition="Skin.HasSetting(views.label.autoscroll)">LabelScroll</include>
                    <include>Animation.ViHi</include>
                </control>
                <control type="label">
                    <visible>!String.IsEqual(ListItem.Label,..)</visible>
                    <top>236</top>
                    <height>36</height>
                    <font>Tiny</font>
                    <textcolor>Dark1</textcolor>
                    <label>$VAR[509_Row_3]</label>
                </control>
                <control type="textbox">
                    <top>300</top>
                    <bottom>17</bottom>
                    <font>Tiny</font>
                    <height>144</height>
                    <textcolor>Dark2</textcolor>
                    <selectedcolor>Dark2</selectedcolor>
                    <label>$INFO[ListItem.Plot]</label>
                </control>
                <control type="label">
                    <top>195</top>
                    <left>-130</left>
                    <description>Header Label</description>
                    <textcolor>Dark2</textcolor>
                    <font>HomeFO</font>
                    <label>$INFO[ListItem.Year]</label>
                </control>
                <control type="label">
                    <top>265</top>
                    <left>-130</left>
                    <width>100</width>
                    <align>center</align>
                    <description>Header Label</description>
                    <textcolor>Dark3</textcolor>
                    <font>Small</font>
                    <label>$VAR[LabelDurationTimeCheck]</label>
                </control>
            </control>
            <control type="scrollbar" id="1651">
                <bottom>162</bottom>
                <include content="scrollbar_hor">
                    <param name="showscroll" value="Skin.HasSetting(ShowScrollbar510)" />
                    <param name="scrollid" value="1651"/>
                    <param name="jumpbar" value="false"/>
                </include>
            </control>
            <include condition="!Skin.HasSetting(53poster.nowrap)">510Wrap</include>
            <include condition="Skin.HasSetting(53poster.nowrap)">510Fixed</include>
        </control>
    </include>
</includes>
