﻿<?xml version="1.0" encoding="UTF-8"?>
<window>
    <defaultcontrol>9000</defaultcontrol>
    <onload>ClearProperty(down)</onload>
    <onunload>ClearProperty(down)</onunload>
    <onunload>ClearProperty(extendedtype,home)</onunload>
    <onload>SetProperty(onback_10052,SetFocus(9000))</onload>
    <onload>SetProperty(onback_10053,SetFocus(9000))</onload>
    <onload>SetProperty(onback_10054,SetFocus(9000))</onload>
    <onload>SetProperty(onback_10055,SetFocus(9000))</onload>
    <onload>SetProperty(onback_10056,SetFocus(9000))</onload>
    <onload>SetProperty(onback_10057,SetFocus(9000))</onload>
    <onload>SetProperty(onback_10058,SetFocus(9000))</onload>
    <onload>SetProperty(onback_160,SetFocus(10055))</onload>
    <controls>

        <!-- Storage container for the item details -->
        <control type="list" id="10051">
            <top>-3000</top>
            <left>-3000</left>
            <width>1</width>
            <height>1</height>
            <itemlayout/>
            <focusedlayout/>
        </control>
        <include condition="Skin.HasSetting(extended.info.override.play)">TMDbHelper_InfoList</include>        
        <control type="image">
            <include>Animation.FadeIn</include>
            <include>Animation.FadeOut</include>
            <width>100%</width>
            <height>100%</height>
            <animation effect="fade" start="100" end="90" condition="Skin.HasSetting(osd.usetheme)">Conditional</animation>
            <texture colordiffuse="$VAR[OSDPanel]">common/white.png</texture>
            <visible>Window.IsVisible(fullscreenvideo) | Container.Content(actors) | [Window.IsVisible(home) + !Window.IsVisible(DialogVideoInfo.xml)] | !Window.IsVisible(DialogVideoInfo.xml)</visible>
        </control>
        <control type="group">
            <animation type="Conditional" reversible="true" condition="Window.IsVisible(FileBrowser.xml) | Window.IsVisible(DialogConfirm.xml) | Window.IsVisible(DialogSelect.xml) | Window.IsVisible(DialogContextMenu.xml) | Window.IsVisible(DialogButtonMenu.xml)">
                <effect type="zoom" end="95" start="100" time="200" center="auto" tween="quadratic" easing="in"/>
            </animation>

            <!-- Side Poster -->
            <control type="group">
                <include>Animation.SidePoster</include>
                <animation condition="!ControlGroup(9000).HasFocus() + !String.IsEqual(Window.Property(videoinfo),3) + !Control.HasFocus(9601)" effect="fade" end="0" start="100" time="300">Conditional</animation>
                <control type="group" description="Poster">
                    <left>SidePad</left>
                    <top>PosterPad</top>
                    <control type="image">
                        <top>PosterH</top>
                        <width>PosterW</width>
                        <height>PosterH</height>
                        <fadetime>PosterFanartFadetime</fadetime>
                        <aspectratio align="center" aligny="center" scalediffuse="false">scale</aspectratio>
                        <texture flipy="true" diffuse="diffuse/listposter-ref-widgets.png" background="true">$INFO[Container(10051).ListItem.Art(thumb)]</texture>
                        <visible>Skin.HasSetting(show.reflections)</visible>
                    </control>
                    <control type="image">
                        <centertop>PosterH</centertop>
                        <width>PosterW</width>
                        <height>48</height>
                        <aspectratio>stretch</aspectratio>
                        <texture>diffuse/shadowspot.png</texture>
                    </control>
                    <control type="image">
                        <width>PosterW</width>
                        <height>PosterH</height>
                        <texture border="5" colordiffuse="FF181818">common/box.png</texture>
                    </control>
                    <control type="image">
                        <left>-24</left>
                        <top>-24</top>
                        <width>PosterShadowW</width>
                        <height>PosterShadowH</height>
                        <texture border="32">common/$VAR[shadow-24]</texture>
                    </control>
                    <control type="image">
                        <width>PosterW</width>
                        <height>PosterH</height>
                        <fadetime>PosterFanartFadetime</fadetime>
                        <aspectratio align="center" aligny="center" scalediffuse="false">scale</aspectratio>
                        <texture diffuse="diffuse/listposter2.png" background="true">$INFO[Container(10051).ListItem.Art(thumb)]</texture>
                    </control>
                    <control type="image">
                        <left>-1</left>
                        <top>-1</top>
                        <height>642</height>
                        <width>430</width>
                        <texture colordiffuse="Box2" border="4" background="true">common/box21.png</texture>
                        <visible>!Skin.HasSetting(thumbnails.white)</visible>
                    </control>
                </control>
            </control>

            <!-- Right Side Info -->
            <control type="group">
                <include>Animation.RightSide</include>

                <!-- Control Buttons -->
                <control type="group">
                    <bottom>-80</bottom>
                    <include>Animation.VideoFadeOut</include>
                    <include>ExtendedDialogInfoNavigationVideoWIP</include>
                </control>
                <control type="group">
                    <top>210</top>
                    <left>570</left>
                    <animation condition="!ControlGroup(9000).HasFocus() + !String.IsEqual(Window.Property(videoinfo),3) + !Control.HasFocus(9601)" effect="fade" end="0" start="100" time="300">Conditional</animation>
                    <control type="label">
                        <top>-120</top>
                        <left>0</left>
                        <font>LargeNew</font>
                        <description>Header Label</description>
                        <textcolor>Dark1</textcolor>
                        <include>DefDialogInfoHeader</include>
                        <label>$VAR[LabelWIPDialogVideoInfoHeader]</label>
                    </control>
                    <control type="label">
                        <top>-65</top>
                        <height>36</height>
                        <font>Tiny</font>
                        <textcolor>Dark1</textcolor>
                        <width>78%</width>
                        <label fallback="19055">$VAR[LabelWIPDialogVideoInfoTagline]</label>
                        <aligny>center</aligny>
                    </control>
                </control>
                
                <!-- Arrows -->                
                <include content="ArrowsNavigation">
                    <param name="visible" value="Control.HasFocus(10055) + Integer.IsGreater(10055(100).NumItems,1)" />
                    <param name="centerbottom" value="560" />
                </include>
                
                <control type="group">
                    <animation condition="[!ControlGroup(9000).HasFocus() | String.IsEqual(Window.Property(videoinfo),3)] + !Control.HasFocus(9601)" effect="fade" end="0" start="100" time="300">Conditional</animation>
                    <left>570</left>
                    <bottom>224</bottom>
                    <top>210</top>
                    <include>Animation.FadeInDialogInfo</include>
                    <include>Animation.FadeOutDialogInfo</include>
                    <visible>!String.IsEqual(Window.Property(videoinfo),3)</visible>
                    <control type="grouplist">
                        <height>325</height>
                        <itemgap>36</itemgap>
                        <orentation>horizontal</orentation>
                        <control type="group">
                            <control type="group">
                                <height>43</height>
                                <control type="label">
                                    <width>100%</width>
                                    <height>36</height>
                                    <font>Tiny</font>
                                    <textcolor>Dark1</textcolor>
                                    <label>[B]$LOCALIZE[345][/B]</label>
                                    <aligny>center</aligny>
                                </control>
                                <control type="label">
                                    <left>200</left>
                                    <right>420</right>
                                    <height>36</height>
                                    <font>Tiny</font>
                                    <width>230</width>
                                    <textcolor>Dark2</textcolor>
                                    <label fallback="19055">$INFO[Container(10051).ListItem.Year]</label>
                                    <aligny>center</aligny>
                                </control>
                            </control>
                            <control type="group">
                                <height>43</height>
                                <left>440</left>
                                <control type="label">
                                    <width>100%</width>
                                    <height>36</height>
                                    <font>Tiny</font>
                                    <textcolor>Dark1</textcolor>
                                    <label>[B]$LOCALIZE[515][/B]</label>
                                    <aligny>center</aligny>
                                </control>
                                <control type="label">
                                    <left>200</left>
                                    <height>36</height>
                                    <width>40%</width>
                                    <font>Tiny</font>
                                    <textcolor>Dark2</textcolor>
                                    <label fallback="19055">$INFO[Container(10051).ListItem.Genre]</label>
                                    <aligny>center</aligny>
                                </control>
                            </control>
                        </control>
                        <control type="group">
                            <control type="group">
                                <height>43</height>
                                <control type="label">
                                    <width>180</width>
                                    <height>36</height>
                                    <font>Tiny</font>
                                    <textcolor>Dark1</textcolor>
                                    <label>[B]$LOCALIZE[2050][/B]</label>
                                    <aligny>center</aligny>
                                </control>
                                <control type="label">
                                    <left>200</left>
                                    <right>420</right>
                                    <height>36</height>
                                    <width>230</width>
                                    <font>Tiny</font>
                                    <textcolor>Dark2</textcolor>
                                    <label fallback="19055">$INFO[Container(10051).ListItem.Duration(mins),,min]</label>
                                    <aligny>center</aligny>
                                </control>
                            </control>
                            <control type="group">
                                <left>440</left>
                                <height>43</height>
                                <control type="label">
                                    <width>100%</width>
                                    <height>36</height>
                                    <font>Tiny</font>
                                    <textcolor>Dark1</textcolor>
                                    <label>[B]$LOCALIZE[563][/B]</label>
                                    <aligny>center</aligny>
                                </control>
                                <control type="label">
                                    <left>200</left>
                                    <height>36</height>
                                    <font>Tiny</font>
                                    <textcolor>Dark2</textcolor>
                                    <label fallback="19055">$VAR[LabelExtendedInfoRatingLabel]</label>
                                    <aligny>center</aligny>
                                </control>
                            </control>
                        </control>
                        <control type="group">
                            <control type="group">
                                <height>43</height>
                                <control type="label">
                                    <width>180</width>
                                    <height>36</height>
                                    <font>Tiny</font>
                                    <textcolor>Dark1</textcolor>
                                    <label>[B]$LOCALIZE[20339][/B]</label>
                                    <aligny>center</aligny>
                                </control>
                                <control type="label">
                                    <left>200</left>
                                    <right>420</right>
                                    <height>36</height>
                                    <width>230</width>
                                    <font>Tiny</font>
                                    <textcolor>Dark2</textcolor>
                                    <label fallback="19055">$INFO[Container(10051).ListItem.Director]</label>
                                    <aligny>center</aligny>
                                </control>
                            </control>
                            <control type="group">
                                <left>440</left>
                                <height>43</height>
                                <control type="label">
                                    <width>100%</width>
                                    <height>36</height>
                                    <font>Tiny</font>
                                    <textcolor>Dark1</textcolor>
                                    <label>[B]$LOCALIZE[20417][/B]</label>
                                    <aligny>center</aligny>
                                </control>
                                <control type="label">
                                    <left>200</left>
                                    <height>36</height>
                                    <font>Tiny</font>
                                    <textcolor>Dark2</textcolor>
                                    <label fallback="19055">$INFO[Container(10051).ListItem.Writer]</label>
                                    <aligny>center</aligny>
                                </control>
                            </control>
                        </control>
                        <control type="group">
                            <visible>!String.IsEmpty(Container(10051).ListItem.Property(Budget)) | !String.IsEmpty(Container(10051).ListItem.Property(Revenue))</visible>
                            <control type="group">
                                <height>43</height>
                                <control type="label">
                                    <width>180</width>
                                    <height>36</height>
                                    <font>Tiny</font>
                                    <textcolor>Dark1</textcolor>
                                    <label>[B]$ADDON[script.embuary.info 32013][/B]</label>
                                    <aligny>center</aligny>
                                </control>
                                <control type="label">
                                    <left>200</left>
                                    <right>420</right>
                                    <height>36</height>
                                    <width>230</width>
                                    <font>Tiny</font>
                                    <textcolor>Dark2</textcolor>
                                    <label fallback="19055">$INFO[Container(10051).ListItem.Property(Budget),,$]</label>
                                    <aligny>center</aligny>
                                </control>
                            </control>
                            <control type="group">
                                <left>440</left>
                                <height>43</height>
                                <control type="label">
                                    <width>100%</width>
                                    <height>36</height>
                                    <font>Tiny</font>
                                    <textcolor>Dark1</textcolor>
                                    <label>[B]$ADDON[script.embuary.info 32014][/B]</label>
                                    <aligny>center</aligny>
                                </control>
                                <control type="label">
                                    <left>200</left>
                                    <height>36</height>
                                    <font>Tiny</font>
                                    <textcolor>Dark2</textcolor>
                                    <label fallback="19055">$INFO[Container(10051).ListItem.Property(Revenue),,$]</label>
                                    <aligny>center</aligny>
                                </control>
                            </control>
                        </control>
                        <control type="group">
                            <visible>!String.IsEmpty(Container(10051).ListItem.Premiered) | !String.IsEmpty(Container(10051).ListItem.Property(release))</visible>
                            <control type="group">
                                <height>43</height>
                                <control type="label">
                                    <width>180</width>
                                    <height>36</height>
                                    <font>Tiny</font>
                                    <textcolor>Dark1</textcolor>
                                    <label>[B]$ADDON[script.embuary.info 32011][/B]</label>
                                    <aligny>center</aligny>
                                </control>
                                <control type="label">
                                    <left>200</left>
                                    <right>420</right>
                                    <height>36</height>
                                    <width>230</width>
                                    <font>Tiny</font>
                                    <textcolor>Dark2</textcolor>
                                    <label fallback="19055">$INFO[Container(10051).ListItem.Premiered]</label>
                                    <aligny>center</aligny>
                                </control>
                            </control>
                            <control type="group">
                                <left>440</left>
                                <height>43</height>
                                <control type="label">
                                    <width>100%</width>
                                    <height>36</height>
                                    <font>Tiny</font>
                                    <textcolor>Dark1</textcolor>
                                    <label>[B]$ADDON[script.embuary.info 32012][/B]</label>
                                    <aligny>center</aligny>
                                </control>
                                <control type="label">
                                    <left>200</left>
                                    <height>36</height>
                                    <font>Tiny</font>
                                    <textcolor>Dark2</textcolor>
                                    <label fallback="19055">$INFO[Container(10051).ListItem.Property(release)]</label>
                                    <aligny>center</aligny>
                                </control>
                            </control>
                        </control>
                        <control type="group">
                            <left>440</left>
                            <height>-5</height>
                        </control>
                        <control type="group">
                            <control type="textbox">
                                <scrolltime>10000</scrolltime>
                                <autoscroll delay="10000" time="4000" repeat="10000">true</autoscroll>
                                <right>SidePad</right>
                                <left>0</left>
                                <height>auto</height>
                                <font>Tiny</font>
                                <textcolor>Dark2</textcolor>
                                <align>left</align>
                                <label fallback="19055">$INFO[Container(10051).ListItem.Plot]</label>
                            </control>
                        </control>
                    </control>
                </control>
                <control type="group">
                    <top>200</top>
                    <left>200</left>
    
                <!-- Crew -->
                    <include content="VideoListCast">
                        <param name="arrowleft" value="-8"/>
                        <param name="arrowtop" value="355"/>
                        <param name="arrowright" value="153"/>
                        <param name="fallbackpicture" value="pbtmdb.png"/>
                        <param name="visi" value="String.IsEmpty(Window.Property(videoinfo))"/>
                        <param name="animation.new" value="Animation.ExtendedCastInfo"/>
                        <param name="controlid" value="10052"/>
                        <param name="visible.layouts" value="Control.HasFocus(10052)"/>
                        <param name="leftbackgroundlist" value="362"/>
                        <param name="headerleft" value="575"/>
                        <param name="labeltwovisible" value="true"/>
                    </include>
                    <include content="ListInfoUpdating">
                        <param name="visi" value="String.IsEmpty(Window.Property(videoinfo))"/>
                        <param name="controlid" value="10052"/>
                    </include>
    
                <!-- Similar -->
                    <include content="VideoListCast">
                        <param name="arrowleft" value="-8"/>
                        <param name="arrowtop" value="355"/>
                        <param name="arrowright" value="153"/>
                        <param name="fallbackpicture" value="pbtmdb.png"/>
                        <param name="visi" value="String.IsEqual(Window.Property(videoinfo),1)"/>
                        <param name="animation.new" value="Animation.ExtendedCastInfo"/>
                        <param name="controlid" value="10053"/>
                        <param name="visible.layouts" value="Control.HasFocus(10053)"/>
                        <param name="leftbackgroundlist" value="362"/>
                        <param name="headerleft" value="575"/>
                        <param name="labeltwovisible" value="true"/>
                    </include>
                    <include content="ListInfoUpdating">
                        <param name="visi" value="String.IsEqual(Window.Property(videoinfo),1)"/>
                        <param name="controlid" value="10053"/>
                    </include>
    
                <!-- Youtube Videos -->
                    <include content="VideoListCast">
                        <param name="arrowleft" value="-728"/>
                        <param name="arrowtop" value="342"/>
                        <param name="arrowright" value="365"/>
                        <param name="fallbackpicture" value="defaultvideo.png"/>
                        <param name="visi" value="String.IsEqual(Window.Property(videoinfo),2)"/>
                        <param name="animation.new" value="Animation.ExtendedCastInfoYt"/>
                        <param name="controlid" value="10054"/>
                        <param name="visible.layouts" value="Control.HasFocus(10054) | Control.HasFocus(6)"/>
                        <param name="aspectbox" value="true"/>
                        <param name="aspectposter" value="false"/>
                        <param name="limit" value="25"/>
                        <param name="sortby" value="file"/>
                        <param name="target" value="videos"/>
                        <param name="listbottom" value="30"/>
                        <param name="listleft" value="-500"/>
                        <param name="leftbackgroundlist" value="362"/>
                        <param name="width" value="370"/>
                        <param name="height" value="355"/>
                        <param name="headerleft" value="745"/>
                        <param name="labelbottom" value="-115"/>
                        <param name="labelleft" value="-40"/>
                        <param name="labeltwovisible" value="true"/>
                        <param name="labeltwobottom" value="-155"/>
                    </include>
                    <include content="ListInfoUpdating">
                        <param name="visi" value="String.IsEqual(Window.Property(videoinfo),2)"/>
                        <param name="controlid" value="10054"/>
                    </include>
    
                <!-- Crew -->
                    <include content="VideoListCast">
                        <param name="arrowleft" value="-8"/>
                        <param name="arrowtop" value="355"/>
                        <param name="arrowright" value="153"/>
                        <param name="fallbackpicture" value="pbtmdb.png"/>
                        <param name="visi" value="String.IsEqual(Window.Property(videoinfo),4)"/>
                        <param name="animation.new" value="Animation.ExtendedCastInfo"/>
                        <param name="controlid" value="10056"/>
                        <param name="visible.layouts" value="Control.HasFocus(10056)"/>
                        <param name="leftbackgroundlist" value="362"/>
                        <param name="headerleft" value="575"/>
                        <param name="labeltwovisible" value="true"/>
                    </include>
                    <include content="ListInfoUpdating">
                        <param name="visi" value="String.IsEqual(Window.Property(videoinfo),4)"/>
                        <param name="controlid" value="10056"/>
                    </include>
    
                <!-- Seasons -->
                    <include content="VideoListCast">
                        <param name="arrowleft" value="-8"/>
                        <param name="arrowtop" value="355"/>
                        <param name="arrowright" value="153"/>
                        <param name="fallbackpicture" value="pbtmdb.png"/>
                        <param name="visi" value="String.IsEqual(Window.Property(videoinfo),5)"/>
                        <param name="animation.new" value="Animation.ExtendedCastInfo"/>
                        <param name="controlid" value="10058"/>
                        <param name="visible.layouts" value="Control.HasFocus(10058)"/>
                        <param name="leftbackgroundlist" value="362"/>
                        <param name="headerleft" value="575"/>
                        <param name="labeltwovisible" value="true"/>
                    </include>
                    <include content="ListInfoUpdating">
                        <param name="visi" value="String.IsEqual(Window.Property(videoinfo),5)"/>
                        <param name="controlid" value="10058"/>
                    </include>
    
                <!-- Seasons -->
                    <include content="VideoListCast">
                        <param name="arrowleft" value="-8"/>
                        <param name="arrowtop" value="355"/>
                        <param name="arrowright" value="153"/>
                        <param name="fallbackpicture" value="pbtmdb.png"/>
                        <param name="visi" value="String.IsEqual(Window.Property(videoinfo),6)"/>
                        <param name="animation.new" value="Animation.ExtendedCastInfo"/>
                        <param name="controlid" value="10057"/>
                        <param name="visible.layouts" value="Control.HasFocus(10057)"/>
                        <param name="leftbackgroundlist" value="362"/>
                        <param name="headerleft" value="575"/>
                        <param name="labeltwovisible" value="true"/>
                    </include>
                    <include content="ListInfoUpdating">
                        <param name="visi" value="String.IsEqual(Window.Property(videoinfo),6)"/>
                        <param name="controlid" value="10057"/>
                    </include>
    
                <!-- Images -->
                    <include content="ImageList">
                        <param name="visi" value="String.IsEqual(Window.Property(videoinfo),3)"/>
                        <param name="controlid" value="10055"/>
                        <param name="listbottom" value="184"/>
                        <param name="listleft" value="370"/>
                        <param name="listright" value="SidePad"/>
                        <param name="listtop" value="135"/>
                    </include>
                </control>
            </control>
        </control>
        <control type="label">
            <right>83</right>
            <bottom>105</bottom>
            <height>50</height>
            <font>Mini</font>
            <scroll>false</scroll>
            <textcolor>Dark3</textcolor>
            <label>$VAR[DialogInfoLabel]</label>
            <aligny>center</aligny>
            <align>right</align>
            <visible>ControlGroup(9000).HasFocus()</visible>
            <include>Animation.FadeIn</include>
            <include>Animation.FadeOut</include>
        </control>
        <include content="ExtendedImage">
            <param name="buttonid" value="160"/>
            <param name="containerid" value="10055"/>
        </include>
        <include content="DialogInfoOverlay">
            <param name="headerinfo" value="$VAR[LabelExtendedInfoLabel]" />
            <param name="plotinfo" value="$VAR[LabelExtendedInfoPlot]" />
        </include>
    </controls>
</window>
