<?xml version="1.0" encoding="UTF-8"?>
<window type="dialog" id="1298">
    <defaultcontrol>11</defaultcontrol>
    <controls>
        <include>GlobalOverlay</include>
        <control type="group">
            <include>DefDialogOK</include>
            <control type="label">
                <left>75</left>
                <width>790</width>
                <posy>0</posy>
                <include>FontTop</include>
                <label>37649</label>
                <textcolor>Dark2</textcolor>
            </control>
            <control type="textbox">
                <height>230</height>
                <align>left</align>
                <left>10</left>
                <font>Tiny</font>
                <posy>108</posy>
                <label>37656</label>
            </control>
            <control type="grouplist">
                <posy>310</posy>
                <height>66</height>
                <width>100%</width>
                <align>center</align>
                <orientation>horizontal</orientation>
                <itemgap>30</itemgap>
                <control type="button" id="11">
                    <description>Yes</description>
                    <width>320</width>
                    <label>107</label>
                    <font>Button</font>
                    <texturefocus colordiffuse="$VAR[ColorHighlight]" border="5">common/box.png</texturefocus>
                    <texturenofocus colordiffuse="Black12" border="5">common/box.png</texturenofocus>
                    <onclick>Skin.Reset(focuscolor.name)</onclick>
                    <onclick>Skin.Reset(starscolor.name)</onclick>
                    <onclick>Skin.Reset(ratingcolor.name)</onclick>
                    <onclick>Skin.Reset(squarecolor.name)</onclick>
                    <onclick>Skin.Reset(userratingcolor.name)</onclick>
                    <onclick>Skin.Reset(kodilogocolor.name)</onclick>
                    <onclick>Skin.Reset(selectbarcolor.name)</onclick>
                    <onclick>Skin.Reset(squarecolor2.name)</onclick>
                    <onclick>Skin.Reset(focuscolor2.name)</onclick>
                    <onclick>Skin.Reset(selectotherbarcolor.name)</onclick>
                    <onclick>Skin.Reset(focuscolorotherbar.name)</onclick>
                    <onclick>Skin.Reset(kodilogocolorgradient.name)</onclick>
                    <onclick>close</onclick>
                </control>
                <control type="button" id="10">
                    <description>No</description>
                    <width>320</width>
                    <label>106</label>
                    <font>Button</font>
                    <texturefocus colordiffuse="$VAR[ColorHighlight]" border="5">common/box.png</texturefocus>
                    <texturenofocus colordiffuse="Black12" border="5">common/box.png</texturenofocus>
                    <onclick>close</onclick>
                </control>
            </control>
        </control>
    </controls>
</window>