<?xml version="1.0" encoding="UTF-8"?>
<addon
    id="skin.arctic.zephyr.mod"
    version="1.1.24"
    name="Arctic: Zephyr - Reloaded"
    provider-name="jurialmunkey, beatmasterrs">
    <requires>
        <import addon="xbmc.gui" version="5.15.0"/>
        <import addon="script.skinshortcuts" version="0.4.0"/>
        <import addon="script.globalsearch" version="5.0.0"/>
        <import addon="script.image.resource.select" version="0.0.5"/>
        <import addon="resource.images.weathericons.white" version="0.0.6"/>
        <import addon="script.skin.helper.colorpicker" version="1.0.11"/>
        <import addon="script.embuary.info" version="0.0.1"/>
        <import addon="script.embuary.helper" version="1.2.14"/>
        <import addon="plugin.video.themoviedb.helper" version="0.0.1"/>
    </requires>
    <extension
    point="xbmc.gui.skin"
    defaultthemename="Textures.xbt"
    debugging="false"
    effectslowdown="1">
        <res width="1920" height="1080" aspect="16:9" default="true" folder="1080i" />
    </extension>
    <extension point="xbmc.addon.metadata">
        <summary lang="de">Klar, minimalistisch, elegant, einfach, leicht</summary>
        <summary lang="en">Clean, minimal, elegant, simple, light.</summary>
        <summary lang="en_AU">Clean, minimal, elegant, simple, light.</summary>
        <summary lang="en_US">Clean, minimal, elegant, simple, light.</summary>
        <summary lang="es">Limpio, minimalista, elegante, simple, ligero.</summary>
        <summary lang="fr">Clair, minimaliste, élégant, simple et léger.</summary>
        <summary lang="fr_CA">Net, minimal, élégant, simple, léger.</summary>
        <summary lang="lt">Švari, minimali, elegantiška, paprasta, lengva.</summary>
        <summary lang="nl">Schoon, minimaal, elegant, simpel, licht.</summary>
        <summary lang="no">Rent, minimalt, elegant, enkelt, lett.</summary>
        <summary lang="pl">Prosta, minimalista, elegancka i lekka</summary>
        <summary lang="pt_BR">Limpa, simplista, elegante, leve.</summary>
        <summary lang="ro">Curat, minimalist, elegant, simplu, ușor</summary>
        <summary lang="ru">Опрятный, минималистичный, элегантный, простой, светлый.</summary>
        <description lang="de">Arctic: Zephyr ist die dritte Iteration des Arctic Skins von jurialmunkey und ein minimalistisches, klares und simples Interface für deine Medien mit dem gewissen Etwas.</description>
        <description lang="en">Arctic: Zephyr is the third iteration of the Arctic skin created by jurialmunkey. Arctic focuses on being simple, clean and minimalistic with a light spin.</description>
        <description lang="en_AU">Arctic: Zephyr is the third iteration of the Arctic skin created by jurialmunkey. Arctic focuses on being simple, clean and minimalistic with a light spin.</description>
        <description lang="en_US">Arctic: Zephyr is the third iteration of the Arctic skin created by jurialmunkey. Arctic focuses on being simple, clean and minimalistic with a light spin.</description>
        <description lang="es">Arctic: Zephyr es la tercera versión del skin Arctic creado por jurialmunkey. El skin Arctic se centra en ser simple, limpio y minimalista con un ligero giro.</description>
        <description lang="fr">Arctic: Zephyr est la 3ème version du skin Arctic créé par jurialmunkey. Arctic se focalise sur le fait d'être simple, claire et minimaliste.</description>
        <description lang="fr_CA">Arctique : Zéphyr est la troisième version de l'habillage Arctique créé par jurialmunkey. Arctique se veut être simple, net et minimaliste tout en étant léger. </description>
        <description lang="lt">Arctic: Zephyr yra trečia Arctic teminės išvaizdos, kurios autorius yra jurialmunkey, iteracija. Arctic sutelkia dėmesį ties paprastumu, švarumu ir minimalizmu su lengvu veikimu.</description>
        <description lang="nl">Arctic: Zephyr is de derde herhaling van de arctic skin ge creëerd door jurialmunkey. Arctic focust zich op een eenvoudig zeinde, schoon en minimaal met een lichte twist.</description>
        <description lang="no">Arctic: Zephyr er den tredje iterasjonen av Arctic skallet som ble laget av jurialmunkey. Arctic fokuserer på å være enkel, rent og minimalistisk med et snev av letthet.</description>
        <description lang="pl">Arctic: Zephyr jest trzecią wersją oryginalnej skóry Arctic stworzonej przez jurialmunkey. Arctic skupia się na prostocie i minimalizmie z lekką dozą szaleństwa.</description>
        <description lang="pt_BR">Arctic: Zephyr é a terceira iteração da interface Arctic criada por jurialmunkey. Arctic foi criada para ser simples, limpa e minimalistica.</description>
        <description lang="ru">Arctic: Zephyr это третий виток обложки Arctic, созданной jurialmunkey. Arctic старается быть простой, опрятной и минималистичной.</description>
        <platform>all</platform>
        <license>Creative Commons Non Commercial 3.0 License</license>
        <forum>http://forum.kodi.tv/forumdisplay.php?fid=221</forum>
        <source>https://github.com/jurialmunkey/skin.arctic.zephyr</source>
        <assets>
            <icon>icon.png</icon>
            <fanart>fanart.jpg</fanart>
            <screenshot>resources/screenshot-01.jpg</screenshot>
            <screenshot>resources/screenshot-02.jpg</screenshot>
            <screenshot>resources/screenshot-03.jpg</screenshot>
            <screenshot>resources/screenshot-04.jpg</screenshot>
            <screenshot>resources/screenshot-05.jpg</screenshot>
            <screenshot>resources/screenshot-06.jpg</screenshot>
            <screenshot>resources/screenshot-07.jpg</screenshot>
            <screenshot>resources/screenshot-08.jpg</screenshot>
            <screenshot>resources/screenshot-09.jpg</screenshot>
            <screenshot>resources/screenshot-10.jpg</screenshot>
            <screenshot>resources/screenshot-11.jpg</screenshot>
            <screenshot>resources/screenshot-12.jpg</screenshot>
            <screenshot>resources/screenshot-13.jpg</screenshot>
            <screenshot>resources/screenshot-14.jpg</screenshot>
            <screenshot>resources/screenshot-15.jpg</screenshot>
            <screenshot>resources/screenshot-16.jpg</screenshot>
            <screenshot>resources/screenshot-17.jpg</screenshot>
            <screenshot>resources/screenshot-18.jpg</screenshot>
            <screenshot>resources/screenshot-19.jpg</screenshot>
		</assets>
        <news>1.1.24[CR]- Added indicator setting[CR]- Fixed playback issue (!thx)[CR]- Code improvements, cleanup[CR]- Added tmdbhelper fallback labels[CR]- Added setting to diable next aired info[CR][CR]1.1.23[CR]- Code improvements, cleanup[CR]- Fixed a lot of issues[CR]- Added option for widgets fade animation [CR]- Added discart for osd [CR]- Added new HDR, DolbyVision and web-dl flags[CR]- Added option to set spotlight widget path[CR]- Added autoscroll for classic widgets[CR]- Enabled extended infos for episodes[CR][CR]1.1.22[CR]- Improvements on plot overlays[CR]- Code and texture improvements, cleanup[CR]- Language strings updated by several contributors, thx![CR][CR]1.1.21[CR]- Code improvements, cleanup[CR]- ColorPicker dialog improvements[CR]- DialogSelect using poster instead icon, if available[CR]- Scrollbar improvements[CR]- Texture improvements[CR]- Option to select media flags added[CR]- Added homemenu viewtype selector[CR]- Minor adjustments of now playing[CR]- Fixed a lot of issues[CR]- Ultra HD Blu Ray icon added[CR]- Language strings updated by several contributors, thx![CR]- Addon is renamed to Arctic: Zephyr - Reloaded[CR]- Added option to hide all indicators[CR]- Added widget 6[CR]- Added custom powermenu[CR][CR]1.1.20[CR]- Added netflix homemenu layout[CR]- Added custom widgets[CR][CR]1.1.19[CR]- Fixed issues, code cleanup[CR]- Improvements on animations[CR]- Added custom coreelec settings[CR][CR]1.1.18[CR]- Code improvements[CR]- Fixed issues[CR][CR]1.1.17[CR]- Improvements on dialoginfo overlay[CR]- Fixed issue with sets info[CR]- Added support for script.skin.info.service[CR][CR]1.1.16[CR]- Widgets cleanup, improvements on supported addons section[CR][CR]1.1.15[CR]- Fixed a lot of issues, cleaned up the code[CR]- Cinema experience support of embuary.helper addon added[CR]- Widgets added[CR]- Now playing info added[CR]- Dialog settings added[CR]- Fixed rating flags[CR]- Improvements on osd/homemenu/views[CR][CR]1.1.14[CR]- Fixed issues[CR][CR]1.1.13[CR]- Texture improvements[CR]- Fixed a lot of issues[CR]- Rework on filemanager[CR]- Added tempo function[CR]- Added new kodi 19 infolabels[CR]- Added german telecast offers support[CR]- Code improvements[CR][CR]1.1.12[CR]- Cleanup the code[CR]- Only icons version added to vertical multi widget homemenu[CR]- Added header label for hubs[CR]- Improvements on color-settings, blur settings[CR]- Switched to tmdbhelper for next aired info[CR]- More changes for matrix compatibility[CR][CR]1.1.1[CR]- First matrix version</news>
    </extension>
</addon>
