<?xml version="1.0" encoding="UTF-8"?>
<!-- Foundation -->
<includes>

    <include name="View_517_WallSmall_Dimensions_Normal">
        <right>44</right>
        <width>1806</width>
    </include>

    <include name="View_517_WallSmall_Dimensions_Poster">
        <right>0</right>
        <width>1406</width>
    </include>

    <include name="View_517_WallSmall">
        <control type="group">
            <include>Animation.Common</include>
            <visible>Control.IsVisible(517)</visible>
            <include>ViewSlideForJumpBar</include>
            <control type="panel" id="517">
                <visible>Container.Content(musicvideos) | Container.Content(movies) | Container.Content(tvshows) | Container.Content(sets)</visible>
                <top>206</top>
                <include condition="!Skin.HasSetting(ShowPoster517)">View_517_WallSmall_Dimensions_Normal</include>
                <include condition="Skin.HasSetting(ShowPoster517)">View_517_WallSmall_Dimensions_Poster</include>
                <height>672</height>
                <onleft condition="!Skin.HasSetting(global.kioskmode)">9000</onleft>
                <onright>1604</onright>
                <onup>517</onup>
                <ondown>517</ondown>
                <preloaditems>2</preloaditems>
                <pagecontrol>1604</pagecontrol>
                <include content="forced_view" condition="Skin.HasSetting(enable.forcedviews)">
                    <param name="string" value="$LOCALIZE[37782]" />
                </include>
                <viewtype label="37782">list</viewtype>
                <include>ScrolltimeViewsList</include>
                <itemlayout height="224" width="148">
                    <control type="group">
                        <height>212</height>
                        <include content="include.widget.poster">
                            <param name="id" value="517"/>
                            <param name="indicatorbackground" value="true"/>
                            <param name="height" value="212"/>
                        </include>
                    </control>
                </itemlayout>
                <focusedlayout height="224" width="148">
                    <control type="group">
                        <height>212</height>
                        <include content="include.widget.poster.focus">
                            <param name="id" value="517"/>
                            <param name="indicatorbackground" value="true"/>
                            <param name="height" value="212"/>
                        </include>
                    </control>
                </focusedlayout>
            </control>

            <!-- Scrollbar Start -->
            <control type="scrollbar" id="1604">
                <include content="scrollbar_vertical">
                    <param name="scrollid" value="1604"/>
                </include>
            </control>

            <!-- Scrollbar End -->
            <include condition="Skin.HasSetting(ShowPoster517)">View_50_SidePoster</include>
        </control>
    </include>
</includes>